EmployeeID,Age,Gender,Department,JobRole,JobLevel,MonthlyIncome,YearsAtCompany,YearsSinceLastPromotion,OverTime,DistanceFromHome,TrainingTimesLastYear,PerformanceRating,JobSatisfaction,WorkLifeBalance,EnvironmentSatisfaction,EngagementScore,PromotionLast5Years,Attrition
1,58,Male,Sales,HR Specialist,1,13897,2,3,No,5,4,3,2,1,4,0.1,1,0
2,48,Female,HR,Sales Executive,1,8784,8,6,Yes,30,9,3,2,3,3,0.05,1,1
3,34,Female,R&D,Analyst,2,11498,17,8,No,38,8,3,1,1,1,0.73,0,0
4,27,Female,Finance,Manager,5,13334,6,5,Yes,36,6,3,4,1,4,0.38,0,0
5,40,Male,Finance,Technician,3,7493,1,6,No,38,5,2,1,1,4,0.28,1,1
6,58,Male,HR,Consultant,3,2258,0,7,No,23,3,4,3,4,4,0.69,0,0
7,38,Male,HR,Consultant,2,8588,4,7,No,23,4,4,2,3,1,0.7,0,1
8,42,Female,Marketing,Sales Executive,3,11416,2,8,No,6,5,3,3,4,1,0.36,1,0
9,30,Female,HR,Technician,2,3665,6,9,No,23,7,3,4,2,4,0.95,1,0
10,30,Male,Marketing,HR Specialist,2,11595,5,1,No,15,8,3,2,2,1,0.4,1,0
11,43,Male,R&D,Technician,4,3865,0,6,No,1,1,3,4,4,2,0.38,0,1
12,55,Female,R&D,Sales Executive,1,2765,18,1,Yes,36,7,3,2,1,2,0.78,0,1
13,59,Female,Sales,Engineer,5,10256,19,6,No,39,7,3,1,2,1,0.82,0,1
14,43,Female,HR,Sales Executive,5,5449,13,8,No,28,6,4,4,2,3,0.29,0,1
15,22,Female,Sales,Analyst,1,4705,9,3,Yes,10,3,3,2,3,3,0.69,1,0
16,41,Male,IT,Sales Executive,5,7765,1,4,Yes,33,8,4,2,1,2,0.64,0,1
17,21,Female,R&D,Consultant,3,6974,10,4,No,24,6,4,1,4,2,0.03,0,0
18,43,Female,Finance,HR Specialist,3,2195,15,1,Yes,6,4,3,2,1,4,0.2,0,1
19,49,Male,Marketing,Sales Executive,5,3383,16,2,Yes,14,3,3,4,1,2,0.1,1,1
20,57,Male,IT,Sales Executive,4,4435,4,9,Yes,32,5,4,1,1,3,0.89,0,0
21,21,Female,Finance,HR Specialist,5,14352,17,0,Yes,19,5,3,2,2,2,0.96,0,1
22,40,Male,IT,Sales Executive,2,3450,15,2,No,6,8,3,4,2,4,0.82,0,0
23,52,Female,Sales,Consultant,2,10414,9,4,No,20,6,3,4,2,4,0.31,0,0
24,31,Female,Sales,HR Specialist,1,9924,5,8,No,25,0,4,1,4,3,0.86,0,0
25,41,Male,Marketing,Consultant,3,9058,7,0,No,20,3,3,4,4,3,0.06,1,0
26,44,Male,R&D,Consultant,4,9316,5,5,Yes,38,3,3,3,4,4,0.69,0,0
27,46,Female,Marketing,Consultant,5,7628,3,1,Yes,11,4,1,2,1,2,0.12,1,1
28,47,Male,Finance,Analyst,2,2441,4,5,Yes,32,4,3,3,4,1,0.01,0,0
29,35,Female,IT,HR Specialist,3,11629,5,9,Yes,29,9,2,4,3,1,0.18,0,1
30,34,Female,Marketing,Analyst,3,13379,14,5,No,30,3,3,2,2,3,0.96,0,0
31,22,Female,HR,Analyst,4,4367,5,0,No,29,2,3,2,1,3,0.75,1,0
32,56,Male,HR,HR Specialist,4,6865,18,4,No,22,5,1,3,1,2,0.52,0,0
33,26,Female,R&D,Sales Executive,4,11074,19,9,Yes,11,1,4,3,4,1,0.94,0,0
34,40,Female,Marketing,Technician,4,9159,7,1,No,20,8,3,1,1,2,0.42,0,1
35,28,Female,Finance,Engineer,2,2450,12,0,Yes,14,5,3,2,2,1,0.04,0,0
36,58,Male,HR,Technician,4,9039,3,8,No,27,4,2,3,1,3,0.59,0,0
37,37,Female,R&D,Consultant,3,7198,16,5,Yes,38,2,3,2,4,2,0.83,0,0
38,23,Female,Marketing,HR Specialist,3,10934,13,0,Yes,4,3,3,1,4,3,0.29,1,1
39,44,Female,R&D,Sales Executive,5,9286,17,9,Yes,7,5,3,3,3,2,0.32,1,1
40,33,Male,Finance,Analyst,3,11736,14,8,No,30,2,3,4,2,4,0.67,0,0
41,28,Female,HR,Manager,3,5350,18,8,No,10,9,3,1,2,4,0.8,1,1
42,45,Female,HR,Engineer,2,4829,10,6,Yes,7,6,4,2,1,2,0.43,0,1
43,21,Male,HR,Technician,3,4613,6,8,Yes,5,4,3,4,2,3,0.09,1,0
44,39,Male,Sales,Sales Executive,1,3915,0,0,Yes,4,9,2,4,1,4,0.75,0,0
45,47,Female,HR,Consultant,3,9212,2,2,Yes,36,0,2,1,1,3,0.43,1,1
46,26,Female,IT,Engineer,5,11440,18,7,Yes,15,8,3,1,1,2,0.91,0,0
47,27,Female,Sales,Consultant,5,2527,0,2,Yes,39,8,2,1,4,1,0.25,0,1
48,54,Male,Marketing,Manager,4,6819,3,7,No,38,0,2,1,2,2,0.46,0,1
49,33,Male,Sales,Manager,2,9879,10,2,No,36,3,1,2,1,4,0.71,0,0
50,36,Female,Sales,Manager,5,10432,6,3,Yes,2,3,2,1,3,3,0.25,1,0
51,55,Male,Sales,Technician,1,12334,6,3,No,15,9,3,4,1,3,0.23,0,0
52,59,Female,R&D,Consultant,1,10556,13,4,No,20,7,2,4,1,2,0.73,0,0
53,23,Female,IT,HR Specialist,4,3208,14,9,No,34,1,3,1,2,3,0.18,1,1
54,21,Male,Finance,Engineer,2,6120,4,9,No,13,6,3,1,1,2,0.12,0,1
55,25,Female,HR,HR Specialist,2,12557,13,3,No,25,7,2,1,2,2,0.26,0,1
56,23,Male,Sales,Consultant,3,8476,12,6,No,14,2,4,1,4,3,0.82,0,0
57,48,Male,Finance,Manager,1,4961,19,3,No,9,9,2,4,2,2,0.86,0,1
58,37,Female,R&D,Sales Executive,1,14849,17,0,Yes,35,2,2,1,2,4,0.1,1,1
59,45,Male,Finance,Manager,1,6776,0,4,No,22,8,3,2,3,3,0.11,1,1
60,53,Female,Sales,HR Specialist,1,12339,12,7,Yes,5,7,3,1,3,2,0.84,1,0
61,29,Male,Marketing,Manager,5,4417,19,5,No,37,0,4,2,3,4,0.95,1,0
62,55,Female,IT,Consultant,2,3616,6,3,No,14,1,1,1,3,1,0.48,1,0
63,33,Female,Finance,Manager,3,11227,5,3,Yes,17,3,2,2,2,2,0.85,0,1
64,50,Female,Sales,HR Specialist,5,10911,8,0,Yes,5,5,4,3,3,3,0.89,0,0
65,34,Male,Sales,HR Specialist,2,6682,9,9,No,13,2,3,2,2,1,0.36,1,1
66,27,Female,HR,Consultant,4,11165,2,0,No,31,3,1,4,3,4,0.5,1,1
67,33,Male,Marketing,Sales Executive,1,8825,6,2,Yes,10,3,3,3,4,3,0.57,0,1
68,42,Male,HR,HR Specialist,3,3846,10,3,No,23,9,2,3,3,1,0.77,0,0
69,59,Male,Marketing,Consultant,2,3371,11,3,No,29,6,4,2,3,2,0.46,1,0
70,40,Male,IT,Sales Executive,4,3466,11,1,No,16,6,4,3,1,1,0.51,1,0
71,35,Male,HR,Analyst,1,10882,12,8,Yes,17,6,4,3,1,3,0.07,1,0
72,37,Female,IT,Consultant,4,2087,7,7,No,7,3,1,4,1,2,0.05,0,0
73,43,Male,R&D,Analyst,4,4512,3,2,No,14,4,4,4,2,4,0.74,0,0
74,45,Female,R&D,HR Specialist,5,14040,19,1,Yes,9,3,3,4,3,4,0.48,0,1
75,44,Female,Marketing,Manager,4,10685,0,0,No,7,8,3,3,4,1,0.09,1,1
76,48,Male,Marketing,Engineer,5,3245,5,9,No,14,3,3,1,1,4,0.24,0,1
77,34,Female,HR,Manager,5,8116,1,8,No,16,0,3,4,2,4,0.68,1,1
78,20,Female,R&D,HR Specialist,4,11333,13,4,No,10,7,2,1,4,1,0.5,0,0
79,44,Male,Finance,Sales Executive,2,6231,17,7,No,5,5,3,4,1,2,0.79,0,0
80,26,Female,Finance,Consultant,4,2977,9,3,Yes,7,1,2,2,4,3,0.39,0,0
81,28,Male,Finance,Manager,4,12426,0,1,Yes,22,0,4,2,2,2,0.12,0,1
82,43,Male,R&D,Analyst,2,10733,2,4,Yes,24,9,3,1,2,2,0.27,1,0
83,20,Male,Finance,Technician,1,8722,19,7,Yes,22,6,4,4,4,3,0.11,1,1
84,27,Female,IT,HR Specialist,3,11594,3,5,No,35,7,3,2,1,1,0.48,1,0
85,43,Female,Sales,Manager,1,11002,17,7,No,3,9,2,4,2,1,0.47,0,1
86,30,Female,Marketing,Technician,4,6507,7,2,No,7,8,4,2,4,2,0.07,0,1
87,36,Female,HR,Manager,1,5492,8,4,No,19,3,3,4,1,3,0.19,1,0
88,27,Male,IT,Sales Executive,3,14504,18,1,No,8,6,2,4,3,1,0.97,0,0
89,54,Male,Finance,Sales Executive,1,6925,1,2,Yes,23,4,4,1,3,1,0.98,0,0
90,54,Female,Sales,Sales Executive,3,3133,8,6,No,20,1,4,1,4,2,0.34,0,1
91,52,Male,HR,Technician,1,14572,2,0,No,33,2,3,4,2,2,0.14,0,0
92,24,Female,IT,Engineer,5,6865,1,7,No,6,7,4,1,4,1,0.19,1,0
93,58,Male,HR,Technician,4,9769,6,4,Yes,15,9,3,1,1,3,0.08,0,0
94,47,Male,Marketing,HR Specialist,3,10760,16,1,No,5,4,3,3,3,3,0.09,0,1
95,26,Male,R&D,HR Specialist,4,5000,16,2,Yes,14,2,4,1,2,2,0.19,1,0
96,28,Male,Finance,Analyst,5,11513,8,3,Yes,9,7,1,1,3,3,0.47,0,1
97,27,Male,IT,Analyst,1,9666,0,1,No,26,6,3,1,1,3,0.71,0,0
98,31,Female,IT,HR Specialist,4,8704,0,9,No,32,6,3,1,4,2,0.16,0,0
99,53,Female,Sales,Manager,1,12936,7,4,Yes,31,6,3,1,2,1,0.42,0,1
100,52,Male,Sales,HR Specialist,1,14817,16,6,Yes,6,4,3,3,4,1,0.09,0,1
101,42,Female,Sales,Consultant,4,9365,7,8,No,1,3,3,4,2,2,0.62,0,0
102,43,Male,HR,Engineer,3,13770,18,0,No,19,5,4,1,4,3,0.43,0,1
103,56,Male,Finance,Analyst,3,8632,3,9,Yes,15,5,4,3,4,2,0.8,0,1
104,54,Male,HR,Analyst,4,3767,17,5,Yes,34,5,3,3,2,1,0.88,0,1
105,59,Male,Finance,Consultant,3,4074,12,5,No,19,7,3,4,4,2,0.24,1,0
106,41,Female,IT,Consultant,2,12235,6,0,No,11,5,3,3,2,2,0.4,0,1
107,46,Male,HR,Technician,1,3141,2,1,Yes,18,9,4,4,2,1,0.5,1,1
108,54,Female,HR,Consultant,4,3077,13,7,Yes,24,3,2,4,3,4,1.0,1,1
109,20,Male,HR,Analyst,5,6599,8,5,Yes,9,9,4,2,2,4,0.92,1,0
110,54,Male,R&D,HR Specialist,4,8120,2,0,Yes,11,9,3,4,4,2,0.97,1,0
111,56,Female,Marketing,Analyst,4,10343,6,9,No,4,3,3,4,4,2,0.46,1,0
112,33,Male,Finance,Consultant,1,6832,14,9,No,18,4,4,4,3,1,1.0,0,0
113,22,Male,Finance,Consultant,5,10670,3,5,No,23,6,3,4,3,3,0.03,0,0
114,20,Female,HR,Consultant,1,13425,4,9,Yes,37,0,1,3,2,2,0.97,0,1
115,24,Female,R&D,Analyst,3,3685,8,6,No,1,0,3,1,4,3,0.19,0,0
116,45,Female,HR,Consultant,4,5491,2,1,No,25,4,2,1,2,3,0.98,1,0
117,33,Male,Finance,Technician,1,3371,15,3,Yes,9,4,3,2,1,3,0.45,0,0
118,58,Male,Marketing,HR Specialist,2,7459,15,6,Yes,39,0,1,1,4,3,0.58,1,0
119,46,Female,Marketing,Manager,4,14092,18,5,Yes,1,6,3,3,1,2,0.91,1,0
120,28,Female,IT,Consultant,3,12793,8,7,Yes,17,6,2,3,4,1,0.98,0,0
121,34,Male,R&D,Analyst,1,5423,19,5,Yes,3,3,1,3,1,2,0.17,1,0
122,34,Male,Marketing,Analyst,1,11888,0,1,No,23,1,1,4,3,4,0.61,0,1
123,45,Female,R&D,Consultant,2,13849,16,0,Yes,1,1,4,3,1,3,0.69,1,1
124,32,Female,HR,Analyst,3,5976,11,4,No,24,3,2,2,4,3,0.71,0,0
125,51,Female,IT,Consultant,2,3398,8,9,No,13,1,3,3,3,2,0.21,0,1
126,58,Female,Finance,Engineer,4,14172,4,9,Yes,20,0,3,4,4,3,0.07,0,0
127,51,Male,Marketing,HR Specialist,5,7361,14,8,No,20,0,3,1,3,4,0.38,0,1
128,23,Male,Marketing,Consultant,1,3401,12,1,Yes,12,7,3,4,4,3,0.81,0,0
129,49,Male,Sales,Analyst,2,11900,18,6,No,17,1,3,4,3,2,0.97,0,0
130,56,Male,Finance,Engineer,1,3412,2,8,No,21,8,4,1,4,2,0.44,1,1
131,42,Female,Marketing,Manager,1,8430,1,3,No,24,1,3,3,2,1,0.91,0,0
132,58,Male,Marketing,Manager,2,5230,12,3,Yes,30,3,3,2,3,3,0.72,0,0
133,34,Female,Finance,Technician,1,9521,6,9,No,23,6,3,2,4,4,0.12,0,0
134,48,Male,IT,Consultant,3,7849,8,4,No,23,6,3,3,1,3,0.35,0,0
135,55,Male,R&D,Technician,3,12694,9,5,No,17,9,3,3,1,2,0.74,0,0
136,32,Male,Finance,Technician,5,8056,0,6,No,2,7,2,3,1,4,0.45,0,0
137,51,Female,R&D,Engineer,3,6722,15,8,No,24,2,2,1,1,4,0.66,0,1
138,26,Male,IT,Manager,2,10109,10,5,Yes,33,0,2,1,3,2,0.76,1,0
139,41,Female,IT,Technician,3,3264,7,2,Yes,15,3,4,2,4,4,0.98,0,1
140,47,Female,HR,Sales Executive,5,4259,12,1,No,32,2,3,4,1,3,0.92,0,0
141,21,Male,Sales,Technician,4,2362,15,5,No,34,3,3,1,3,4,0.34,0,0
142,25,Female,IT,Manager,4,12837,2,8,No,22,5,3,2,2,2,0.8,1,1
143,47,Male,IT,Sales Executive,2,8276,12,2,No,31,0,3,2,1,4,0.37,0,0
144,47,Female,R&D,Engineer,5,11724,16,3,No,15,0,2,2,3,2,0.65,0,1
145,39,Male,IT,Consultant,3,8420,5,2,Yes,20,1,3,1,3,2,0.06,1,0
146,49,Female,Finance,Consultant,5,7384,9,6,No,23,9,4,1,4,3,0.78,1,0
147,30,Female,HR,Sales Executive,1,8748,8,3,Yes,31,9,3,2,3,4,0.99,0,1
148,47,Male,HR,Manager,5,14944,17,5,Yes,2,2,3,4,1,3,0.54,0,1
149,44,Male,Finance,Analyst,3,11575,16,5,Yes,13,4,3,2,1,1,0.93,0,1
150,58,Male,Marketing,Sales Executive,2,9831,6,8,No,32,8,2,4,1,1,0.87,1,0
151,52,Male,IT,Manager,1,2666,1,4,Yes,16,5,3,3,3,1,0.01,0,0
152,20,Female,Sales,Technician,5,4812,10,6,No,15,4,3,2,3,1,0.09,0,0
153,46,Female,IT,Analyst,4,4475,17,0,Yes,25,7,2,2,2,3,0.44,0,0
154,32,Female,HR,Engineer,3,8973,2,7,No,12,0,3,3,3,2,0.26,0,0
155,22,Female,Sales,Consultant,2,5100,13,1,Yes,28,6,4,2,3,3,0.4,0,0
156,58,Male,Marketing,Engineer,3,5401,19,3,Yes,12,7,4,1,2,4,0.51,0,0
157,25,Female,R&D,HR Specialist,5,7015,12,9,No,21,8,3,1,1,3,0.48,0,0
158,27,Male,R&D,Engineer,2,13297,16,6,No,12,8,3,2,3,3,0.16,0,1
159,46,Female,IT,HR Specialist,4,4551,10,5,Yes,16,7,3,3,2,1,0.15,0,0
160,28,Male,IT,Engineer,1,14091,6,3,No,10,9,3,3,4,4,0.41,0,0
161,56,Male,Sales,Engineer,5,4151,2,7,Yes,10,2,2,1,3,2,0.69,0,0
162,52,Male,Sales,Engineer,2,8637,2,6,Yes,2,5,2,1,2,2,0.59,0,1
163,43,Male,Marketing,HR Specialist,1,2387,1,5,No,27,4,3,3,4,3,0.09,0,0
164,34,Male,IT,Technician,2,7864,15,4,No,30,2,3,4,4,1,0.28,0,0
165,51,Female,HR,HR Specialist,5,5161,10,4,No,33,1,3,4,1,3,0.41,0,0
166,51,Male,R&D,Sales Executive,2,4380,13,6,No,16,1,3,2,4,2,0.33,1,0
167,43,Female,Marketing,Manager,4,10568,2,5,Yes,10,9,3,2,3,2,0.45,1,0
168,31,Female,Sales,Manager,2,6335,6,3,Yes,15,9,3,4,4,4,0.44,1,0
169,58,Male,HR,Technician,5,14469,7,6,Yes,26,9,2,4,2,4,0.83,1,1
170,21,Female,IT,Manager,2,3280,12,4,No,15,3,3,2,1,3,0.83,1,1
171,22,Female,Finance,Engineer,1,2743,18,6,Yes,6,8,2,2,2,4,0.94,0,1
172,56,Female,Sales,Technician,1,9356,10,6,No,17,1,1,4,4,4,0.52,1,1
173,36,Male,Marketing,Manager,3,5486,0,1,Yes,1,4,1,3,2,2,0.28,0,0
174,21,Male,Finance,HR Specialist,3,10023,18,3,No,23,7,1,3,3,1,0.69,0,0
175,21,Male,HR,Sales Executive,4,3068,12,9,Yes,34,9,3,3,1,2,0.76,0,0
176,47,Male,R&D,Analyst,1,11200,16,3,No,35,1,4,2,4,3,0.35,0,1
177,42,Female,HR,Sales Executive,3,8971,8,6,No,25,6,1,2,3,2,0.82,0,1
178,56,Female,R&D,Manager,2,14885,18,7,Yes,1,5,3,4,4,3,0.69,0,1
179,51,Female,HR,Technician,4,14488,18,0,No,25,0,3,4,1,3,0.97,0,0
180,52,Female,Sales,Consultant,5,9526,5,6,No,38,6,4,1,3,1,0.35,1,1
181,20,Female,Sales,Manager,3,10534,6,5,Yes,16,9,4,3,4,3,0.92,0,0
182,38,Female,Marketing,HR Specialist,3,13475,4,9,Yes,12,8,4,3,1,3,0.35,0,1
183,21,Male,Finance,Sales Executive,1,2630,7,0,No,10,0,3,2,2,4,0.87,0,0
184,45,Female,HR,Consultant,4,2297,13,7,Yes,27,1,1,2,1,2,0.33,0,1
185,51,Female,HR,HR Specialist,1,10148,17,4,Yes,39,6,3,2,4,4,0.91,0,0
186,25,Female,Finance,HR Specialist,1,10889,19,6,No,7,0,3,2,4,2,0.02,0,0
187,51,Male,IT,Analyst,4,7316,2,7,Yes,6,1,1,3,2,4,0.41,0,0
188,23,Female,Marketing,HR Specialist,2,3505,7,6,Yes,11,2,3,4,2,4,0.05,1,0
189,30,Female,HR,Consultant,3,12952,13,9,Yes,24,1,1,2,3,4,0.41,0,1
190,36,Male,Marketing,HR Specialist,1,4825,13,0,Yes,25,1,3,1,4,4,0.42,0,0
191,57,Female,HR,Analyst,3,10570,6,5,No,37,1,2,2,1,4,0.91,0,0
192,43,Male,HR,Engineer,4,12987,5,0,Yes,3,6,3,1,3,4,0.8,0,0
193,24,Male,IT,Consultant,2,10897,5,3,No,4,9,3,4,1,4,0.27,1,1
194,53,Female,Sales,Engineer,5,4414,11,3,Yes,4,3,2,1,1,4,0.84,0,0
195,25,Female,Marketing,Consultant,2,7656,14,7,Yes,1,3,4,4,4,2,0.18,1,1
196,41,Male,Finance,Technician,4,10962,18,5,No,30,7,3,2,3,4,0.69,1,0
197,30,Female,Marketing,Analyst,2,14193,3,6,Yes,15,4,3,2,4,1,0.28,0,1
198,35,Female,IT,Technician,5,11286,2,9,Yes,31,0,2,1,1,4,0.97,0,0
199,52,Male,R&D,Technician,1,7147,12,6,No,37,1,2,4,4,1,0.93,0,1
200,28,Male,R&D,HR Specialist,2,13656,15,6,Yes,5,9,4,2,3,2,0.3,0,1
201,25,Female,IT,Technician,4,13786,12,9,Yes,21,2,3,1,2,4,0.03,1,1
202,35,Male,IT,Manager,2,6444,9,1,No,35,3,2,1,2,1,0.65,1,0
203,48,Female,Sales,Consultant,5,9547,12,5,Yes,4,8,4,4,1,2,0.16,0,0
204,22,Female,Marketing,Sales Executive,4,11423,7,7,Yes,7,9,3,2,3,4,0.12,0,1
205,39,Female,Marketing,Manager,2,3446,11,7,Yes,29,9,3,4,1,1,0.91,1,1
206,55,Female,R&D,Manager,4,14380,7,3,No,36,4,2,1,2,3,0.56,0,0
207,38,Male,Finance,HR Specialist,5,4402,8,6,Yes,35,5,4,1,1,4,0.93,0,1
208,45,Female,Marketing,Sales Executive,1,7642,9,8,No,32,2,3,1,2,2,0.26,0,1
209,22,Male,HR,Technician,5,3826,6,7,No,11,1,3,4,4,2,0.33,0,0
210,38,Female,HR,Sales Executive,1,9918,2,1,No,33,1,1,4,4,4,0.94,0,0
211,39,Female,Sales,Technician,3,5847,4,7,No,17,5,3,3,4,1,0.45,0,0
212,51,Male,Sales,Engineer,5,3092,2,2,No,12,5,3,2,2,1,0.23,1,0
213,26,Female,R&D,Analyst,1,6677,17,3,Yes,1,6,4,2,4,4,0.42,0,0
214,52,Male,Finance,HR Specialist,3,3720,18,2,No,23,8,2,3,4,3,0.35,0,0
215,59,Male,Finance,Technician,3,2882,9,7,No,7,2,3,1,2,1,0.79,0,0
216,58,Female,IT,Technician,3,2123,8,3,Yes,14,6,2,3,3,2,0.41,0,0
217,37,Female,Sales,Sales Executive,4,5490,6,0,Yes,7,6,3,4,3,4,0.08,0,1
218,59,Female,Marketing,HR Specialist,5,13786,0,8,No,14,7,1,1,2,3,0.61,0,0
219,20,Female,HR,Consultant,5,7797,9,8,No,34,4,4,2,4,2,0.89,0,1
220,30,Male,Marketing,Technician,5,2602,1,0,No,2,2,3,2,2,1,0.91,0,0
221,47,Female,HR,Engineer,5,5831,5,7,Yes,20,1,3,2,2,2,0.48,1,1
222,44,Female,R&D,Manager,4,7460,5,1,Yes,17,3,3,4,2,4,0.01,1,1
223,42,Female,HR,Technician,5,10496,7,6,No,10,7,3,1,3,3,0.6,0,0
224,50,Female,Marketing,Sales Executive,1,8946,17,0,No,5,4,3,3,3,4,0.47,0,0
225,49,Female,Marketing,Consultant,3,5228,6,5,Yes,33,0,3,4,3,2,0.94,0,0
226,54,Male,Finance,Engineer,4,13351,17,9,No,37,2,3,4,4,4,0.89,0,1
227,26,Female,Finance,HR Specialist,4,11443,0,9,Yes,36,4,2,3,3,1,0.9,0,0
228,35,Male,Sales,Technician,5,11128,13,7,No,11,5,2,3,1,2,0.78,0,0
229,45,Female,Marketing,Engineer,3,8508,19,5,No,21,1,4,1,1,4,0.25,0,0
230,21,Female,R&D,Engineer,1,13909,6,8,No,4,7,3,2,3,2,0.58,1,0
231,20,Female,HR,Consultant,3,4313,19,0,Yes,25,6,3,2,4,3,0.85,1,0
232,31,Male,Sales,Engineer,2,12323,6,8,Yes,35,6,3,4,1,4,0.79,1,0
233,24,Female,IT,Engineer,3,13475,3,2,No,35,6,3,2,2,4,0.82,0,1
234,56,Male,IT,Consultant,1,5289,4,1,No,35,4,4,2,1,4,0.48,1,1
235,51,Male,HR,Consultant,1,8996,0,7,Yes,39,1,3,3,3,1,0.27,1,0
236,28,Female,HR,Consultant,1,6844,19,9,No,33,7,1,2,4,3,0.06,1,0
237,54,Male,HR,Engineer,4,4198,2,4,No,13,2,2,2,4,3,0.28,0,1
238,38,Female,Finance,Engineer,4,10877,12,0,Yes,4,2,4,2,3,3,0.02,0,0
239,35,Female,HR,Analyst,2,6235,6,0,No,38,1,3,2,2,1,0.33,0,0
240,22,Male,IT,HR Specialist,3,10246,5,1,No,30,1,4,1,3,4,0.95,1,1
241,39,Female,HR,Manager,5,5212,5,6,Yes,27,1,3,4,3,2,0.27,0,0
242,43,Female,Marketing,HR Specialist,2,6169,1,1,Yes,35,5,3,1,3,1,0.93,0,0
243,52,Male,R&D,Sales Executive,5,5206,15,8,No,28,7,1,3,4,2,0.97,1,0
244,43,Male,IT,Sales Executive,5,13147,5,5,Yes,8,2,2,2,3,3,0.1,0,1
245,30,Male,R&D,Consultant,2,12136,7,3,Yes,26,5,3,1,4,2,0.81,0,0
246,27,Male,IT,HR Specialist,3,2641,10,3,Yes,34,2,1,3,3,1,0.95,0,0
247,55,Male,Sales,Engineer,5,6839,17,2,Yes,29,8,3,1,3,1,0.21,1,1
248,57,Male,Marketing,Analyst,4,8169,5,8,Yes,2,0,4,4,1,1,0.39,0,1
249,59,Female,IT,Manager,4,9655,13,1,No,6,6,1,3,3,2,0.84,0,0
250,39,Male,Marketing,Technician,2,2061,14,8,No,16,7,3,4,2,2,0.14,1,0
251,54,Male,IT,Technician,5,3223,10,2,Yes,7,8,3,3,4,1,0.56,1,0
252,44,Female,R&D,Engineer,2,12729,14,3,Yes,11,4,1,2,4,1,0.24,0,0
253,54,Female,R&D,HR Specialist,4,2492,12,8,No,16,5,2,3,1,2,0.77,0,0
254,44,Male,IT,Technician,2,8822,5,2,No,6,4,3,2,3,3,0.62,1,0
255,48,Male,IT,HR Specialist,5,8611,3,5,No,37,9,4,2,1,1,0.62,0,0
256,37,Female,Finance,Analyst,5,3139,13,4,Yes,9,4,3,2,4,2,0.92,0,1
257,37,Male,Marketing,Analyst,4,7490,12,5,No,3,6,1,3,3,1,0.67,0,1
258,21,Male,Marketing,Consultant,1,8794,9,4,No,29,3,3,4,3,4,0.15,0,1
259,54,Female,Marketing,HR Specialist,1,3255,11,2,Yes,8,5,4,3,1,3,0.17,0,0
260,35,Male,Marketing,Consultant,3,4495,7,1,Yes,17,3,4,3,1,3,0.27,1,1
261,55,Female,Sales,Engineer,4,5285,19,9,No,38,1,4,2,2,4,0.04,0,1
262,52,Male,Sales,Consultant,3,4255,4,8,Yes,6,1,4,3,1,4,0.37,0,0
263,23,Female,HR,Engineer,4,11193,1,3,Yes,11,3,2,1,3,4,0.38,0,1
264,52,Female,IT,Engineer,5,3125,19,9,Yes,10,4,3,2,3,3,0.71,0,0
265,33,Female,IT,Technician,4,5881,11,5,No,2,0,2,4,4,2,0.33,0,1
266,40,Male,IT,Manager,2,6105,5,8,No,29,2,3,1,2,3,0.86,1,1
267,39,Female,IT,Manager,3,13736,14,4,No,6,4,3,3,4,4,0.38,1,0
268,27,Male,Marketing,Engineer,4,3146,17,6,No,9,7,3,4,1,1,1.0,0,0
269,26,Female,Marketing,HR Specialist,3,2786,17,4,No,2,3,3,1,4,4,0.48,0,1
270,22,Female,Sales,Analyst,4,12243,9,8,No,4,5,3,4,1,4,0.89,1,0
271,36,Female,R&D,Consultant,1,2258,6,1,Yes,30,3,3,1,2,3,0.22,0,1
272,52,Male,Finance,Sales Executive,3,5849,9,2,No,4,4,3,1,1,4,0.0,1,0
273,31,Male,Marketing,Analyst,5,8430,4,4,No,1,6,3,4,1,1,0.51,0,0
274,41,Female,Marketing,Analyst,5,8174,15,1,No,11,7,2,4,1,1,0.51,1,1
275,41,Male,Marketing,Sales Executive,4,6616,18,5,Yes,7,9,3,2,1,4,0.95,0,1
276,49,Male,R&D,Engineer,5,10180,2,9,Yes,18,9,4,3,3,4,0.2,0,0
277,57,Male,R&D,Analyst,5,2715,6,2,No,8,7,3,2,1,1,0.2,0,0
278,57,Female,Sales,Sales Executive,3,3643,18,4,Yes,30,6,4,4,2,1,0.42,1,1
279,27,Male,Marketing,Consultant,4,2123,11,4,Yes,15,3,3,4,2,1,0.52,0,1
280,46,Female,Finance,Technician,3,3773,9,9,No,10,3,3,3,4,3,0.64,0,0
281,46,Female,IT,HR Specialist,4,11113,4,7,Yes,2,1,2,4,4,2,0.29,0,0
282,53,Female,Marketing,HR Specialist,5,4177,1,8,Yes,15,8,4,2,2,3,0.26,0,1
283,40,Male,Sales,HR Specialist,4,8889,2,3,No,22,5,2,1,1,3,0.84,0,0
284,49,Female,Sales,Engineer,4,3503,13,9,Yes,34,2,3,1,3,2,0.5,0,0
285,52,Male,Finance,Analyst,2,7661,14,0,Yes,3,2,3,2,2,3,0.93,0,0
286,47,Male,HR,Analyst,4,9094,19,4,No,4,0,3,1,2,2,0.68,1,0
287,52,Female,Sales,Manager,2,12044,12,3,No,25,1,1,1,3,4,0.06,0,1
288,24,Female,R&D,HR Specialist,3,4124,16,4,Yes,5,4,2,3,2,4,0.11,0,1
289,38,Female,R&D,Engineer,2,5254,19,8,Yes,12,8,2,4,1,1,0.87,0,1
290,23,Male,IT,Sales Executive,3,4413,3,7,No,24,2,4,3,4,3,0.21,0,0
291,54,Male,Sales,Engineer,4,6387,18,7,Yes,19,6,4,2,2,4,0.17,1,0
292,36,Female,IT,Analyst,3,8089,14,7,Yes,32,5,3,3,1,1,0.89,0,0
293,47,Female,Sales,Consultant,5,7833,14,0,Yes,12,2,4,2,3,1,0.95,0,1
294,49,Male,Finance,Consultant,4,2156,8,6,Yes,37,3,3,2,3,2,0.65,1,1
295,48,Male,Marketing,Consultant,2,11315,2,3,No,27,4,3,3,2,3,0.1,0,0
296,25,Female,Sales,HR Specialist,1,7003,1,5,No,18,1,4,2,1,1,0.02,0,0
297,54,Male,HR,Manager,4,7753,6,3,No,25,7,3,1,4,4,0.6,1,1
298,56,Male,R&D,Technician,5,2917,8,4,Yes,23,6,1,1,3,1,0.06,0,1
299,43,Male,Finance,Engineer,3,8253,4,4,Yes,3,8,3,1,2,1,0.55,0,0
300,48,Male,Marketing,Manager,2,3702,16,0,No,2,7,2,2,2,4,0.4,0,1
301,50,Male,Marketing,Consultant,2,3665,2,5,Yes,11,6,2,3,2,2,0.03,0,1
302,54,Male,R&D,Analyst,5,7389,8,9,No,37,8,4,2,3,2,0.95,1,0
303,52,Female,Marketing,Sales Executive,5,14425,7,7,No,30,9,3,1,1,4,0.01,0,0
304,40,Male,IT,Engineer,4,9163,8,4,Yes,13,4,3,4,4,1,0.35,0,0
305,51,Female,Finance,Technician,1,7807,16,9,Yes,6,2,2,1,4,3,0.81,0,1
306,42,Female,HR,Analyst,1,4111,7,5,No,12,5,2,1,1,2,0.97,0,1
307,52,Male,R&D,HR Specialist,3,5714,13,4,Yes,39,8,3,3,1,1,0.05,1,0
308,22,Female,Sales,Engineer,2,12746,15,0,No,8,5,3,1,4,1,0.95,1,0
309,37,Female,Sales,Manager,4,8983,17,4,Yes,9,2,4,2,2,4,0.34,0,0
310,44,Female,Sales,Consultant,2,7110,16,1,No,4,1,3,1,4,2,0.16,0,1
311,50,Male,Finance,Engineer,4,13216,6,3,Yes,37,4,1,4,1,1,0.82,0,0
312,22,Female,HR,Analyst,5,14227,19,1,Yes,36,7,2,3,3,4,0.64,1,1
313,59,Male,Marketing,Analyst,3,13028,14,7,Yes,32,7,2,2,2,4,0.1,1,1
314,43,Female,HR,Consultant,5,4397,6,6,No,12,0,3,1,3,3,0.62,0,1
315,51,Female,HR,Manager,2,12386,1,8,No,18,2,1,3,4,4,0.82,0,0
316,41,Female,R&D,Technician,3,7454,1,3,Yes,31,4,3,3,3,4,0.55,1,0
317,42,Female,Finance,Analyst,4,3555,6,4,Yes,39,0,4,4,4,2,0.34,0,0
318,21,Male,Sales,Engineer,4,13817,18,8,Yes,29,5,3,1,3,2,0.21,0,1
319,46,Female,R&D,Consultant,3,13101,5,8,Yes,29,3,3,3,1,4,0.75,0,0
320,21,Female,Marketing,Technician,5,6502,11,1,No,27,8,3,1,4,3,0.4,0,0
321,45,Male,HR,Manager,3,2343,14,0,Yes,11,1,3,2,2,1,0.83,0,1
322,36,Male,Sales,Analyst,5,14939,12,2,Yes,33,9,2,2,2,4,0.76,0,1
323,59,Male,Finance,Consultant,3,3544,6,9,No,39,4,3,3,3,4,0.75,1,0
324,52,Female,IT,Analyst,5,5996,6,0,Yes,18,4,3,2,2,2,0.79,0,1
325,28,Male,HR,Engineer,1,8848,14,5,Yes,20,5,2,4,2,3,0.56,1,1
326,58,Male,HR,Analyst,3,13010,3,7,Yes,28,4,4,1,1,3,0.78,0,1
327,48,Male,HR,Consultant,5,10230,2,3,No,22,9,4,2,2,1,0.88,1,1
328,45,Male,HR,Engineer,2,6382,0,3,Yes,32,9,3,2,3,2,0.3,0,0
329,54,Male,Sales,HR Specialist,2,10046,6,9,Yes,21,8,3,1,2,2,0.25,0,0
330,44,Male,Finance,Consultant,3,6986,8,0,No,37,0,3,4,4,4,0.46,0,1
331,43,Female,R&D,Technician,3,14949,0,8,No,27,7,3,1,4,4,0.55,1,0
332,32,Male,Sales,Engineer,4,5423,4,9,Yes,38,5,2,3,4,3,0.03,0,1
333,26,Female,Finance,Sales Executive,5,11220,14,7,No,26,8,3,1,3,4,0.18,0,1
334,55,Male,R&D,Analyst,3,2235,3,2,No,23,9,3,4,2,3,0.02,0,0
335,39,Male,HR,HR Specialist,2,9993,9,2,No,34,6,4,1,3,2,0.56,0,1
336,20,Male,Finance,Technician,2,11160,1,9,Yes,12,2,3,4,4,1,0.77,0,1
337,27,Female,HR,Manager,2,7224,6,3,Yes,11,7,3,4,4,1,0.83,0,0
338,35,Male,Finance,Sales Executive,5,3230,18,3,No,36,9,4,2,3,1,0.56,0,1
339,33,Male,Marketing,Manager,1,2238,5,1,No,32,2,3,1,2,3,0.04,1,1
340,31,Male,IT,Consultant,3,12046,14,3,Yes,39,2,3,4,3,3,0.59,1,1
341,42,Male,HR,Sales Executive,1,6924,19,1,Yes,37,3,3,1,1,1,0.4,0,1
342,34,Female,HR,HR Specialist,5,2051,11,6,Yes,16,2,2,2,1,2,0.85,1,0
343,47,Female,HR,Technician,3,12347,10,4,Yes,31,5,3,3,3,3,0.41,0,0
344,53,Female,Marketing,HR Specialist,4,11572,2,6,No,6,6,1,1,3,3,0.72,0,1
345,21,Female,Sales,HR Specialist,3,3056,19,5,No,13,2,4,4,3,2,0.19,1,1
346,51,Female,R&D,Sales Executive,3,10213,16,1,Yes,36,2,3,4,2,4,0.92,0,0
347,42,Male,HR,Engineer,3,10498,6,1,Yes,11,6,3,2,4,3,0.3,0,1
348,41,Male,HR,Technician,3,14298,17,0,No,11,9,3,3,1,3,0.01,0,1
349,44,Male,Sales,Manager,3,9609,16,0,Yes,20,8,3,4,2,1,0.08,0,1
350,41,Female,Sales,Engineer,5,4609,15,4,No,29,2,2,3,2,1,0.23,0,0
351,41,Male,IT,Engineer,3,14485,1,4,Yes,19,5,4,4,4,4,0.17,1,1
352,25,Female,Finance,Analyst,5,5600,4,6,Yes,30,4,4,4,1,2,0.19,1,1
353,34,Male,HR,Consultant,3,3965,12,0,Yes,6,7,2,3,2,1,0.58,1,1
354,56,Female,Finance,Manager,3,8532,10,4,No,17,8,3,4,4,3,0.47,0,0
355,52,Male,Sales,Sales Executive,5,14838,0,1,No,18,7,2,3,2,1,0.71,1,0
356,27,Male,Sales,Consultant,3,5578,2,9,No,36,0,3,2,1,4,0.79,0,1
357,24,Male,IT,Analyst,2,7561,17,0,No,18,6,2,3,3,1,0.52,1,0
358,58,Male,R&D,Analyst,3,4543,3,6,Yes,12,7,3,2,2,3,0.59,0,1
359,23,Female,Marketing,Consultant,4,2504,8,2,Yes,3,4,3,3,2,3,0.78,0,0
360,25,Male,Marketing,HR Specialist,5,10328,10,8,No,18,3,2,2,2,4,0.09,0,0
361,51,Male,Marketing,Sales Executive,3,7084,16,4,No,16,6,4,3,1,4,0.43,0,0
362,49,Male,Sales,Engineer,3,11494,10,4,No,39,5,3,2,3,4,0.53,0,0
363,54,Female,HR,Technician,5,6014,2,4,Yes,28,1,4,1,3,3,0.6,0,1
364,59,Male,IT,Engineer,1,8307,18,8,Yes,9,8,1,4,2,1,0.54,0,1
365,35,Male,R&D,Engineer,2,5614,19,9,No,20,2,3,1,2,1,0.35,1,1
366,32,Male,Marketing,HR Specialist,2,7142,10,0,No,18,0,4,2,4,1,0.29,0,0
367,49,Male,IT,Engineer,3,8071,13,4,No,25,2,4,3,2,2,0.44,0,0
368,38,Male,Sales,Manager,5,6806,5,9,Yes,21,0,2,1,4,1,0.07,0,1
369,36,Female,Marketing,Engineer,4,2506,18,5,Yes,26,9,3,1,4,4,0.47,1,0
370,38,Female,R&D,Engineer,3,14973,14,8,Yes,23,6,3,2,1,2,0.97,0,0
371,47,Female,Finance,Manager,2,11725,10,2,No,10,5,3,2,2,3,0.05,0,1
372,45,Male,R&D,HR Specialist,3,13833,17,0,Yes,13,7,4,2,2,3,0.15,0,1
373,56,Female,HR,Analyst,5,6003,3,7,Yes,37,3,4,2,1,2,0.63,0,1
374,45,Male,Marketing,Sales Executive,4,10899,18,8,Yes,12,5,3,2,3,3,0.71,1,0
375,42,Male,Marketing,HR Specialist,1,11815,2,5,Yes,36,2,3,1,4,3,0.48,0,0
376,28,Male,Finance,Engineer,4,9611,11,4,No,3,3,3,2,3,2,0.92,0,0
377,31,Male,Finance,Analyst,3,14429,3,7,Yes,14,5,3,3,4,2,0.48,0,1
378,20,Female,Marketing,Sales Executive,2,12520,11,5,Yes,35,4,4,2,2,4,0.11,1,1
379,20,Female,HR,Sales Executive,5,13206,0,5,No,34,1,2,4,3,4,0.48,0,0
380,53,Female,Finance,Sales Executive,3,3707,15,8,Yes,29,8,4,4,1,1,0.51,0,0
381,51,Male,Sales,Manager,1,10493,1,8,No,30,1,4,4,4,1,0.43,0,0
382,44,Female,Marketing,Manager,5,4444,2,0,No,7,7,3,3,1,2,0.91,0,0
383,59,Female,R&D,Analyst,5,10509,15,1,Yes,2,4,3,1,4,4,0.48,0,0
384,20,Male,R&D,Engineer,5,7906,9,0,Yes,18,6,1,4,1,2,0.69,0,0
385,35,Female,HR,Consultant,3,4955,8,1,Yes,26,5,4,1,1,2,0.51,1,1
386,58,Male,Sales,Analyst,1,4927,13,2,No,17,1,3,4,4,2,0.73,0,0
387,24,Female,Finance,Engineer,3,2857,7,1,No,12,3,3,2,1,2,0.11,0,0
388,41,Female,Marketing,HR Specialist,5,4720,1,5,No,32,8,4,1,4,1,0.94,0,0
389,48,Female,R&D,Consultant,5,5022,10,3,No,29,6,2,1,3,2,0.61,1,1
390,22,Male,R&D,Sales Executive,2,10868,1,4,Yes,10,0,4,3,3,3,0.31,0,0
391,31,Female,R&D,Sales Executive,4,2378,14,9,Yes,36,3,3,1,3,1,0.23,0,1
392,45,Female,R&D,Manager,3,10408,17,8,No,2,9,1,2,3,3,0.74,0,1
393,35,Female,IT,Consultant,1,13892,4,1,Yes,37,2,3,1,4,4,0.27,0,0
394,56,Female,HR,HR Specialist,5,13088,6,2,No,14,0,3,4,4,1,0.45,1,1
395,41,Male,Finance,Technician,3,8058,18,9,Yes,10,4,3,1,2,3,0.62,1,0
396,48,Male,Marketing,HR Specialist,4,9418,18,0,No,1,8,4,3,2,3,0.86,0,1
397,33,Female,Marketing,Engineer,3,6963,15,1,No,21,3,3,3,1,2,0.83,0,1
398,47,Female,Marketing,HR Specialist,4,14721,18,0,No,5,1,3,4,2,2,0.67,1,1
399,24,Female,Finance,Consultant,3,6851,16,8,Yes,9,6,2,2,4,1,0.26,0,1
400,49,Male,HR,Consultant,2,4989,12,2,Yes,9,7,3,1,2,1,0.16,0,1
401,24,Female,Sales,Manager,3,5830,7,2,No,18,1,4,1,3,2,0.55,1,1
402,31,Female,HR,Engineer,2,13848,10,6,No,5,9,3,3,2,3,0.88,0,1
403,35,Male,R&D,Analyst,4,7403,17,0,No,16,8,2,1,4,1,0.41,0,1
404,45,Male,R&D,Engineer,5,11698,10,8,Yes,34,9,3,4,4,1,0.74,1,0
405,45,Male,HR,Analyst,5,8850,8,6,No,4,7,4,4,1,2,0.83,0,1
406,40,Female,HR,Technician,3,11482,13,8,Yes,21,3,4,3,4,2,0.26,0,0
407,58,Male,Finance,Engineer,1,3939,1,7,Yes,37,3,2,4,2,1,0.96,0,0
408,55,Male,Finance,Sales Executive,3,6694,16,4,No,14,4,3,4,4,3,0.26,1,1
409,52,Female,IT,Technician,2,9325,15,2,Yes,27,0,2,4,3,1,0.59,0,1
410,49,Male,Marketing,Analyst,2,9715,4,8,No,12,6,4,2,2,2,0.67,0,0
411,56,Female,IT,Manager,4,10427,0,4,No,27,3,3,3,2,1,0.55,0,1
412,42,Female,Marketing,Technician,3,11975,8,8,Yes,34,0,4,4,2,1,0.62,1,0
413,29,Male,R&D,Technician,4,9627,2,2,Yes,4,3,1,4,2,3,0.21,0,0
414,24,Female,IT,Technician,1,6195,13,5,Yes,2,3,1,4,4,1,0.14,0,1
415,55,Male,IT,Analyst,5,4786,17,1,Yes,32,0,4,4,3,3,0.02,0,0
416,53,Male,Sales,Analyst,5,3377,11,2,Yes,2,8,3,2,3,2,0.61,1,1
417,50,Male,HR,Engineer,3,4755,13,1,Yes,22,7,2,1,4,4,0.92,1,0
418,29,Female,Finance,Sales Executive,4,4083,15,1,Yes,19,8,4,1,1,2,0.68,0,1
419,38,Male,IT,Technician,4,6409,4,4,No,26,6,4,3,1,1,0.65,1,0
420,51,Female,Finance,Engineer,1,14287,19,9,Yes,20,4,3,2,3,2,0.53,0,1
421,20,Female,Marketing,Engineer,4,14838,19,3,No,36,6,2,3,1,4,0.62,0,0
422,24,Female,IT,Sales Executive,2,8570,14,3,Yes,18,1,3,1,3,2,0.72,0,0
423,23,Male,Marketing,Engineer,2,6612,8,7,Yes,14,9,3,3,1,1,0.15,1,0
424,35,Female,IT,Sales Executive,2,8107,16,5,No,20,6,2,1,1,1,0.73,0,0
425,43,Female,R&D,Manager,3,12892,11,9,No,24,3,4,3,2,1,0.16,0,0
426,35,Male,Sales,Sales Executive,2,6104,12,1,No,31,4,4,2,3,2,0.29,1,0
427,21,Male,Marketing,HR Specialist,2,5549,9,0,No,36,6,1,2,1,4,0.34,0,0
428,47,Female,HR,Sales Executive,5,6152,6,4,Yes,15,1,1,4,1,3,0.29,0,0
429,51,Female,HR,Sales Executive,3,12522,6,6,Yes,7,4,3,2,2,4,0.52,0,0
430,46,Male,R&D,Consultant,2,14748,7,4,No,23,1,4,3,4,4,0.56,0,0
431,39,Female,R&D,HR Specialist,1,9657,14,3,Yes,29,9,3,1,1,4,0.82,0,1
432,43,Female,HR,Sales Executive,2,7478,17,4,Yes,4,5,4,3,1,2,0.58,0,0
433,31,Female,Marketing,Analyst,3,13953,0,9,No,31,9,2,1,1,2,1.0,0,0
434,54,Female,HR,Consultant,4,12203,9,7,No,18,7,4,4,1,4,0.69,0,0
435,52,Male,Sales,Engineer,5,4641,18,4,Yes,31,6,3,4,4,4,0.73,0,1
436,52,Female,IT,Engineer,5,7025,2,8,No,36,4,3,2,4,3,1.0,1,1
437,56,Male,Sales,Manager,3,9764,6,9,Yes,18,2,2,4,1,4,0.23,0,1
438,31,Female,HR,Manager,2,4112,3,6,No,10,3,3,4,2,3,0.65,1,0
439,22,Male,IT,HR Specialist,1,5500,4,1,Yes,7,1,3,2,1,4,0.89,0,1
440,20,Female,HR,Analyst,2,7987,5,8,No,38,5,3,3,1,3,0.97,1,0
441,52,Male,Sales,Manager,2,9624,9,1,No,28,7,1,1,4,3,0.45,0,1
442,59,Female,Sales,Engineer,1,14423,11,5,No,18,7,4,1,1,2,0.43,0,1
443,29,Male,Marketing,Manager,5,11201,13,7,No,31,8,1,1,3,3,0.09,1,1
444,48,Female,Marketing,Manager,2,3629,1,1,Yes,9,4,1,3,4,2,0.9,0,1
445,32,Female,Sales,Sales Executive,4,13311,2,5,Yes,16,9,3,4,3,2,0.94,1,0
446,31,Male,IT,Manager,4,11041,0,4,Yes,25,5,3,1,1,4,0.88,1,0
447,50,Male,Marketing,HR Specialist,3,9361,2,6,Yes,37,1,3,4,2,4,0.23,0,0
448,21,Male,Marketing,Engineer,3,8260,14,9,No,30,9,1,4,1,4,0.3,0,1
449,54,Male,Finance,HR Specialist,1,8922,15,4,Yes,2,3,3,4,4,1,0.95,1,0
450,42,Male,Finance,Consultant,1,13059,19,2,No,5,2,3,4,3,1,0.61,0,0
451,36,Female,Marketing,HR Specialist,3,9166,1,5,Yes,30,8,3,3,3,3,0.63,1,0
452,45,Male,HR,Technician,2,12231,19,6,No,19,5,1,2,2,2,0.42,1,0
453,27,Male,IT,Analyst,5,13427,15,0,Yes,14,5,1,2,1,1,0.62,0,1
454,48,Female,R&D,Consultant,4,2478,14,7,No,27,3,3,2,3,3,0.16,0,1
455,45,Male,Marketing,Consultant,1,3310,6,7,Yes,30,5,3,4,3,3,0.95,0,1
456,29,Male,Finance,Technician,3,14823,4,3,No,14,0,2,4,2,1,0.95,0,0
457,45,Male,IT,Technician,4,4143,4,7,No,31,8,3,2,4,2,0.86,0,0
458,53,Female,IT,Sales Executive,1,2413,8,2,Yes,36,2,3,4,3,1,0.26,0,0
459,26,Male,Finance,HR Specialist,1,11848,13,4,Yes,39,4,3,4,3,3,0.88,0,1
460,23,Female,IT,Analyst,2,12823,18,2,No,30,6,3,3,2,3,0.7,0,1
461,30,Female,IT,Engineer,1,5936,17,1,Yes,38,1,2,3,2,1,0.25,0,0
462,48,Male,Finance,Engineer,5,10187,8,4,Yes,11,3,3,3,2,4,0.84,0,1
463,55,Female,Sales,Analyst,1,3394,2,7,No,17,5,3,2,4,1,0.09,0,0
464,44,Male,Marketing,Consultant,5,4623,10,8,No,10,0,2,2,3,3,0.72,0,1
465,40,Male,HR,HR Specialist,2,4290,14,4,No,16,5,3,1,3,3,1.0,0,1
466,55,Male,R&D,HR Specialist,5,2638,3,2,Yes,11,4,2,3,4,1,0.43,0,0
467,29,Male,HR,Sales Executive,4,13636,4,2,Yes,39,1,3,1,1,3,0.62,0,1
468,56,Male,Sales,Sales Executive,1,2352,17,7,No,28,5,4,2,4,3,0.22,0,0
469,28,Female,Sales,Technician,3,14713,11,2,Yes,21,4,3,1,1,4,0.47,1,0
470,43,Female,IT,Engineer,3,13340,0,8,Yes,28,0,4,4,1,4,0.11,0,0
471,54,Female,HR,Sales Executive,5,14797,19,9,Yes,23,5,2,4,2,1,0.7,0,1
472,54,Female,Sales,Analyst,2,13780,1,0,No,1,6,2,2,4,1,0.77,0,1
473,55,Male,HR,Engineer,5,2139,8,0,Yes,13,8,1,4,3,3,0.59,0,1
474,37,Male,Sales,Consultant,5,10443,17,4,Yes,8,1,3,4,3,3,0.74,1,0
475,58,Female,R&D,Consultant,5,10860,4,3,No,19,5,4,1,4,4,0.69,1,1
476,51,Male,Sales,HR Specialist,4,5842,13,2,Yes,24,5,2,4,4,4,0.92,0,0
477,43,Female,HR,Engineer,4,10508,10,0,No,37,0,3,3,1,2,0.48,1,0
478,42,Female,IT,Manager,5,6018,2,6,Yes,25,7,3,2,2,2,0.54,0,0
479,51,Female,HR,Engineer,2,4926,8,0,Yes,26,4,4,3,3,2,0.37,0,0
480,56,Female,Finance,Sales Executive,1,8892,1,5,No,27,1,4,3,1,1,0.35,0,0
481,31,Male,HR,Analyst,3,9242,13,9,No,32,4,1,1,2,3,0.82,1,1
482,32,Male,R&D,HR Specialist,4,12201,1,1,No,3,3,1,4,3,1,0.93,0,1
483,42,Female,Marketing,HR Specialist,1,13137,9,3,Yes,9,6,4,2,4,4,0.31,0,1
484,44,Female,R&D,Sales Executive,4,3052,18,7,Yes,1,9,1,1,1,2,0.42,1,1
485,54,Female,R&D,Sales Executive,4,14828,1,2,No,18,7,3,4,2,2,0.35,0,0
486,49,Female,Sales,Sales Executive,4,5563,15,8,No,3,0,1,3,1,1,0.85,0,0
487,36,Female,R&D,Manager,5,11315,5,4,Yes,14,0,3,2,1,3,0.95,0,1
488,39,Male,HR,Analyst,5,3343,11,5,Yes,32,7,2,1,3,2,0.9,0,0
489,44,Female,Marketing,Manager,4,2569,6,1,No,4,3,1,3,4,1,0.01,1,0
490,41,Female,IT,Sales Executive,4,13913,3,0,Yes,37,7,2,3,1,3,0.17,1,0
491,32,Male,R&D,Analyst,3,9690,7,4,No,21,6,3,1,3,4,0.9,0,1
492,38,Male,HR,Consultant,1,5916,18,0,Yes,27,8,3,3,3,3,0.53,1,1
493,55,Male,Sales,Consultant,1,11192,9,3,Yes,5,6,3,4,2,2,0.38,1,1
494,31,Male,Sales,Sales Executive,2,4923,0,7,Yes,3,3,1,3,2,4,0.41,0,1
495,38,Male,IT,Analyst,2,12428,4,1,Yes,22,4,1,1,2,3,0.82,1,1
496,31,Male,IT,HR Specialist,2,6545,5,5,Yes,20,6,3,4,1,3,0.81,0,1
497,28,Male,HR,Manager,5,5925,18,9,No,2,1,4,1,3,2,0.83,0,0
498,26,Male,IT,Technician,5,5252,17,4,No,1,2,2,4,3,1,0.85,0,1
499,47,Male,IT,Sales Executive,3,13584,18,0,No,23,2,2,3,4,1,0.07,0,0
500,33,Female,Sales,Sales Executive,5,12522,18,7,No,25,8,3,1,2,2,0.76,0,1
501,50,Male,HR,Engineer,2,9558,0,4,No,26,1,3,3,3,3,0.61,0,0
502,38,Female,Marketing,Technician,4,5392,19,8,No,3,3,3,4,3,2,0.25,0,0
503,35,Female,IT,HR Specialist,2,4617,10,1,Yes,31,7,4,2,3,3,0.59,0,1
504,24,Female,HR,Sales Executive,3,14312,2,5,No,27,0,4,4,4,2,0.68,1,0
505,54,Female,R&D,Manager,4,7935,9,6,Yes,13,8,1,3,2,2,0.57,0,1
506,31,Female,Sales,HR Specialist,5,6355,6,0,No,33,5,2,1,2,1,0.35,0,1
507,44,Female,Marketing,Sales Executive,4,4013,16,9,No,25,3,3,4,1,2,0.24,1,0
508,40,Female,Sales,Manager,3,3927,15,3,No,16,4,4,1,1,1,0.09,1,1
509,55,Female,Sales,Engineer,5,12736,6,1,Yes,38,6,3,3,1,2,0.06,0,1
510,42,Male,Finance,Engineer,1,7332,12,6,Yes,26,7,4,3,4,4,0.35,0,0
511,35,Female,HR,Consultant,2,8258,11,2,Yes,18,4,3,3,2,4,0.24,0,1
512,58,Female,R&D,Manager,2,6547,11,8,No,17,6,4,4,2,1,0.49,0,0
513,58,Female,IT,HR Specialist,3,14987,7,7,No,25,2,3,2,3,4,0.56,1,0
514,33,Female,R&D,Manager,3,8915,7,9,Yes,26,1,4,1,4,4,0.38,0,0
515,50,Male,HR,Technician,2,5719,12,6,No,18,1,4,2,1,3,0.38,0,0
516,24,Female,Sales,Manager,4,13865,10,7,No,1,9,3,1,2,3,0.75,0,1
517,54,Male,Finance,Engineer,1,11743,0,0,No,7,2,4,2,4,3,0.01,0,0
518,42,Male,HR,Engineer,1,3682,16,9,No,30,5,4,4,4,2,1.0,1,1
519,48,Female,Marketing,Engineer,3,2384,18,5,No,33,9,3,4,3,4,0.44,0,0
520,30,Female,Marketing,Technician,3,6708,12,6,Yes,25,0,2,3,1,4,0.59,0,0
521,37,Male,HR,Sales Executive,4,5036,14,6,Yes,25,2,2,2,4,1,0.24,0,1
522,31,Female,IT,Consultant,3,12458,11,8,No,27,2,3,4,4,4,0.21,0,1
523,28,Female,R&D,Technician,1,9023,16,6,No,35,1,3,3,3,1,0.67,0,1
524,29,Male,R&D,Sales Executive,2,6652,2,6,Yes,18,0,3,1,2,4,0.97,1,1
525,36,Male,IT,Technician,1,6445,6,5,No,30,0,3,3,1,4,0.91,0,0
526,57,Female,Finance,Analyst,4,2389,1,2,No,14,0,4,1,2,2,0.93,0,1
527,26,Female,Sales,Sales Executive,2,4918,1,5,No,35,7,3,1,3,4,0.51,0,1
528,32,Female,Sales,HR Specialist,2,4113,5,8,No,34,5,2,3,1,4,0.36,0,0
529,59,Male,Marketing,HR Specialist,1,3142,3,9,No,20,8,2,4,1,1,0.77,0,1
530,28,Female,Finance,Consultant,2,2745,15,2,No,15,2,2,1,1,2,0.54,0,1
531,46,Male,IT,Engineer,2,8151,14,2,Yes,7,6,3,1,4,1,0.81,0,1
532,21,Male,HR,Technician,3,3730,9,6,Yes,13,5,3,1,3,2,0.7,1,1
533,24,Female,R&D,Manager,2,14314,13,6,No,36,8,3,2,4,1,0.36,1,0
534,48,Male,HR,Engineer,4,6385,8,4,Yes,34,8,4,2,3,3,0.07,0,1
535,56,Female,R&D,Consultant,2,6123,14,7,No,13,8,1,1,4,4,0.29,0,1
536,57,Female,HR,Manager,3,5230,6,7,Yes,4,6,3,2,2,1,0.83,1,0
537,38,Male,IT,Technician,5,13408,6,1,No,13,8,1,2,3,4,0.46,1,0
538,27,Female,IT,Engineer,5,4514,7,5,Yes,13,6,3,4,4,2,0.82,0,1
539,20,Male,Finance,Engineer,4,3769,18,4,No,23,8,3,3,3,1,0.7,0,0
540,41,Male,HR,HR Specialist,4,10299,17,3,Yes,29,1,4,3,1,1,0.31,0,0
541,36,Female,HR,Manager,2,4486,16,6,No,33,1,3,4,4,1,0.44,0,0
542,26,Female,Finance,Analyst,2,6298,17,3,No,23,6,1,1,3,2,0.66,1,1
543,44,Female,Finance,Analyst,5,10968,18,4,No,3,9,4,3,1,2,0.88,0,0
544,23,Female,IT,Engineer,5,9992,7,7,Yes,32,5,2,1,3,1,0.04,1,1
545,55,Male,IT,Technician,1,8444,12,4,No,3,5,3,1,2,2,0.99,1,0
546,25,Male,Marketing,Engineer,5,8021,10,8,No,12,4,2,4,1,4,0.41,0,0
547,50,Male,HR,Consultant,5,12125,18,9,No,4,0,4,3,3,2,0.13,0,0
548,38,Female,IT,HR Specialist,4,8046,6,1,Yes,33,6,2,4,4,4,0.33,1,0
549,58,Male,IT,Consultant,1,10629,4,1,No,32,1,4,3,3,3,0.8,1,1
550,46,Male,HR,Manager,1,11226,4,8,Yes,17,7,3,4,2,1,0.57,0,0
551,29,Female,Finance,Consultant,2,2836,7,1,Yes,9,9,3,3,4,3,0.11,1,0
552,45,Female,HR,Engineer,2,6702,9,2,No,5,6,3,1,1,2,0.39,0,1
553,38,Female,Sales,Consultant,1,2641,4,5,No,21,1,3,1,2,1,0.06,0,0
554,58,Male,HR,Technician,1,5174,14,3,No,3,1,3,4,4,2,0.07,0,0
555,22,Female,Sales,Analyst,2,3808,15,7,No,39,9,2,2,4,3,0.22,1,0
556,32,Male,HR,Manager,4,9653,9,7,Yes,3,7,2,1,4,3,0.35,0,0
557,47,Male,Sales,Engineer,4,8253,7,1,Yes,37,4,3,3,4,4,0.69,0,0
558,39,Male,Sales,Manager,4,5875,18,1,No,35,7,2,1,4,3,0.02,0,0
559,47,Male,HR,HR Specialist,4,10834,3,2,No,33,0,3,3,2,2,0.32,0,0
560,27,Male,Marketing,Consultant,2,10894,13,1,Yes,3,8,3,3,2,1,0.36,0,0
561,58,Female,IT,Analyst,3,4848,7,4,No,18,7,3,4,2,4,0.31,1,0
562,20,Male,R&D,Technician,5,13109,13,0,Yes,3,5,3,1,3,4,0.14,1,1
563,22,Female,IT,Manager,5,5612,11,6,Yes,29,7,3,4,3,1,0.86,0,1
564,32,Male,Sales,Analyst,5,9062,0,7,Yes,37,0,1,3,2,3,0.32,0,0
565,47,Male,HR,Consultant,5,11914,18,3,Yes,5,7,4,4,2,1,0.84,1,0
566,44,Female,HR,Engineer,2,11040,17,6,Yes,9,0,4,1,3,4,0.19,0,1
567,52,Male,HR,Technician,3,4554,11,8,Yes,12,3,3,4,1,1,0.72,0,1
568,57,Male,HR,Technician,2,8320,9,6,No,16,9,1,3,3,3,0.2,0,1
569,25,Female,Marketing,Sales Executive,3,3462,0,1,No,27,2,1,1,4,1,0.34,1,0
570,51,Female,R&D,Manager,2,7962,13,1,No,9,2,3,4,3,4,0.68,0,0
571,40,Male,Finance,Analyst,1,8811,8,9,No,22,9,1,2,3,3,0.55,0,1
572,35,Male,Sales,Manager,3,14021,14,9,No,17,8,3,1,2,4,0.27,0,1
573,40,Male,R&D,Engineer,5,13974,13,9,Yes,1,7,2,3,2,2,0.88,0,1
574,30,Female,IT,Engineer,3,2510,8,5,Yes,3,9,4,4,2,2,0.47,0,1
575,56,Male,Finance,Consultant,4,4156,10,7,Yes,5,7,3,3,4,2,0.79,0,1
576,55,Female,Finance,Technician,3,4919,4,9,No,22,6,3,4,4,3,0.86,1,1
577,54,Female,HR,Technician,4,7191,11,9,Yes,1,7,1,4,2,1,0.45,0,0
578,38,Male,R&D,Analyst,4,8632,15,2,Yes,4,7,3,1,1,3,0.33,0,0
579,39,Female,IT,HR Specialist,1,10924,19,0,No,22,9,3,4,3,2,0.55,1,0
580,37,Male,HR,Manager,3,13142,2,0,Yes,24,5,2,3,1,1,0.08,0,1
581,33,Male,HR,Manager,1,14152,4,1,No,32,7,3,2,2,1,0.68,1,1
582,34,Female,Marketing,Engineer,5,3237,18,9,Yes,2,1,3,4,3,1,0.75,1,0
583,50,Female,Sales,Manager,3,3480,4,5,No,36,6,3,1,2,4,0.11,0,1
584,20,Female,Finance,Analyst,2,12657,17,1,Yes,5,2,3,2,1,1,0.3,0,0
585,22,Female,IT,Sales Executive,2,4010,3,5,No,7,7,3,2,1,2,0.77,0,0
586,35,Female,Finance,Technician,2,8897,14,0,No,36,4,3,1,2,3,0.32,0,0
587,42,Female,R&D,Engineer,4,7629,4,8,Yes,8,4,3,2,1,1,0.61,1,1
588,30,Male,Sales,Technician,2,6757,7,6,No,36,2,4,4,2,1,0.6,0,0
589,31,Male,HR,Technician,5,9490,15,0,No,12,0,3,3,2,1,0.26,1,1
590,29,Male,Sales,Technician,3,4735,0,8,Yes,28,1,4,4,1,2,0.77,1,1
591,51,Female,HR,Sales Executive,3,6199,4,8,Yes,2,1,3,4,1,4,0.49,1,0
592,35,Female,Sales,Manager,4,9286,17,9,Yes,14,6,3,2,2,2,0.12,0,1
593,27,Female,HR,HR Specialist,4,12951,15,5,Yes,19,1,4,3,2,4,0.1,0,0
594,57,Male,Finance,Technician,4,8200,9,1,Yes,21,6,3,2,2,4,0.92,1,1
595,31,Male,Finance,Analyst,5,2577,3,1,Yes,30,0,4,1,3,3,0.38,1,1
596,43,Female,Finance,Technician,3,10079,17,7,No,37,1,3,4,1,3,0.55,1,0
597,47,Female,Finance,Technician,1,13688,16,8,Yes,21,6,3,3,4,1,0.64,0,1
598,27,Female,Sales,Manager,4,2818,12,3,Yes,28,6,4,2,1,2,0.72,0,1
599,47,Female,HR,Consultant,2,9188,7,1,Yes,33,1,3,3,1,1,0.41,0,0
600,55,Male,Finance,Analyst,1,6174,7,4,No,7,9,3,1,4,2,0.49,1,0
601,45,Male,Sales,Manager,1,3889,11,6,Yes,16,6,2,4,1,4,0.73,0,1
602,27,Male,HR,Technician,4,2558,17,3,No,37,8,3,3,1,2,0.66,0,1
603,47,Female,Sales,Consultant,2,4933,5,8,Yes,25,7,3,3,2,3,0.62,0,0
604,47,Male,Marketing,Manager,4,11811,6,3,No,38,5,3,3,2,4,0.39,1,0
605,56,Female,Finance,Manager,4,8831,16,7,Yes,38,3,2,2,3,3,0.97,1,0
606,55,Female,R&D,Engineer,2,7949,4,2,Yes,30,2,3,2,4,4,0.18,0,0
607,46,Female,Sales,Sales Executive,1,9643,18,5,No,17,7,3,3,1,2,0.12,0,0
608,36,Male,Finance,Consultant,1,2069,7,5,Yes,16,2,2,1,4,4,0.29,0,1
609,28,Male,IT,HR Specialist,2,3189,18,2,Yes,4,4,2,3,2,4,0.25,0,1
610,52,Female,HR,Consultant,1,4902,7,1,No,30,2,2,4,4,1,0.96,1,0
611,39,Male,Marketing,Sales Executive,5,6340,18,5,Yes,20,8,3,4,4,2,0.01,0,1
612,32,Female,Finance,Sales Executive,4,13308,6,6,No,35,6,1,4,1,2,0.88,0,1
613,47,Female,IT,Analyst,5,10875,2,6,Yes,5,2,3,3,3,2,0.41,1,0
614,48,Female,Sales,Engineer,5,7895,5,9,Yes,14,9,4,2,3,3,0.57,1,1
615,32,Male,Sales,Engineer,5,9550,7,0,No,28,6,4,3,3,2,0.69,1,1
616,54,Male,IT,Manager,3,7697,17,5,Yes,10,3,4,3,4,2,0.04,1,0
617,25,Female,Marketing,Sales Executive,3,5910,14,8,No,30,0,3,4,2,3,0.52,0,1
618,37,Male,IT,Consultant,5,13964,16,8,Yes,32,3,2,1,3,3,0.04,1,1
619,24,Male,HR,HR Specialist,4,10262,3,1,No,12,9,3,1,4,4,0.1,0,1
620,44,Male,Sales,Analyst,5,7984,6,3,Yes,16,7,2,4,4,2,0.63,0,0
621,21,Male,IT,Consultant,5,9715,16,5,No,26,5,3,3,1,2,0.27,1,0
622,29,Female,R&D,Engineer,3,11454,5,3,Yes,35,0,3,3,3,1,0.14,0,0
623,49,Male,R&D,Manager,5,9747,12,8,Yes,16,0,2,4,3,3,0.05,1,0
624,24,Female,IT,HR Specialist,4,4155,6,1,No,17,3,2,1,4,2,0.8,0,0
625,52,Female,HR,Sales Executive,4,9956,8,9,No,23,5,3,1,3,3,0.63,0,1
626,20,Male,Sales,Consultant,5,14589,18,5,Yes,22,3,2,4,1,3,0.03,0,1
627,37,Female,R&D,HR Specialist,4,11563,19,0,No,21,8,4,3,1,4,0.63,0,0
628,51,Female,IT,Engineer,5,3915,12,8,No,34,1,3,3,3,3,0.1,0,1
629,30,Male,IT,Analyst,3,9918,14,0,No,5,5,3,3,4,2,0.33,0,0
630,40,Female,Finance,Consultant,5,13997,16,7,No,38,6,4,2,2,1,0.66,0,1
631,45,Female,IT,Sales Executive,1,6351,4,8,Yes,31,3,3,1,2,4,0.28,0,0
632,44,Male,HR,Analyst,3,9468,18,0,No,33,4,3,1,2,4,0.76,1,1
633,41,Male,R&D,Technician,4,9067,5,0,Yes,3,4,3,2,3,3,0.52,0,1
634,46,Male,Finance,HR Specialist,4,7264,11,9,No,19,1,3,1,3,4,0.25,0,1
635,32,Male,R&D,HR Specialist,3,7795,14,6,Yes,18,4,1,4,2,2,0.56,0,0
636,52,Male,R&D,Manager,1,11739,14,9,No,28,9,4,2,2,4,0.03,0,0
637,53,Female,HR,Sales Executive,3,14090,2,4,Yes,15,4,2,1,2,2,0.44,0,0
638,54,Female,IT,HR Specialist,2,6455,3,2,Yes,33,4,2,3,4,1,0.33,0,0
639,20,Male,HR,Engineer,1,9691,4,8,Yes,28,3,4,4,1,3,0.42,0,0
640,40,Male,IT,Technician,3,13747,5,1,No,8,9,3,2,1,3,0.61,1,0
641,25,Female,Finance,Engineer,2,3213,5,5,No,30,3,2,2,2,4,0.42,0,1
642,47,Male,HR,Analyst,5,8439,16,3,No,1,6,4,3,1,1,0.55,0,1
643,36,Male,HR,Technician,1,12332,7,4,No,7,5,4,2,4,3,0.11,1,1
644,24,Female,Marketing,Technician,5,11052,18,1,Yes,14,7,3,1,1,3,0.31,0,1
645,50,Female,Sales,Engineer,2,11181,19,0,No,21,0,4,2,3,2,0.42,0,0
646,24,Female,HR,HR Specialist,4,14771,12,8,Yes,6,9,1,3,4,2,0.05,1,0
647,57,Male,Marketing,Engineer,4,4923,14,2,No,17,1,4,2,1,2,0.95,1,1
648,22,Female,Sales,Sales Executive,4,3432,16,5,Yes,14,1,3,4,4,2,0.91,1,1
649,42,Male,IT,Analyst,5,2340,16,8,Yes,7,1,3,4,4,4,0.33,1,0
650,56,Female,IT,Consultant,1,9381,1,0,Yes,15,2,3,1,4,4,0.63,1,1
651,56,Male,IT,Technician,5,12569,2,4,No,8,5,3,3,3,2,0.47,0,0
652,29,Male,Marketing,Sales Executive,5,3198,8,3,Yes,10,2,3,2,3,1,0.56,0,1
653,29,Male,Marketing,HR Specialist,4,11659,5,2,Yes,29,6,4,2,2,4,0.12,1,0
654,38,Female,Sales,HR Specialist,5,6296,0,1,No,19,2,1,4,1,2,0.54,0,0
655,36,Female,IT,Engineer,2,10186,18,2,No,2,5,3,3,2,2,0.25,1,0
656,40,Female,R&D,Manager,3,6193,3,0,Yes,8,1,2,3,3,1,0.61,0,0
657,33,Male,HR,Technician,3,10113,12,0,No,30,1,2,4,4,1,0.77,1,0
658,28,Female,Marketing,Technician,3,11483,19,7,Yes,36,2,4,1,4,1,0.9,0,1
659,20,Female,Marketing,Manager,4,6934,7,4,No,18,7,3,2,4,3,0.03,0,1
660,32,Male,Marketing,HR Specialist,4,10543,4,1,Yes,2,8,3,4,4,3,0.52,1,0
661,23,Male,Sales,HR Specialist,3,8610,9,2,No,5,1,4,3,1,1,0.41,0,0
662,20,Female,IT,Consultant,1,11493,19,1,Yes,13,6,3,1,2,4,0.22,1,1
663,59,Female,R&D,Consultant,3,13831,18,9,No,11,0,2,4,2,4,0.26,0,0
664,51,Female,HR,Technician,5,5087,11,1,No,8,3,1,3,2,2,0.82,0,1
665,53,Male,HR,Consultant,3,8073,0,3,No,38,5,3,2,3,2,0.74,0,0
666,47,Female,IT,Consultant,3,2455,8,3,No,17,6,4,2,2,1,0.9,1,1
667,50,Male,R&D,Analyst,1,7853,15,6,No,11,2,1,1,2,3,0.78,0,1
668,27,Male,Sales,Technician,4,5250,16,1,No,26,2,3,1,4,2,0.06,1,0
669,58,Female,Marketing,HR Specialist,4,11349,17,8,Yes,39,4,3,3,1,4,0.11,0,0
670,45,Female,Marketing,HR Specialist,5,2257,13,6,Yes,34,2,2,2,3,2,0.68,1,1
671,53,Male,IT,Consultant,3,12301,16,3,Yes,3,8,1,2,3,4,0.66,0,0
672,22,Male,HR,Analyst,2,2481,0,6,Yes,25,1,2,2,1,1,0.89,1,0
673,31,Female,Marketing,Consultant,5,6730,14,9,Yes,24,9,2,1,2,3,0.53,0,1
674,20,Female,HR,Consultant,4,13305,18,0,Yes,23,6,3,1,2,3,0.58,0,1
675,24,Female,HR,Sales Executive,1,3396,1,6,Yes,30,6,3,2,1,4,0.52,1,1
676,49,Male,IT,Sales Executive,4,7418,13,5,No,27,2,3,2,1,2,0.68,0,1
677,49,Male,Finance,Analyst,4,7171,1,8,Yes,10,7,3,3,3,1,0.4,1,0
678,36,Female,Finance,Analyst,1,8073,14,7,No,9,2,1,1,1,2,0.61,1,0
679,42,Male,Finance,Sales Executive,3,9059,0,1,No,2,4,3,3,2,4,0.49,0,1
680,34,Male,R&D,Sales Executive,3,8455,0,2,No,21,0,3,1,2,2,0.95,0,0
681,56,Female,IT,Sales Executive,4,12818,11,2,Yes,11,9,2,3,4,4,0.42,1,1
682,40,Male,HR,Sales Executive,5,8202,14,5,No,10,3,2,3,2,1,0.13,0,0
683,33,Female,Marketing,Technician,2,8178,17,1,No,25,1,2,3,4,3,0.82,0,0
684,21,Female,R&D,Technician,5,2647,14,1,No,5,4,3,2,3,1,0.5,0,1
685,30,Male,Finance,Consultant,5,3611,6,3,Yes,22,3,3,4,2,4,0.16,1,0
686,58,Male,Sales,Engineer,4,14017,11,0,Yes,5,3,2,4,1,4,0.93,0,0
687,57,Female,R&D,Consultant,4,14780,9,0,No,9,3,1,4,3,3,0.12,1,0
688,53,Male,R&D,Analyst,2,14778,1,0,No,11,4,2,4,3,4,0.07,0,0
689,57,Female,IT,Manager,2,12460,1,4,No,5,8,3,4,3,1,0.27,0,0
690,53,Male,Marketing,Engineer,2,5884,5,8,No,6,8,1,3,2,1,0.65,0,1
691,37,Male,R&D,Manager,4,12946,19,3,Yes,33,3,3,1,1,3,0.11,0,1
692,49,Male,Marketing,Manager,4,6982,5,7,No,16,8,2,3,3,4,0.97,1,0
693,34,Female,IT,HR Specialist,5,5586,9,6,No,24,7,3,2,3,4,0.54,1,0
694,46,Male,Sales,Analyst,4,13576,2,5,No,14,4,3,4,3,1,0.57,0,0
695,53,Female,HR,Technician,3,9673,15,8,Yes,24,7,3,2,1,4,0.95,1,1
696,57,Female,HR,Engineer,3,8080,4,9,No,12,6,4,2,4,4,0.47,0,1
697,52,Female,Finance,Consultant,2,14781,4,0,Yes,23,1,3,2,1,1,0.7,0,0
698,43,Male,Finance,Analyst,4,2758,9,6,Yes,39,9,4,3,4,4,0.04,1,0
699,34,Female,Sales,Sales Executive,3,2632,12,8,No,6,7,3,4,2,3,0.04,0,1
700,49,Female,HR,Analyst,5,9848,2,9,No,21,8,4,3,1,1,0.74,1,1
701,36,Male,Finance,Manager,1,13776,17,1,Yes,9,1,3,1,4,1,0.94,0,0
702,24,Female,Marketing,Technician,5,2329,18,3,No,36,1,2,1,4,3,0.72,0,0
703,48,Female,R&D,Sales Executive,1,13211,5,4,No,5,9,3,4,2,3,0.15,0,1
704,23,Male,IT,Analyst,5,7446,19,4,Yes,31,8,4,3,4,2,0.83,0,0
705,29,Female,Finance,Analyst,3,10201,0,6,Yes,35,0,4,1,1,3,0.59,0,0
706,36,Male,Sales,Technician,4,14245,9,9,Yes,3,2,3,1,2,1,0.07,0,0
707,29,Female,HR,Manager,1,12366,9,7,Yes,19,2,4,4,2,3,0.39,0,0
708,36,Female,Sales,Consultant,4,2984,0,8,No,19,5,3,1,2,4,0.77,1,1
709,39,Male,IT,Sales Executive,4,2668,18,4,No,1,6,3,4,4,4,0.21,1,1
710,43,Female,IT,Manager,3,12470,10,1,No,22,2,3,1,4,3,0.82,0,0
711,24,Female,Sales,Technician,2,2441,12,1,Yes,19,7,2,2,3,1,0.57,0,1
712,53,Female,Finance,Analyst,2,4925,16,4,No,26,1,1,1,2,4,0.45,0,1
713,25,Male,Finance,Consultant,1,6020,19,4,Yes,15,2,3,3,3,3,0.0,0,0
714,21,Male,HR,Engineer,3,7677,17,4,No,19,9,4,3,1,1,0.26,0,1
715,32,Male,Marketing,Engineer,4,10465,3,5,Yes,25,1,3,4,3,2,0.82,0,0
716,30,Male,HR,HR Specialist,5,6713,14,7,Yes,39,1,1,1,2,4,0.11,0,1
717,42,Male,R&D,Engineer,5,11218,1,4,Yes,31,5,1,4,3,2,0.51,0,0
718,35,Female,Marketing,Technician,1,4373,5,2,No,30,2,2,2,2,4,0.03,1,1
719,50,Male,R&D,Technician,1,14540,8,8,Yes,33,2,4,2,4,1,0.26,0,1
720,30,Male,HR,Technician,1,11749,10,3,Yes,16,8,3,2,4,2,0.17,1,0
721,35,Male,Marketing,Sales Executive,3,5126,19,7,Yes,12,0,3,1,3,3,0.42,1,1
722,27,Female,Marketing,HR Specialist,5,4933,15,8,No,28,8,2,3,4,1,0.6,0,0
723,23,Female,R&D,Sales Executive,3,10639,7,6,Yes,30,1,1,1,1,2,0.44,1,1
724,59,Male,Sales,Consultant,3,5368,16,2,No,6,1,3,4,3,4,0.82,0,0
725,23,Female,Finance,Engineer,4,13885,3,9,Yes,14,4,4,3,2,3,0.17,0,1
726,44,Female,Marketing,Consultant,3,8516,6,5,Yes,5,5,2,3,3,3,0.62,0,0
727,22,Female,Marketing,Engineer,3,5806,10,6,No,36,7,4,2,2,2,0.86,0,0
728,51,Female,R&D,Analyst,4,14756,10,6,No,23,0,3,4,2,3,0.6,0,0
729,22,Male,Marketing,Sales Executive,2,7255,10,7,Yes,32,4,4,1,4,2,0.45,1,1
730,46,Male,R&D,Manager,4,10066,14,9,No,31,9,1,3,1,4,0.74,1,0
731,48,Female,Sales,Consultant,1,14188,4,4,No,14,7,3,3,4,3,0.09,0,1
732,51,Female,Marketing,Analyst,2,13509,5,4,Yes,32,1,3,3,2,4,0.97,0,0
733,38,Female,IT,Sales Executive,5,10261,4,1,No,27,9,2,3,2,3,0.34,0,0
734,40,Female,HR,Technician,3,14768,8,1,Yes,1,8,1,3,1,4,0.2,0,0
735,24,Male,Sales,HR Specialist,2,12769,10,3,No,9,9,2,2,2,3,0.96,1,1
736,37,Female,IT,Consultant,5,6585,2,6,No,16,3,4,2,4,1,0.01,0,0
737,47,Male,Sales,Sales Executive,4,6598,19,7,No,35,6,3,3,3,3,0.79,1,0
738,41,Female,Finance,HR Specialist,4,13248,3,2,No,10,0,2,1,1,4,0.42,1,0
739,40,Male,Sales,Consultant,1,7817,14,0,No,16,1,3,3,1,1,0.81,0,0
740,25,Female,Sales,HR Specialist,1,2116,17,3,No,30,0,3,1,4,4,0.86,1,0
741,20,Male,Finance,Consultant,2,3813,4,5,Yes,33,7,3,4,2,2,0.32,0,1
742,24,Male,Marketing,Engineer,3,2903,10,5,Yes,15,0,3,3,2,2,0.89,0,0
743,31,Male,HR,Manager,4,14715,10,8,No,39,8,2,2,1,1,0.99,0,1
744,45,Female,IT,Consultant,2,10685,3,6,No,8,6,3,4,4,2,0.95,0,0
745,53,Male,R&D,Sales Executive,2,8205,15,8,No,4,4,1,2,3,1,0.53,0,1
746,33,Female,HR,Manager,2,5858,10,9,No,2,0,4,1,4,1,0.2,1,1
747,45,Male,Sales,HR Specialist,1,4683,0,4,No,7,3,4,3,2,3,0.81,0,0
748,46,Male,R&D,Engineer,4,6175,12,4,Yes,38,2,2,3,3,1,0.94,0,0
749,28,Female,Finance,Consultant,1,5730,18,4,No,34,6,3,2,4,4,0.96,0,1
750,45,Male,HR,Manager,1,8628,5,4,Yes,25,0,4,4,4,1,0.87,0,0
751,41,Female,Marketing,Analyst,2,7141,19,3,Yes,7,9,3,4,4,4,0.21,0,1
752,49,Female,IT,HR Specialist,5,14882,18,5,No,25,3,4,4,4,2,0.65,0,1
753,36,Female,HR,Analyst,5,7443,5,0,Yes,2,4,3,1,2,2,0.92,0,1
754,45,Female,HR,Technician,5,3540,12,1,Yes,26,2,3,3,2,3,0.49,0,1
755,55,Male,Marketing,Manager,2,10088,10,8,Yes,36,4,3,1,1,3,0.82,1,1
756,20,Male,R&D,Manager,3,9959,18,5,Yes,38,3,3,2,1,2,0.1,0,1
757,27,Female,Finance,Manager,4,2625,6,5,No,3,4,3,3,3,3,0.77,1,1
758,54,Male,Marketing,Technician,2,14571,11,9,No,29,8,2,3,1,3,0.06,0,1
759,34,Male,Finance,Sales Executive,2,7972,15,3,Yes,11,7,3,4,3,3,0.55,0,0
760,41,Female,Marketing,HR Specialist,1,8162,0,4,No,21,7,3,1,3,2,0.43,1,1
761,33,Male,HR,HR Specialist,5,8797,14,8,No,4,1,2,2,4,3,0.18,0,0
762,45,Female,Finance,Consultant,2,6858,12,1,Yes,5,2,3,2,4,1,0.44,0,1
763,47,Male,R&D,Consultant,3,2837,9,2,No,6,3,3,1,4,2,0.72,0,1
764,42,Male,R&D,Consultant,4,12207,17,9,No,22,9,4,4,1,4,0.76,0,1
765,33,Female,IT,HR Specialist,3,4015,3,7,Yes,39,0,2,2,3,1,0.92,0,0
766,43,Male,Finance,Sales Executive,2,13271,5,8,No,6,8,3,2,4,4,0.7,0,1
767,21,Male,IT,Manager,2,7156,7,4,No,14,1,3,1,1,2,1.0,0,1
768,45,Female,Marketing,Manager,1,10263,19,2,No,22,1,4,1,3,4,0.29,1,0
769,33,Male,Sales,Technician,3,13644,8,0,Yes,16,7,2,3,3,3,0.15,0,0
770,26,Female,R&D,Analyst,1,9234,7,1,No,32,9,2,2,4,4,0.1,0,0
771,22,Male,HR,Sales Executive,3,6748,17,3,No,36,8,3,2,2,1,0.58,0,1
772,42,Female,R&D,Engineer,5,14070,6,3,No,7,0,2,3,4,2,0.35,1,1
773,37,Female,Sales,Sales Executive,5,2063,18,4,No,23,1,3,4,1,2,0.2,0,1
774,57,Female,HR,Technician,3,10221,17,8,Yes,14,9,4,4,1,1,0.21,1,0
775,54,Female,Finance,Analyst,1,14163,0,1,Yes,6,4,1,1,1,2,0.35,0,1
776,34,Female,Finance,Analyst,5,6652,10,1,Yes,25,8,2,2,4,4,0.69,1,1
777,44,Male,R&D,Consultant,2,8789,8,4,Yes,3,9,3,4,1,4,0.6,0,0
778,56,Male,HR,Consultant,4,9183,9,1,Yes,13,4,4,1,4,1,0.79,0,0
779,47,Female,Marketing,Analyst,1,4325,9,9,Yes,3,6,3,4,2,4,0.32,0,1
780,29,Male,HR,Manager,3,7850,0,4,Yes,31,5,3,4,4,4,0.71,0,1
781,58,Female,IT,Engineer,4,6372,16,4,No,3,5,3,2,4,2,0.87,0,0
782,36,Male,Sales,Analyst,4,8364,11,6,Yes,17,1,3,4,2,1,0.84,0,1
783,58,Male,Finance,HR Specialist,2,6765,11,3,Yes,39,9,2,1,4,3,0.66,0,1
784,41,Female,R&D,Manager,1,9191,18,1,No,2,7,2,3,2,1,0.85,0,0
785,45,Female,HR,Engineer,4,4879,16,7,Yes,5,5,3,2,2,3,0.09,0,1
786,44,Male,Finance,HR Specialist,1,4188,6,0,Yes,9,3,2,3,1,3,0.48,0,0
787,36,Male,R&D,Engineer,2,4781,10,9,No,29,6,3,1,4,3,0.28,1,0
788,32,Female,Finance,Technician,3,14313,1,0,No,35,8,3,4,3,1,0.49,0,0
789,39,Male,R&D,Engineer,4,4145,15,6,No,36,6,2,2,1,3,0.13,0,1
790,44,Male,Finance,HR Specialist,4,2275,8,3,Yes,35,5,4,4,1,2,0.11,0,0
791,23,Female,Marketing,Sales Executive,4,3266,9,2,No,30,1,3,4,4,4,0.11,1,0
792,29,Male,IT,Engineer,1,14165,9,0,Yes,15,2,3,3,2,1,0.09,1,1
793,22,Female,Sales,Sales Executive,4,8576,2,7,No,29,6,2,1,2,1,0.49,0,0
794,37,Female,Finance,Engineer,1,6104,16,7,No,25,0,2,3,1,1,0.12,0,0
795,55,Female,Sales,Technician,5,13135,13,3,Yes,11,0,2,4,4,2,0.84,1,1
796,41,Male,Finance,HR Specialist,5,13172,18,1,No,37,2,3,4,4,4,0.29,0,0
797,53,Male,HR,Engineer,1,4319,17,3,Yes,4,4,3,1,1,1,0.96,0,1
798,27,Female,IT,Analyst,5,2031,17,6,No,12,2,4,4,3,3,0.57,1,0
799,59,Female,Marketing,Technician,2,2851,13,3,Yes,32,8,3,3,2,2,0.63,1,0
800,38,Male,IT,Analyst,2,10796,2,2,Yes,5,6,3,1,3,3,0.62,0,0
801,56,Male,Sales,Technician,5,13391,9,9,No,37,1,2,1,4,1,0.33,1,0
802,25,Male,HR,Technician,3,7868,12,0,Yes,37,9,4,2,1,3,0.87,1,0
803,45,Female,R&D,Consultant,1,12256,11,8,No,25,9,4,3,2,4,0.99,0,0
804,53,Female,IT,Engineer,5,9720,8,4,Yes,4,2,3,4,4,4,0.16,1,1
805,25,Male,Marketing,HR Specialist,1,13736,9,1,Yes,24,2,3,2,1,3,0.49,1,0
806,56,Male,HR,Consultant,5,12540,18,5,No,36,8,1,3,2,2,0.5,0,0
807,52,Male,HR,HR Specialist,2,3807,15,1,No,2,6,4,2,3,2,0.78,0,1
808,41,Female,Sales,Manager,3,14051,2,5,No,35,2,3,3,4,2,0.43,1,0
809,40,Female,Marketing,HR Specialist,1,14329,11,8,No,36,0,2,1,3,1,0.68,0,1
810,25,Male,HR,Sales Executive,3,8195,7,1,Yes,8,3,3,2,2,4,0.36,1,0
811,25,Male,HR,Engineer,2,8331,14,0,Yes,9,4,3,4,3,2,0.06,1,1
812,23,Female,R&D,Analyst,4,8063,10,6,No,28,8,3,3,3,4,0.46,1,1
813,49,Female,Sales,HR Specialist,4,12390,12,7,Yes,10,3,3,3,1,2,0.75,0,1
814,30,Male,Sales,Analyst,1,9411,5,1,No,5,9,3,2,2,2,0.65,0,0
815,49,Male,Marketing,Manager,2,14064,12,3,Yes,37,1,4,1,4,3,0.53,0,1
816,50,Male,HR,Engineer,1,5562,10,7,No,31,0,4,3,1,1,0.91,1,1
817,43,Female,R&D,HR Specialist,1,5198,5,3,Yes,29,4,4,3,4,2,0.48,0,0
818,28,Male,Finance,Consultant,1,6504,5,8,Yes,3,2,2,1,3,2,0.36,0,0
819,22,Female,IT,Analyst,3,9985,4,0,Yes,26,8,2,1,1,1,0.4,0,0
820,50,Female,Sales,Consultant,5,12084,6,9,No,31,2,3,4,3,3,0.72,1,1
821,59,Male,R&D,Technician,2,14631,18,6,Yes,2,2,3,2,3,2,0.33,0,1
822,56,Male,Marketing,Consultant,3,8734,10,2,No,15,1,3,1,1,2,0.64,1,1
823,55,Female,R&D,HR Specialist,5,13361,5,9,Yes,13,2,4,2,1,3,0.39,0,1
824,43,Male,HR,Manager,1,8989,8,2,Yes,28,8,4,1,2,3,0.58,1,0
825,50,Female,IT,Consultant,4,4947,19,6,Yes,14,6,3,4,2,3,0.23,0,1
826,25,Male,Sales,Technician,3,6123,17,5,Yes,12,1,3,4,4,3,0.2,0,0
827,21,Male,Finance,Analyst,2,13292,7,2,No,15,2,3,3,1,4,0.54,1,0
828,39,Male,HR,Analyst,2,14113,17,1,No,21,7,2,1,3,2,0.27,0,1
829,47,Male,Sales,Engineer,5,14921,4,5,Yes,29,9,2,1,3,4,0.1,0,1
830,30,Female,Marketing,Consultant,3,14499,5,9,No,35,7,2,1,4,2,0.26,0,0
831,23,Female,Sales,Consultant,1,6783,1,6,No,20,9,4,4,2,3,0.4,0,0
832,34,Female,R&D,Engineer,5,13880,3,8,Yes,18,0,3,4,1,3,0.32,0,0
833,25,Male,IT,Analyst,2,7599,18,8,Yes,38,0,4,1,2,3,0.61,1,1
834,49,Female,Finance,Technician,3,2071,3,8,Yes,15,7,3,1,4,2,0.36,1,1
835,57,Female,IT,Consultant,4,12349,15,9,Yes,12,7,3,2,2,1,0.19,1,1
836,21,Female,R&D,Engineer,1,11328,0,0,No,34,1,4,2,1,2,0.91,1,1
837,34,Male,Finance,Analyst,2,7516,15,3,Yes,5,7,2,4,3,3,0.58,1,0
838,30,Female,Finance,Technician,3,14519,0,3,Yes,17,0,1,2,2,1,0.23,0,1
839,27,Male,HR,Sales Executive,4,14269,16,9,No,13,4,3,3,1,1,0.33,0,1
840,45,Male,Finance,HR Specialist,2,10234,4,7,Yes,13,9,4,2,1,3,0.57,0,0
841,24,Female,Sales,Consultant,4,6360,15,2,Yes,36,4,3,3,1,1,0.13,0,0
842,25,Male,IT,Sales Executive,2,3831,2,0,No,16,7,1,3,3,1,0.38,0,0
843,45,Female,Marketing,Sales Executive,5,2045,9,2,No,3,7,3,4,1,3,0.19,0,1
844,23,Female,Marketing,HR Specialist,5,10174,17,5,Yes,2,9,3,3,2,2,0.36,0,0
845,38,Female,IT,Analyst,5,13833,17,6,No,25,3,3,2,2,1,0.44,0,0
846,39,Female,HR,Analyst,3,9392,16,8,Yes,3,1,2,1,4,3,0.55,0,1
847,52,Female,Finance,Engineer,5,8071,10,4,No,11,5,3,2,1,2,0.02,1,0
848,39,Male,R&D,Manager,3,3675,8,4,No,11,3,3,2,3,2,0.69,0,1
849,31,Female,Sales,Analyst,1,9268,10,2,Yes,10,1,1,2,3,1,0.91,1,0
850,20,Male,HR,HR Specialist,5,13544,8,2,Yes,28,8,1,4,1,3,0.3,0,0
851,45,Female,Finance,Manager,3,8381,16,8,Yes,11,8,3,2,3,4,0.1,0,1
852,33,Female,Marketing,HR Specialist,2,8744,19,2,Yes,7,6,2,2,1,2,0.9,1,1
853,57,Female,R&D,HR Specialist,3,11461,4,2,No,29,1,4,4,3,2,0.43,1,0
854,56,Male,Finance,HR Specialist,3,14175,11,8,Yes,1,2,2,2,4,4,0.69,0,1
855,30,Male,HR,Consultant,2,8834,17,3,Yes,15,8,3,4,4,2,0.61,0,0
856,55,Male,R&D,Consultant,3,14155,15,5,Yes,7,7,3,1,4,4,0.86,0,1
857,32,Male,R&D,Manager,2,5023,8,0,No,4,9,4,2,3,2,0.49,0,1
858,22,Female,R&D,Sales Executive,4,4790,7,1,Yes,3,1,2,1,1,3,0.7,1,1
859,52,Female,R&D,Consultant,5,13362,5,2,No,20,4,3,3,2,3,0.05,0,0
860,25,Male,Finance,Technician,1,8343,16,1,Yes,3,1,4,3,2,2,0.01,0,1
861,29,Male,R&D,HR Specialist,3,3012,13,9,No,29,0,4,1,4,4,0.78,0,0
862,24,Male,Finance,Consultant,2,6589,13,2,No,20,8,2,4,2,2,0.77,1,0
863,42,Female,R&D,Engineer,5,5507,3,4,No,10,6,2,1,2,1,0.15,0,0
864,29,Male,R&D,Analyst,3,6802,7,0,No,35,3,2,3,4,3,0.62,0,0
865,21,Male,HR,Technician,5,4071,16,0,No,26,2,3,2,2,4,0.33,0,0
866,32,Female,Finance,Analyst,4,9530,0,6,Yes,30,2,3,2,4,3,0.2,0,1
867,59,Male,Marketing,Analyst,3,12197,2,8,No,26,6,1,1,4,2,0.94,0,1
868,21,Female,Finance,Manager,2,4317,16,8,No,37,9,3,3,4,1,0.93,0,1
869,39,Female,IT,Engineer,4,7347,19,6,No,20,8,1,2,2,3,0.68,0,1
870,20,Female,Marketing,Engineer,3,4175,2,1,Yes,9,6,3,1,4,1,0.99,0,1
871,56,Female,HR,Technician,5,14830,6,6,Yes,11,1,4,3,1,2,0.18,1,1
872,28,Female,Finance,Engineer,4,11978,10,8,No,33,5,3,4,3,3,0.83,1,0
873,36,Male,HR,Engineer,2,13321,14,6,Yes,30,7,3,4,4,1,0.56,0,0
874,28,Male,Marketing,Engineer,3,4372,6,1,Yes,30,6,3,4,2,3,0.18,0,0
875,30,Female,HR,Technician,5,8802,4,6,Yes,23,1,4,3,2,2,0.62,0,1
876,34,Female,HR,Sales Executive,5,7225,16,3,Yes,36,6,4,1,3,3,0.99,0,1
877,43,Male,Sales,Engineer,4,11652,4,7,Yes,24,8,3,1,1,4,0.22,1,1
878,57,Male,Finance,Consultant,3,8228,0,2,Yes,31,2,4,3,1,2,0.47,0,1
879,54,Female,HR,Engineer,5,7121,6,4,Yes,23,2,1,2,1,4,0.1,0,0
880,49,Male,Sales,Manager,4,10050,16,2,No,36,4,2,3,3,1,0.26,0,0
881,50,Male,Sales,Manager,1,9732,7,6,Yes,34,8,4,2,1,1,0.3,0,1
882,24,Female,R&D,Consultant,5,11656,11,2,No,21,0,3,3,4,1,0.57,0,0
883,33,Male,R&D,Engineer,4,13233,1,9,No,26,6,2,4,2,4,0.07,0,0
884,30,Male,Marketing,Sales Executive,1,7144,16,4,Yes,7,6,3,2,2,2,0.88,0,0
885,28,Male,Finance,Engineer,4,11250,19,0,Yes,25,3,3,3,4,4,0.96,1,0
886,53,Male,R&D,Consultant,5,8812,13,3,Yes,3,5,3,1,1,1,0.68,0,1
887,31,Female,Marketing,Engineer,1,11163,2,5,Yes,18,0,2,3,3,2,0.67,0,1
888,54,Male,Finance,Engineer,4,12582,18,1,No,6,9,1,1,4,1,0.3,1,1
889,54,Female,Marketing,HR Specialist,3,9824,13,5,Yes,13,3,3,2,1,4,0.89,0,1
890,20,Male,Sales,Sales Executive,1,7455,7,9,No,2,2,4,2,4,4,0.82,0,0
891,59,Female,Sales,Analyst,4,13191,6,6,Yes,13,4,1,4,4,2,0.12,0,0
892,41,Female,Finance,Consultant,3,4504,4,7,Yes,1,7,3,3,4,3,0.72,1,0
893,48,Male,Marketing,Engineer,1,11090,2,2,No,2,4,4,1,3,1,0.13,0,0
894,27,Female,Marketing,Consultant,4,12005,0,9,No,4,0,1,1,4,3,0.24,0,1
895,30,Female,R&D,Analyst,5,3502,18,2,No,13,1,3,4,2,2,0.82,0,0
896,56,Female,R&D,Sales Executive,1,9042,14,4,Yes,30,1,2,2,4,2,0.48,0,1
897,33,Female,Finance,Consultant,1,10534,0,2,No,12,8,3,3,2,1,0.45,0,1
898,49,Female,IT,Engineer,3,5860,4,8,No,33,9,3,1,1,3,0.25,1,0
899,54,Male,R&D,Analyst,4,9858,19,6,No,38,6,4,1,3,2,0.62,1,0
900,40,Female,HR,Consultant,5,13543,10,4,Yes,34,3,3,3,4,1,0.14,0,1
901,56,Female,R&D,Technician,3,9519,13,4,No,3,8,2,1,2,3,0.8,0,1
902,24,Male,IT,Analyst,1,4860,17,0,No,9,8,3,4,3,1,0.53,1,0
903,38,Male,Marketing,Sales Executive,3,3248,19,8,Yes,7,6,4,2,2,4,0.85,0,1
904,33,Female,Sales,Engineer,3,9083,8,1,No,4,8,1,2,4,3,0.49,0,0
905,45,Male,Sales,HR Specialist,3,11400,14,6,No,28,8,2,4,1,2,0.29,0,0
906,23,Male,Marketing,Sales Executive,1,7010,10,6,No,32,6,4,3,1,2,0.01,1,1
907,44,Male,Sales,HR Specialist,2,8305,4,1,No,1,4,3,1,2,2,0.41,1,0
908,44,Male,R&D,Engineer,3,7762,14,7,Yes,13,8,3,4,4,3,0.95,0,0
909,37,Male,Sales,Analyst,2,6390,1,7,No,36,2,3,2,4,3,0.84,0,0
910,59,Male,IT,Technician,5,4139,11,8,Yes,26,3,2,4,2,1,1.0,0,1
911,27,Female,IT,Technician,5,11802,6,1,No,13,5,4,4,3,2,0.16,1,1
912,58,Female,R&D,Consultant,5,12171,1,0,Yes,22,6,3,1,4,4,0.64,0,0
913,59,Male,Marketing,Sales Executive,4,9335,7,8,Yes,24,9,3,2,2,4,0.13,1,1
914,33,Male,HR,Sales Executive,1,12989,8,2,Yes,11,7,3,2,4,3,0.91,0,0
915,51,Female,R&D,Sales Executive,2,10748,4,9,Yes,25,3,2,2,1,4,0.35,0,0
916,57,Male,Sales,Manager,4,8118,14,1,No,15,8,2,1,4,2,0.89,0,1
917,52,Female,R&D,Technician,2,5994,18,9,Yes,36,2,3,2,2,3,0.2,0,1
918,42,Male,IT,Technician,1,14596,18,1,Yes,38,2,3,3,1,3,0.16,0,1
919,34,Female,R&D,Engineer,3,13878,12,1,No,34,4,3,3,3,4,0.18,0,0
920,52,Female,R&D,Manager,4,3152,12,7,Yes,34,1,3,1,2,3,0.78,0,1
921,44,Male,HR,Sales Executive,1,5744,5,2,No,32,0,3,2,4,1,0.86,1,0
922,36,Male,IT,Sales Executive,4,5621,0,0,Yes,38,8,3,3,1,4,0.04,0,0
923,52,Male,Finance,HR Specialist,5,7890,9,7,No,25,7,4,3,4,2,0.15,0,0
924,21,Male,Finance,Consultant,4,13551,5,1,No,3,2,3,2,1,4,0.0,1,1
925,33,Female,IT,Manager,3,11164,2,5,Yes,29,4,2,1,4,3,0.06,0,0
926,59,Male,Finance,Consultant,3,5907,12,7,No,21,7,3,4,1,3,0.09,1,1
927,59,Female,Sales,Analyst,2,5728,18,9,Yes,9,1,4,1,3,4,0.29,0,0
928,58,Male,Finance,Consultant,4,9747,9,8,Yes,21,6,4,4,1,1,0.21,1,1
929,25,Female,Sales,Technician,5,13603,12,0,Yes,21,8,3,1,3,2,0.66,0,1
930,25,Male,IT,Engineer,3,5066,6,8,No,7,3,1,4,4,3,1.0,0,0
931,22,Male,Finance,Analyst,2,11483,14,7,No,32,1,3,1,4,2,0.66,1,1
932,26,Female,Finance,Analyst,5,14505,3,5,Yes,22,8,3,2,3,4,0.0,0,1
933,27,Male,Marketing,Engineer,5,4860,10,4,No,11,9,3,4,2,1,0.13,0,0
934,34,Male,Sales,Sales Executive,5,2163,7,5,No,34,0,2,1,3,4,0.11,0,1
935,48,Male,Sales,Technician,1,14111,1,1,Yes,14,5,3,2,2,1,0.42,0,1
936,52,Male,R&D,HR Specialist,3,3714,0,2,No,22,7,3,2,4,2,0.28,0,0
937,49,Male,HR,Sales Executive,1,5462,0,8,No,25,1,1,2,2,2,0.96,0,1
938,58,Female,Finance,Consultant,1,3440,15,2,Yes,16,9,3,1,2,2,0.17,0,0
939,46,Male,Marketing,Sales Executive,3,12287,17,9,Yes,33,6,4,1,1,2,0.67,0,0
940,55,Female,HR,Manager,4,7313,10,6,No,2,6,3,4,2,3,0.16,0,0
941,48,Male,Marketing,Analyst,2,10992,7,3,No,39,2,3,4,1,1,0.54,1,0
942,57,Male,HR,Analyst,3,12957,18,8,No,6,9,3,2,2,3,0.02,0,1
943,52,Female,Finance,Technician,2,8227,11,3,Yes,34,3,2,4,2,4,0.05,0,1
944,56,Female,Marketing,Consultant,4,4660,5,9,No,37,7,1,2,4,3,0.03,1,0
945,46,Female,Sales,Analyst,3,3690,15,9,No,22,5,3,2,1,3,0.16,0,0
946,52,Female,R&D,HR Specialist,5,2233,7,5,No,16,1,3,2,2,4,0.0,0,0
947,23,Female,Marketing,HR Specialist,3,3876,6,1,Yes,7,5,3,2,2,4,0.49,0,0
948,41,Male,IT,Consultant,4,11153,19,6,No,13,6,3,3,1,3,0.39,0,0
949,21,Female,Finance,HR Specialist,1,5370,2,2,No,17,7,2,2,1,4,0.06,0,1
950,29,Female,Finance,Engineer,3,8339,0,0,Yes,3,7,3,2,4,4,0.08,0,0
951,24,Male,IT,Consultant,5,7109,5,6,No,12,7,1,3,1,1,0.77,0,1
952,29,Male,HR,Technician,3,3045,2,4,No,6,7,2,3,2,1,0.02,0,1
953,52,Female,R&D,HR Specialist,1,8091,18,6,Yes,12,5,3,4,3,4,0.92,1,0
954,57,Female,HR,Manager,3,6481,1,0,No,11,0,4,4,4,3,0.37,0,1
955,32,Female,IT,Manager,5,6459,16,4,No,19,3,3,2,1,3,0.14,0,0
956,50,Male,IT,Sales Executive,4,10033,15,1,Yes,31,1,4,2,4,1,0.86,0,1
957,55,Female,R&D,Sales Executive,5,8417,6,0,No,2,9,3,1,2,4,0.35,0,1
958,43,Male,IT,Technician,4,3407,5,5,No,32,6,2,3,3,1,0.57,0,1
959,34,Male,IT,Consultant,5,2207,10,4,No,18,0,3,2,3,1,0.49,0,0
960,48,Male,Marketing,Sales Executive,2,6370,14,3,No,4,4,4,3,4,4,0.6,0,0
961,27,Male,R&D,Sales Executive,3,9150,10,0,No,22,9,3,2,2,1,0.18,0,0
962,24,Female,Finance,Manager,3,11944,6,4,No,14,7,4,4,3,4,0.4,1,0
963,48,Male,HR,Sales Executive,1,10687,14,6,Yes,14,3,3,1,1,4,0.3,0,0
964,23,Male,Finance,Manager,2,2901,15,0,Yes,37,6,3,3,2,3,0.78,0,0
965,31,Female,Finance,HR Specialist,1,13790,7,3,Yes,29,4,3,1,4,1,0.78,0,1
966,21,Male,Marketing,HR Specialist,3,12398,4,5,Yes,34,0,2,2,2,4,0.99,0,0
967,46,Female,HR,Technician,1,9083,16,7,No,6,1,2,3,4,4,1.0,1,1
968,50,Male,Finance,Engineer,4,3749,1,6,Yes,12,4,4,4,4,3,0.1,0,0
969,55,Female,R&D,Sales Executive,2,10651,6,6,Yes,24,6,3,1,1,2,0.46,0,1
970,55,Male,HR,HR Specialist,5,6489,5,7,Yes,29,6,4,2,3,3,0.75,1,1
971,45,Male,Sales,HR Specialist,4,11108,11,6,Yes,10,8,1,4,2,1,0.67,0,1
972,46,Female,Marketing,Consultant,5,8582,15,3,No,36,2,3,1,2,3,0.49,0,0
973,24,Male,Finance,Technician,1,10030,10,5,No,34,3,3,4,1,1,0.1,0,1
974,39,Male,IT,Analyst,3,14451,16,1,No,32,2,3,4,2,2,0.47,1,1
975,30,Female,HR,Analyst,4,6734,9,7,Yes,32,7,3,1,4,1,0.96,0,1
976,29,Male,Sales,Technician,2,13593,15,2,Yes,15,8,3,4,2,1,0.44,0,1
977,59,Male,IT,Manager,5,6665,15,3,Yes,9,7,3,2,2,1,0.03,0,1
978,57,Female,Sales,Engineer,4,4194,14,1,Yes,36,1,2,2,4,1,0.4,0,0
979,25,Female,Finance,Consultant,3,9126,14,8,No,22,9,4,4,1,3,0.47,1,0
980,27,Female,IT,Consultant,2,2959,19,1,No,13,0,4,3,2,1,0.74,0,1
981,42,Female,Finance,Technician,2,12349,3,5,Yes,14,4,3,1,1,2,0.23,0,1
982,45,Female,IT,Analyst,5,10585,2,2,No,26,1,4,3,2,4,0.58,0,1
983,31,Male,HR,Engineer,4,13824,13,5,Yes,25,2,4,2,3,3,0.17,0,1
984,45,Female,R&D,HR Specialist,4,6538,9,3,Yes,22,8,1,2,3,1,0.62,0,1
985,32,Male,R&D,Technician,2,6058,5,7,No,30,2,3,1,4,2,0.52,0,1
986,59,Female,Sales,Manager,1,6842,10,2,No,13,0,3,2,2,3,0.86,1,0
987,37,Male,Marketing,Engineer,2,4177,3,7,Yes,32,8,2,1,2,3,0.46,0,1
988,44,Male,IT,Analyst,3,12058,9,2,Yes,37,1,2,3,1,1,0.29,0,0
989,52,Female,Finance,HR Specialist,4,3799,15,4,No,19,9,2,1,4,2,0.53,0,0
990,59,Male,Marketing,Technician,5,9570,7,1,No,35,5,3,2,3,3,0.56,0,1
991,31,Male,HR,Consultant,4,10696,8,5,Yes,29,6,2,3,4,1,0.09,1,0
992,55,Female,HR,Sales Executive,2,2719,3,6,Yes,7,8,2,3,3,4,0.57,0,0
993,23,Female,HR,Consultant,3,3987,16,7,No,35,7,3,1,4,1,0.69,0,1
994,24,Female,R&D,Consultant,1,7773,9,3,No,39,5,2,3,2,2,0.88,1,0
995,56,Female,Finance,HR Specialist,4,11066,12,8,Yes,6,3,3,4,2,4,0.21,0,1
996,27,Male,HR,Analyst,2,4878,16,1,No,14,3,2,1,1,1,0.46,1,1
997,47,Male,HR,Technician,2,10825,18,7,Yes,28,3,3,3,1,2,0.06,1,0
998,50,Male,Sales,Analyst,2,14569,16,5,No,1,9,3,2,1,3,0.16,0,0
999,28,Male,IT,Sales Executive,3,4420,3,3,Yes,21,1,3,4,2,4,0.93,1,0
1000,48,Male,IT,Consultant,2,3324,5,1,No,27,6,3,4,4,3,0.94,0,0
1001,33,Male,IT,HR Specialist,2,3008,13,3,Yes,22,0,4,4,2,1,0.04,0,1
1002,59,Female,Marketing,Engineer,2,12525,8,2,No,11,4,1,2,1,2,0.53,0,1
1003,41,Male,Sales,Engineer,4,11331,5,3,Yes,9,3,4,4,3,3,0.14,1,0
1004,30,Male,R&D,HR Specialist,2,13412,9,3,No,10,1,3,4,2,2,0.7,0,0
1005,42,Male,Marketing,Engineer,3,2403,5,6,No,39,8,2,4,2,3,0.62,1,1
1006,20,Female,Sales,Consultant,4,13945,8,0,No,31,0,3,2,4,2,0.52,0,1
1007,56,Female,HR,Technician,2,8233,12,8,No,32,3,1,3,2,3,0.52,0,1
1008,40,Female,Finance,HR Specialist,1,13382,15,4,No,31,5,4,2,1,2,0.62,0,1
1009,45,Female,Marketing,HR Specialist,3,10887,15,2,No,8,3,3,2,2,3,0.44,0,1
1010,55,Male,Marketing,Analyst,1,11099,18,6,Yes,5,9,2,2,4,1,0.73,1,0
1011,42,Male,HR,Manager,3,14039,4,6,Yes,31,9,3,3,2,2,0.71,1,1
1012,20,Male,HR,Analyst,1,13356,10,7,Yes,7,3,2,3,3,1,0.34,0,0
1013,59,Female,Finance,Engineer,2,8772,14,9,No,14,1,3,2,1,3,0.72,0,1
1014,34,Male,IT,Manager,1,8590,7,3,Yes,25,9,1,2,4,2,0.34,1,0
1015,40,Male,Marketing,HR Specialist,1,12118,14,8,No,21,8,4,2,1,3,0.59,0,0
1016,28,Male,Sales,Engineer,3,2120,10,1,Yes,29,8,1,3,1,3,0.21,1,1
1017,28,Female,R&D,Sales Executive,2,8460,12,5,Yes,31,0,3,2,1,1,0.32,0,1
1018,29,Female,HR,Engineer,3,8281,1,2,No,4,0,3,1,2,1,0.22,0,1
1019,45,Female,HR,Manager,2,7862,1,7,No,29,7,3,4,1,1,0.99,1,1
1020,54,Male,R&D,Manager,5,4865,11,7,No,1,8,1,2,4,3,0.61,0,0
1021,44,Male,Sales,HR Specialist,4,5731,19,5,No,32,2,3,1,2,1,0.67,0,1
1022,45,Male,HR,Technician,4,14107,8,3,No,1,2,3,3,4,1,0.64,0,0
1023,30,Male,R&D,Sales Executive,3,5591,19,7,No,4,1,3,3,2,2,0.03,1,1
1024,57,Female,HR,HR Specialist,2,13768,14,5,Yes,20,8,3,1,1,2,0.72,1,1
1025,21,Male,IT,Sales Executive,1,6486,6,8,No,37,1,3,3,1,1,0.78,0,0
1026,26,Female,IT,Sales Executive,4,9172,13,6,No,14,6,2,1,2,4,0.34,0,1
1027,37,Male,HR,HR Specialist,3,4414,16,8,Yes,14,1,3,4,3,1,0.59,0,1
1028,46,Female,HR,Consultant,3,11032,1,7,Yes,2,9,3,1,3,1,0.03,0,1
1029,53,Male,IT,Engineer,3,8635,8,3,Yes,21,9,3,2,1,1,0.21,1,1
1030,46,Male,HR,Analyst,2,4805,12,5,Yes,29,5,2,2,4,4,0.19,0,1
1031,36,Female,Sales,Sales Executive,3,13498,4,6,Yes,12,2,3,4,2,3,0.26,1,0
1032,43,Female,Sales,Consultant,5,13625,3,3,Yes,18,0,4,3,4,3,0.38,0,0
1033,44,Male,Finance,Manager,1,8665,0,3,Yes,38,5,3,2,2,4,0.22,0,1
1034,26,Male,Sales,HR Specialist,3,7361,8,9,Yes,32,1,3,3,1,2,0.23,0,1
1035,25,Male,Marketing,Technician,2,3465,15,2,Yes,22,6,2,4,3,4,0.96,0,0
1036,43,Female,Marketing,Consultant,1,12048,18,9,No,36,8,4,3,3,1,0.25,0,0
1037,52,Male,Marketing,Engineer,1,12427,2,5,No,12,0,2,4,3,4,0.57,1,0
1038,48,Female,HR,Consultant,4,2403,2,1,No,21,3,3,3,4,2,0.64,0,0
1039,41,Male,HR,Sales Executive,3,8570,6,3,No,8,4,3,3,1,3,0.31,0,0
1040,45,Male,R&D,Technician,3,10604,17,7,Yes,28,8,2,1,1,1,0.07,0,1
1041,47,Male,Marketing,Consultant,2,11729,19,2,Yes,22,2,3,1,3,1,0.47,0,1
1042,40,Male,Marketing,Engineer,5,6249,6,7,Yes,16,5,2,2,4,3,0.99,1,0
1043,26,Female,Sales,Consultant,5,8346,15,6,Yes,12,4,3,4,4,4,0.29,0,0
1044,36,Female,IT,HR Specialist,4,10408,3,6,No,17,4,2,4,1,2,0.0,0,0
1045,39,Male,IT,Technician,5,8625,12,8,Yes,21,1,3,4,2,3,0.8,1,1
1046,39,Male,Finance,Manager,2,11216,9,3,No,7,9,4,3,4,2,0.25,0,0
1047,41,Male,R&D,Sales Executive,4,4813,1,7,No,20,4,4,1,4,1,0.85,0,1
1048,47,Female,IT,Sales Executive,3,2805,18,1,No,36,2,3,1,3,3,0.26,0,0
1049,59,Male,Finance,Technician,5,5349,13,2,No,13,1,2,4,1,4,0.87,1,0
1050,26,Female,Sales,Engineer,2,9361,5,3,No,29,5,3,1,2,3,0.91,1,1
1051,20,Female,R&D,HR Specialist,2,4816,12,8,No,37,0,3,3,2,3,0.58,0,1
1052,51,Female,R&D,Consultant,3,13001,11,0,No,8,5,2,1,4,1,0.83,1,1
1053,32,Female,Marketing,Consultant,2,11463,11,6,Yes,20,7,2,2,3,1,0.87,0,0
1054,49,Male,HR,Analyst,4,8231,11,1,Yes,10,2,2,4,2,2,0.35,1,0
1055,42,Male,Marketing,Sales Executive,4,10625,10,4,No,15,9,2,4,2,1,0.66,1,0
1056,38,Female,Sales,Consultant,1,9420,13,0,Yes,12,6,2,3,1,1,0.6,1,1
1057,51,Male,Marketing,Manager,3,10620,3,5,Yes,16,2,1,2,2,2,0.43,1,0
1058,49,Male,R&D,Sales Executive,2,11379,12,2,No,8,5,1,1,3,3,0.76,1,1
1059,48,Male,Marketing,Sales Executive,5,6257,7,5,No,20,6,4,3,4,3,0.47,0,0
1060,48,Female,Finance,Analyst,4,12746,2,7,No,14,2,2,1,4,1,0.27,1,0
1061,49,Male,Marketing,Analyst,3,4312,13,7,No,37,4,4,1,3,4,0.28,1,0
1062,35,Male,IT,HR Specialist,3,3995,18,3,No,26,2,4,1,1,4,0.0,1,0
1063,59,Male,Sales,Consultant,4,12349,17,6,Yes,38,3,3,4,1,3,0.08,1,1
1064,38,Male,Sales,Consultant,1,6995,10,5,No,29,4,3,4,4,2,0.14,0,0
1065,37,Male,R&D,Sales Executive,3,3742,12,1,Yes,13,6,2,2,1,3,0.71,0,1
1066,20,Male,Marketing,Sales Executive,2,11534,5,5,Yes,34,3,2,3,3,1,0.12,0,1
1067,33,Male,R&D,Engineer,5,3155,17,1,No,22,3,3,4,1,2,0.22,0,1
1068,21,Male,R&D,Engineer,5,5204,19,3,No,26,1,4,3,3,3,0.48,0,0
1069,47,Male,Finance,Consultant,4,10585,0,4,Yes,34,4,3,3,3,3,0.34,0,0
1070,49,Male,HR,Technician,3,8763,1,8,Yes,24,2,2,3,1,3,0.78,0,0
1071,57,Female,R&D,Technician,5,8947,6,2,Yes,21,3,3,2,2,4,0.1,0,1
1072,23,Male,HR,Manager,3,9202,4,4,No,31,7,3,3,1,4,0.98,0,0
1073,20,Female,HR,Consultant,4,13834,18,1,No,12,3,3,2,3,2,0.83,0,0
1074,27,Male,Sales,Consultant,1,6817,1,2,Yes,24,5,1,3,4,2,0.5,0,0
1075,48,Female,IT,Consultant,5,4040,2,4,No,21,2,3,4,4,2,0.13,0,0
1076,58,Female,IT,Manager,2,4078,19,6,No,4,0,3,2,4,4,0.1,0,0
1077,22,Male,Marketing,Engineer,4,4864,9,5,Yes,25,3,4,4,2,2,0.16,0,1
1078,51,Female,Finance,Technician,1,13653,9,1,Yes,8,5,2,4,1,3,0.18,0,0
1079,29,Female,Finance,Consultant,2,7829,7,8,No,36,8,1,1,2,1,0.75,0,1
1080,29,Female,IT,Manager,2,8249,8,7,No,34,4,4,1,3,1,0.97,0,0
1081,38,Male,Marketing,Sales Executive,5,9442,1,8,No,27,6,2,4,1,3,0.76,1,0
1082,53,Female,IT,Technician,3,7215,2,8,No,28,0,3,2,1,3,0.77,0,0
1083,52,Female,Marketing,Analyst,4,7112,15,4,Yes,29,7,4,2,4,2,0.95,1,0
1084,42,Male,Marketing,Technician,2,8937,3,6,Yes,29,3,2,2,2,1,0.1,0,1
1085,47,Female,Marketing,Sales Executive,5,6256,5,6,No,10,7,3,2,1,2,0.1,0,0
1086,51,Female,Marketing,Engineer,1,11521,12,9,Yes,32,8,3,4,4,2,0.9,0,1
1087,26,Female,Sales,HR Specialist,2,11838,5,8,No,8,2,3,3,2,4,0.55,1,0
1088,48,Male,Sales,HR Specialist,1,9891,9,8,Yes,17,3,3,3,2,3,0.25,0,1
1089,27,Female,IT,Engineer,4,8339,16,5,No,12,5,1,4,3,2,0.2,0,0
1090,20,Male,Marketing,Sales Executive,5,12847,7,2,Yes,26,2,3,1,1,3,0.61,1,1
1091,22,Female,R&D,Manager,1,4385,8,7,Yes,3,8,3,1,2,1,0.64,0,1
1092,43,Female,Marketing,Technician,3,13029,1,0,Yes,11,2,2,3,2,1,0.76,0,0
1093,42,Female,R&D,Technician,1,7429,16,9,Yes,14,6,3,2,2,2,0.65,0,1
1094,27,Female,Sales,Manager,1,7298,19,3,Yes,7,6,3,2,2,4,0.72,0,0
1095,56,Male,Marketing,HR Specialist,5,14624,10,9,Yes,26,4,1,2,3,2,0.71,1,0
1096,22,Female,HR,Consultant,5,5305,17,1,No,37,5,3,4,1,1,0.05,0,1
1097,52,Male,IT,Consultant,2,5320,2,4,No,33,0,3,3,1,1,0.71,0,0
1098,47,Female,Marketing,Engineer,1,8275,8,6,Yes,32,2,2,4,3,4,0.16,0,1
1099,27,Male,Finance,Consultant,1,8392,7,0,Yes,38,2,2,3,1,1,0.5,0,0
1100,53,Female,R&D,Engineer,5,14068,6,3,No,20,1,3,4,3,4,0.25,0,0
1101,54,Female,Marketing,Consultant,3,5526,6,2,Yes,10,0,4,1,4,3,0.68,0,0
1102,51,Male,HR,Analyst,5,8642,7,3,Yes,15,8,2,4,1,4,0.3,0,0
1103,43,Male,R&D,HR Specialist,3,14350,19,5,No,15,3,3,1,4,4,0.91,0,1
1104,33,Male,HR,Engineer,5,6914,4,9,Yes,6,7,3,4,2,4,0.05,0,0
1105,51,Male,IT,Analyst,4,12496,2,5,Yes,25,6,3,1,3,3,0.47,0,1
1106,35,Female,IT,Manager,1,11463,18,0,Yes,1,5,2,4,1,4,0.43,1,0
1107,23,Male,IT,HR Specialist,3,3287,1,2,No,6,0,3,3,2,2,0.19,0,1
1108,56,Male,Sales,HR Specialist,4,6944,13,0,Yes,13,2,4,3,4,2,0.07,0,1
1109,40,Male,HR,Engineer,3,2360,1,0,No,11,4,3,3,3,2,0.23,0,0
1110,33,Female,Marketing,Engineer,2,3974,9,0,Yes,24,0,2,2,2,2,0.13,0,1
1111,50,Female,Finance,Sales Executive,2,13119,19,2,No,20,0,3,4,4,4,0.19,0,0
1112,37,Female,Finance,Consultant,1,5464,9,1,Yes,26,9,3,1,3,1,0.86,0,0
1113,26,Female,IT,Manager,4,4226,16,3,No,25,8,2,1,3,4,0.72,0,0
1114,29,Male,Finance,Manager,4,7044,1,6,No,12,0,3,1,4,2,0.14,0,1
1115,26,Female,R&D,Technician,2,7625,0,1,No,9,3,2,2,3,4,0.9,1,1
1116,52,Male,HR,Analyst,1,3850,17,1,No,36,7,4,3,2,4,0.89,1,0
1117,42,Female,HR,Analyst,2,7932,3,6,Yes,9,8,2,1,1,2,0.25,0,1
1118,40,Male,HR,Sales Executive,4,12738,0,8,No,33,5,3,4,4,4,0.05,1,0
1119,38,Male,R&D,Technician,3,12916,16,2,No,34,7,3,4,4,2,0.69,0,1
1120,38,Male,Marketing,Manager,4,13866,2,9,No,24,5,1,1,1,1,0.58,0,1
1121,55,Male,Sales,Consultant,1,5905,1,7,Yes,33,7,2,2,3,2,0.38,1,0
1122,48,Male,R&D,Consultant,4,5775,17,5,Yes,33,6,3,1,3,2,0.05,0,0
1123,37,Female,HR,Consultant,5,14579,3,5,Yes,29,8,3,2,1,1,0.13,0,0
1124,21,Male,HR,Consultant,4,14875,2,2,No,38,8,3,4,1,3,0.6,0,1
1125,20,Male,HR,Analyst,5,2817,11,9,No,13,1,3,1,4,2,0.67,0,1
1126,24,Male,Marketing,Manager,2,4146,15,8,No,18,4,3,2,1,2,0.21,1,1
1127,39,Male,Finance,Consultant,5,9774,10,8,No,35,1,3,3,3,3,0.45,1,0
1128,30,Female,Sales,Manager,4,10372,9,3,Yes,2,5,3,2,1,3,0.87,0,1
1129,21,Female,R&D,Technician,4,9096,18,9,Yes,25,3,3,3,1,2,0.24,0,1
1130,22,Male,HR,Analyst,4,9833,9,5,Yes,6,7,2,1,2,2,0.88,0,1
1131,42,Male,IT,Engineer,1,6469,2,4,Yes,25,9,4,3,3,3,0.29,0,1
1132,31,Male,Sales,Engineer,2,7955,5,3,No,20,3,3,1,1,2,0.86,0,0
1133,39,Male,IT,Technician,5,6719,13,1,Yes,14,5,2,1,2,2,0.58,0,0
1134,24,Female,Sales,Analyst,3,9850,11,3,No,4,0,4,3,2,3,0.75,1,0
1135,56,Female,HR,Sales Executive,5,8014,7,6,No,8,3,4,1,3,1,0.34,0,0
1136,57,Male,Sales,HR Specialist,4,6958,1,2,Yes,34,3,3,1,4,3,0.14,1,0
1137,49,Male,Sales,Technician,3,8265,8,2,Yes,28,5,2,3,4,3,0.15,0,0
1138,28,Male,HR,Manager,3,2441,13,2,Yes,2,7,1,1,1,1,0.16,1,0
1139,53,Male,Marketing,Technician,5,9884,0,8,No,17,3,3,3,1,4,0.2,1,0
1140,54,Male,IT,HR Specialist,5,12484,2,0,Yes,4,3,2,3,3,2,0.88,0,0
1141,41,Female,Marketing,Technician,5,11854,19,4,Yes,34,2,4,1,4,2,0.49,0,1
1142,43,Female,IT,Analyst,5,9658,5,8,No,27,7,3,2,2,2,0.22,0,1
1143,36,Male,Finance,Manager,2,11062,19,6,No,19,5,3,4,3,1,0.63,1,0
1144,29,Female,IT,HR Specialist,1,13066,12,0,Yes,28,3,3,4,4,3,0.08,0,0
1145,49,Female,IT,Consultant,1,12691,10,3,Yes,38,4,3,4,2,4,0.18,0,0
1146,42,Female,Sales,Engineer,5,5212,14,5,No,34,1,3,3,1,1,0.55,1,1
1147,51,Male,Finance,Sales Executive,1,11848,17,4,Yes,32,8,2,1,3,4,0.48,0,1
1148,36,Female,HR,Technician,5,3896,18,1,No,31,7,4,1,3,1,0.22,1,1
1149,36,Female,HR,Technician,5,3089,18,0,No,6,1,3,2,1,3,0.05,0,0
1150,33,Male,R&D,HR Specialist,5,10674,5,3,No,6,7,2,3,4,4,0.6,0,0
1151,28,Female,Finance,Sales Executive,2,2308,14,9,No,28,5,1,2,2,3,0.89,0,0
1152,59,Male,Sales,Technician,4,10784,13,4,No,8,0,3,3,2,3,0.77,0,0
1153,21,Female,R&D,Engineer,1,14035,4,3,Yes,1,9,3,1,4,1,0.2,0,1
1154,44,Male,R&D,HR Specialist,1,3018,10,2,Yes,16,3,4,3,3,4,0.7,0,0
1155,58,Male,HR,Analyst,2,6493,19,9,No,19,4,2,1,4,4,0.23,0,0
1156,28,Female,IT,Manager,2,14756,12,7,No,18,1,3,4,4,4,0.76,0,1
1157,41,Female,Sales,Engineer,5,14904,12,5,Yes,30,9,2,1,4,3,0.76,0,0
1158,23,Male,Finance,Sales Executive,5,14384,3,2,Yes,16,4,1,2,2,4,0.22,0,0
1159,45,Male,R&D,Sales Executive,4,5261,8,5,No,33,0,3,4,2,2,0.02,0,0
1160,48,Female,Sales,Engineer,1,9084,12,9,No,28,1,2,4,1,3,0.52,1,1
1161,53,Female,HR,Consultant,2,6290,7,7,No,16,0,3,1,2,1,0.63,0,0
1162,42,Female,R&D,Analyst,4,9101,19,6,No,11,1,3,4,1,3,0.27,0,1
1163,56,Female,R&D,Technician,1,3357,10,0,Yes,6,1,2,4,2,2,0.42,1,0
1164,30,Male,Marketing,Analyst,4,2082,18,5,Yes,14,6,3,2,1,1,0.46,1,1
1165,25,Male,HR,Technician,4,10442,0,0,Yes,36,6,3,4,4,3,0.73,0,0
1166,37,Male,Marketing,Technician,5,11285,8,3,No,22,6,3,3,3,3,0.19,1,0
1167,40,Female,HR,Sales Executive,4,7411,1,9,Yes,23,1,2,3,4,3,0.09,0,1
1168,55,Female,HR,Technician,5,4387,3,2,No,31,2,3,4,3,2,0.27,1,0
1169,57,Male,Marketing,Engineer,1,3408,3,6,No,28,1,3,1,4,3,0.5,0,1
1170,53,Male,Sales,Consultant,1,11673,0,1,Yes,19,4,3,2,3,3,0.14,0,1
1171,36,Male,Sales,Technician,5,13403,17,3,No,22,2,2,2,2,1,0.23,1,0
1172,56,Male,Sales,Engineer,3,11290,13,4,No,1,9,2,4,3,2,0.5,0,1
1173,44,Male,IT,Manager,4,14387,12,1,Yes,3,5,1,1,3,3,0.72,1,1
1174,57,Male,R&D,Sales Executive,1,5728,7,8,No,8,5,2,2,1,1,0.03,1,1
1175,31,Female,Sales,Analyst,4,7294,5,1,No,13,4,3,3,4,2,0.57,0,0
1176,42,Male,IT,HR Specialist,3,14084,16,5,Yes,1,1,3,4,1,1,0.38,0,0
1177,41,Male,R&D,Analyst,4,10924,10,7,No,29,7,3,4,3,2,0.56,0,0
1178,40,Male,Sales,Analyst,3,2322,14,6,No,13,5,3,4,3,1,0.64,0,1
1179,46,Male,HR,Consultant,2,4057,6,5,Yes,29,1,1,2,2,1,0.04,1,1
1180,50,Male,Finance,HR Specialist,3,5060,7,7,No,30,0,3,4,2,3,0.54,1,1
1181,25,Male,Sales,Consultant,1,5700,10,4,Yes,16,5,2,3,4,1,0.95,0,0
1182,46,Male,Finance,Sales Executive,5,7635,1,9,No,34,1,3,2,4,2,0.42,1,1
1183,59,Female,Sales,Technician,5,5384,19,8,No,3,3,3,3,4,2,0.91,1,0
1184,53,Male,HR,Manager,4,11453,10,1,Yes,29,3,3,1,2,2,0.97,1,1
1185,31,Female,Finance,Analyst,2,10997,13,5,Yes,30,8,2,3,2,4,0.62,0,1
1186,26,Female,IT,Consultant,4,11725,12,9,No,34,9,3,4,1,3,0.52,0,0
1187,29,Female,HR,Technician,3,12233,7,6,No,4,9,1,4,4,3,0.77,0,1
1188,36,Male,Finance,Analyst,5,6225,11,8,No,8,6,2,3,4,4,0.79,1,1
1189,45,Male,Finance,Sales Executive,3,14016,8,4,Yes,18,8,3,3,2,2,0.62,0,1
1190,40,Male,Marketing,Sales Executive,5,5456,9,5,Yes,22,5,1,1,3,1,0.0,0,0
1191,47,Male,Marketing,Engineer,5,5664,10,8,No,10,0,2,4,4,2,0.65,0,0
1192,21,Male,HR,Sales Executive,5,5096,10,9,Yes,14,9,3,1,1,1,0.88,1,1
1193,20,Male,HR,Sales Executive,1,9428,15,5,No,31,7,2,2,1,1,0.07,0,0
1194,55,Male,HR,Analyst,3,9565,17,0,Yes,35,3,4,1,4,1,0.3,0,1
1195,45,Male,R&D,Manager,4,6659,8,3,No,2,9,3,3,2,1,0.86,1,1
1196,48,Male,IT,Consultant,2,11545,2,3,Yes,2,7,3,4,2,1,0.63,0,1
1197,40,Male,Sales,Analyst,4,2148,3,2,Yes,35,2,4,4,4,4,0.11,0,0
1198,30,Female,Marketing,Consultant,3,7730,19,7,No,34,5,3,3,1,2,0.6,0,0
1199,59,Male,Finance,Technician,2,9163,18,5,No,29,3,3,4,3,2,0.62,1,0
1200,30,Male,Marketing,Consultant,4,11975,9,6,No,6,9,4,1,3,3,0.11,0,0
1201,55,Male,Sales,Sales Executive,2,8262,12,8,No,4,3,2,4,4,2,0.17,0,0
1202,58,Female,HR,Engineer,3,7553,0,7,Yes,1,1,4,2,4,1,0.58,0,0
1203,59,Male,Marketing,Manager,5,12467,11,2,Yes,35,3,4,3,3,2,0.41,0,1
1204,54,Male,IT,Engineer,3,2614,10,3,No,26,0,1,3,2,4,0.23,1,1
1205,53,Female,IT,HR Specialist,1,12016,4,0,Yes,29,0,3,3,4,1,0.63,0,0
1206,43,Male,R&D,Engineer,2,10431,1,3,No,11,4,2,2,3,4,0.11,0,0
1207,41,Female,Marketing,Engineer,3,2912,16,8,Yes,4,0,4,4,3,3,0.11,0,1
1208,24,Female,HR,Technician,5,5013,16,4,Yes,22,2,2,1,4,2,0.01,0,1
1209,52,Female,Finance,Sales Executive,5,7409,19,2,No,33,2,3,3,1,2,0.65,0,0
1210,55,Female,R&D,Technician,3,13945,14,1,No,34,9,4,3,4,4,0.93,0,0
1211,39,Male,HR,Sales Executive,4,2158,3,5,No,31,3,3,4,2,2,0.02,1,0
1212,38,Female,R&D,Technician,3,14850,10,3,No,10,0,4,1,4,1,0.4,1,1
1213,54,Female,Marketing,Sales Executive,5,14763,0,5,No,35,6,3,2,3,3,0.18,0,1
1214,36,Male,Sales,Consultant,3,2547,9,2,No,28,3,4,1,3,4,0.65,0,0
1215,53,Male,Marketing,Sales Executive,1,7132,17,2,Yes,23,6,4,1,2,1,0.45,0,1
1216,28,Male,HR,Sales Executive,4,4900,14,0,Yes,12,4,1,2,4,4,0.59,0,0
1217,45,Female,Finance,Engineer,3,9674,18,8,Yes,29,0,3,1,3,2,0.84,1,0
1218,21,Male,Finance,HR Specialist,5,4265,3,6,No,2,3,4,2,4,3,0.57,0,1
1219,28,Female,HR,Sales Executive,3,10946,5,8,Yes,13,4,4,1,1,1,0.54,0,0
1220,28,Female,R&D,HR Specialist,3,2734,1,0,No,36,3,2,4,3,4,0.14,1,0
1221,59,Male,IT,HR Specialist,2,5791,12,7,Yes,26,6,4,2,3,3,0.46,1,1
1222,36,Male,HR,Analyst,3,13020,1,1,No,17,0,2,4,3,1,0.63,0,0
1223,20,Male,Marketing,Analyst,1,6317,12,2,Yes,33,8,4,1,1,3,0.71,1,1
1224,44,Male,Finance,Manager,5,12527,14,0,Yes,22,5,1,1,4,1,0.08,0,0
1225,59,Male,Sales,Consultant,2,3924,17,6,No,2,7,4,1,1,3,0.68,0,1
1226,44,Male,Finance,Technician,3,2523,10,4,No,10,7,1,4,3,2,0.2,0,0
1227,58,Female,IT,Analyst,4,11702,4,2,No,39,8,2,4,3,4,0.66,0,1
1228,54,Female,Finance,Sales Executive,1,12938,13,3,No,26,4,3,1,3,2,0.28,0,1
1229,22,Male,IT,HR Specialist,1,14968,15,9,Yes,30,7,2,1,1,2,0.59,0,1
1230,56,Female,HR,Technician,1,7924,13,5,No,22,7,3,2,1,1,0.16,1,1
1231,49,Female,Finance,Manager,2,10809,8,5,No,11,5,2,3,4,3,0.96,0,0
1232,57,Female,R&D,Analyst,3,2860,5,1,No,22,9,3,2,4,2,0.7,0,0
1233,53,Female,Marketing,Engineer,1,8184,8,6,Yes,24,7,3,3,2,1,0.25,0,0
1234,31,Female,R&D,Consultant,3,9492,4,1,No,29,4,2,3,3,1,0.83,1,1
1235,38,Female,Marketing,Technician,4,7880,10,8,No,10,9,2,1,4,4,0.96,1,0
1236,56,Male,Finance,Manager,3,9901,11,1,Yes,34,7,3,4,3,1,0.54,0,1
1237,36,Male,Finance,Sales Executive,3,14680,16,4,No,25,9,1,1,1,4,0.35,0,0
1238,29,Male,Marketing,Technician,3,3307,5,7,No,21,2,3,1,2,4,0.19,0,0
1239,31,Female,Sales,HR Specialist,5,8346,19,7,No,39,3,2,2,3,3,0.62,0,0
1240,35,Male,Finance,Sales Executive,2,13092,5,3,Yes,13,2,3,3,3,3,0.25,0,1
1241,43,Male,Sales,Sales Executive,3,4821,14,6,No,2,4,4,2,4,3,0.89,0,0
1242,38,Male,Sales,Technician,1,5865,16,7,No,6,4,4,1,2,3,0.27,0,1
1243,27,Female,Marketing,Engineer,5,13506,2,7,Yes,1,4,2,3,2,3,0.11,0,1
1244,50,Male,Sales,Engineer,3,8925,18,4,Yes,28,1,1,2,1,1,0.99,0,1
1245,40,Female,Sales,Technician,5,10226,1,9,Yes,22,8,2,2,1,1,0.39,1,0
1246,36,Male,HR,Technician,2,4100,8,1,Yes,11,6,4,2,3,1,0.66,0,0
1247,42,Male,R&D,Technician,5,11571,8,1,No,39,7,4,1,4,2,0.27,0,1
1248,56,Male,Sales,Consultant,1,14437,6,4,No,5,1,2,4,2,3,0.25,0,0
1249,35,Female,R&D,Consultant,3,2436,15,3,Yes,18,9,3,4,4,1,0.43,1,0
1250,25,Female,Sales,HR Specialist,1,14737,5,3,Yes,20,9,3,1,2,3,0.85,0,1
1251,27,Female,R&D,Analyst,4,4572,8,2,No,12,6,3,3,1,4,0.56,0,0
1252,44,Female,Finance,Sales Executive,5,6362,12,8,Yes,21,2,4,3,3,2,0.52,0,0
1253,37,Female,Finance,Technician,5,14171,1,7,Yes,27,4,4,3,2,2,0.39,0,1
1254,44,Male,R&D,Consultant,5,2308,13,3,No,34,6,3,2,3,1,0.25,1,0
1255,31,Male,Sales,Analyst,2,14552,4,6,Yes,18,8,4,3,1,2,0.76,0,0
1256,34,Female,HR,HR Specialist,1,2491,10,7,No,34,9,3,1,3,3,0.02,0,0
1257,45,Female,R&D,Sales Executive,4,7308,14,5,No,2,0,3,4,1,4,0.94,0,0
1258,45,Male,IT,Analyst,2,2521,5,1,Yes,14,5,4,1,4,4,0.77,0,1
1259,51,Female,HR,Sales Executive,2,3914,5,7,Yes,39,5,3,4,3,3,0.32,0,1
1260,29,Male,IT,Engineer,3,4925,15,2,Yes,1,1,1,1,2,1,0.84,1,0
1261,35,Female,R&D,Technician,4,11560,19,3,No,28,9,4,2,3,2,0.34,0,0
1262,26,Male,Sales,Engineer,5,5290,3,3,Yes,27,8,4,4,4,1,0.32,0,0
1263,36,Female,IT,Manager,5,12333,4,6,Yes,30,4,4,4,4,4,0.31,0,1
1264,42,Female,R&D,HR Specialist,3,5229,5,7,No,22,8,3,2,2,4,0.4,0,1
1265,45,Male,HR,Technician,5,14321,12,8,No,12,3,2,2,2,1,0.83,0,1
1266,40,Male,Sales,Analyst,1,13040,13,0,Yes,1,4,2,1,2,3,0.26,1,1
1267,41,Female,IT,Sales Executive,5,5577,12,0,No,33,4,3,1,1,1,0.62,0,1
1268,26,Female,R&D,Consultant,1,7609,9,6,No,1,4,3,1,2,4,0.17,0,0
1269,33,Male,Sales,Manager,3,4571,16,3,Yes,5,8,3,3,3,3,0.99,0,0
1270,34,Female,Sales,HR Specialist,3,2232,17,9,No,5,0,3,4,1,1,0.22,0,0
1271,26,Male,Finance,HR Specialist,1,11814,6,7,Yes,7,7,4,3,2,4,0.83,1,1
1272,28,Male,Sales,HR Specialist,5,4652,3,4,No,20,6,3,1,2,3,0.23,0,0
1273,27,Female,R&D,Analyst,3,8250,15,0,Yes,26,0,3,2,1,3,0.45,0,1
1274,42,Male,HR,Technician,3,3216,9,1,Yes,6,1,3,4,1,1,0.26,0,1
1275,48,Male,Marketing,Engineer,1,5539,19,9,Yes,26,0,3,3,2,1,0.74,0,0
1276,37,Female,Finance,Manager,3,2521,18,2,No,3,3,3,3,1,1,0.66,1,0
1277,50,Male,R&D,Analyst,5,14924,2,1,No,39,9,3,1,2,2,0.12,0,1
1278,49,Male,R&D,Sales Executive,3,13026,18,8,No,14,8,3,2,2,1,0.8,1,1
1279,58,Male,R&D,Analyst,1,5066,12,6,Yes,14,0,3,1,2,3,0.9,0,1
1280,54,Male,IT,Sales Executive,5,13391,7,1,Yes,20,2,2,1,4,3,0.07,0,1
1281,37,Female,IT,Sales Executive,4,2340,17,6,No,9,6,3,2,1,3,0.1,1,1
1282,58,Male,HR,HR Specialist,1,12936,18,9,Yes,6,3,2,1,3,1,0.06,0,0
1283,36,Female,R&D,Analyst,4,14138,17,0,Yes,2,5,4,3,4,2,0.26,0,0
1284,33,Male,IT,Engineer,3,14130,18,4,No,38,6,3,2,4,2,0.94,0,1
1285,50,Female,IT,Sales Executive,5,10250,3,4,Yes,33,5,3,3,3,3,0.19,1,1
1286,43,Male,IT,Consultant,3,5253,12,8,No,5,7,1,1,4,4,0.96,1,0
1287,54,Female,HR,HR Specialist,5,6681,11,3,No,13,1,3,2,1,2,0.3,0,0
1288,53,Male,HR,Engineer,2,7633,14,3,Yes,15,0,2,3,1,2,0.77,0,1
1289,22,Male,R&D,Analyst,3,2242,14,5,No,34,6,3,3,3,4,0.59,1,0
1290,56,Male,Finance,Engineer,3,2227,9,1,No,9,2,3,3,1,1,0.22,0,1
1291,59,Male,R&D,Analyst,3,8703,18,9,Yes,26,3,4,2,4,3,0.86,0,0
1292,45,Female,IT,Sales Executive,1,14805,7,5,No,30,6,4,3,4,3,0.04,0,0
1293,42,Female,Marketing,Manager,5,4602,18,6,No,22,1,2,4,3,2,0.01,0,0
1294,58,Male,IT,Manager,5,10318,8,3,Yes,25,6,3,2,2,3,0.44,0,1
1295,34,Female,Sales,Technician,5,6430,6,9,Yes,4,3,3,3,1,1,0.42,0,1
1296,23,Male,Marketing,Technician,1,6853,7,8,No,28,8,2,4,2,2,0.66,1,1
1297,48,Male,Marketing,Sales Executive,5,11623,8,4,No,37,0,1,2,4,2,0.03,0,0
1298,41,Female,R&D,Engineer,3,4168,16,2,No,10,2,4,3,4,4,0.68,1,1
1299,44,Female,IT,Analyst,4,14151,14,8,Yes,9,7,3,2,4,4,0.55,0,0
1300,32,Female,IT,Manager,2,4748,15,0,No,36,6,3,4,3,1,0.33,1,0
1301,37,Male,Finance,Analyst,5,3308,6,7,No,1,1,2,4,4,1,0.48,0,0
1302,52,Male,Sales,Sales Executive,1,12317,9,0,Yes,30,4,3,1,1,4,0.07,0,1
1303,35,Female,R&D,Engineer,1,3593,18,9,No,11,6,4,2,2,1,0.44,0,1
1304,21,Male,HR,Consultant,5,14271,5,7,Yes,25,4,2,2,2,1,0.55,0,1
1305,54,Female,R&D,Analyst,4,3493,11,4,Yes,11,9,3,3,1,2,0.64,0,0
1306,53,Female,Marketing,Engineer,5,12222,14,6,Yes,5,0,3,4,2,4,0.01,0,0
1307,49,Female,R&D,Consultant,1,13444,9,7,Yes,27,4,2,3,1,3,0.77,0,0
1308,32,Female,Finance,Manager,2,14552,17,0,No,23,9,3,1,2,4,0.3,0,0
1309,32,Female,R&D,Analyst,4,9883,3,0,Yes,19,2,3,1,2,4,0.36,1,0
1310,37,Female,Finance,HR Specialist,5,6777,10,6,Yes,3,0,4,3,2,1,0.75,0,0
1311,51,Male,Marketing,Manager,2,8438,4,0,Yes,8,9,3,1,3,3,0.98,0,1
1312,51,Male,Finance,Engineer,5,9108,12,3,Yes,36,3,3,1,4,3,0.54,0,1
1313,54,Female,IT,Sales Executive,4,10438,9,5,No,15,6,3,1,4,1,0.11,1,1
1314,58,Female,HR,HR Specialist,1,14711,6,1,No,13,6,3,4,4,3,0.63,1,0
1315,48,Female,Marketing,Technician,4,3082,10,9,Yes,30,1,1,2,1,3,1.0,0,1
1316,48,Male,Finance,Analyst,3,11673,3,4,No,10,1,2,2,2,3,0.0,0,1
1317,35,Female,Sales,Technician,5,2010,3,9,Yes,34,0,2,1,4,3,0.05,0,1
1318,29,Female,Marketing,Manager,2,4006,4,9,Yes,30,1,4,1,1,2,0.44,1,0
1319,49,Female,Sales,Analyst,2,13633,8,9,No,25,8,1,3,4,2,0.01,0,1
1320,44,Male,HR,Analyst,4,5529,0,5,Yes,6,8,3,4,2,4,0.33,1,1
1321,58,Female,Finance,HR Specialist,4,4292,15,4,No,37,6,2,1,4,1,0.21,1,0
1322,39,Male,Marketing,HR Specialist,4,2944,4,9,Yes,17,2,3,1,4,3,0.6,0,0
1323,24,Male,Marketing,HR Specialist,2,10626,4,7,Yes,36,7,3,1,4,4,0.22,0,1
1324,20,Female,HR,HR Specialist,1,13683,6,3,Yes,32,3,1,2,3,2,0.3,0,0
1325,49,Male,IT,Sales Executive,2,8248,7,7,No,22,4,4,3,3,4,0.94,0,1
1326,22,Male,Sales,Engineer,1,4289,18,2,Yes,33,9,3,1,4,1,0.65,0,1
1327,33,Male,Marketing,HR Specialist,4,5343,0,6,Yes,22,4,1,3,3,3,0.78,1,1
1328,49,Female,R&D,Manager,3,4566,17,4,Yes,36,1,3,4,3,3,0.54,0,0
1329,23,Male,Sales,Analyst,2,3759,10,4,No,18,8,2,4,1,2,0.11,0,1
1330,37,Female,Finance,Technician,4,7163,15,5,Yes,28,5,4,2,4,1,0.44,1,0
1331,56,Female,HR,HR Specialist,2,5875,10,4,No,13,5,3,3,3,3,0.21,1,0
1332,44,Female,Sales,Manager,4,4228,8,0,No,18,0,2,3,3,2,0.26,0,0
1333,20,Male,R&D,Sales Executive,2,10459,6,8,No,23,1,1,3,4,2,0.84,0,1
1334,34,Female,R&D,Manager,5,9019,14,3,No,35,3,1,2,3,1,0.89,0,0
1335,28,Male,HR,Technician,2,12390,10,4,Yes,18,7,1,3,3,2,0.22,0,1
1336,34,Male,HR,Technician,5,13879,18,0,Yes,10,7,1,1,3,1,0.44,0,1
1337,43,Male,Sales,Manager,1,6477,6,2,No,2,8,3,1,1,1,0.97,1,1
1338,23,Male,Finance,Sales Executive,2,7917,15,2,No,14,0,4,4,3,1,0.61,0,0
1339,31,Female,IT,Technician,1,2514,2,7,Yes,32,7,3,1,3,4,0.81,0,0
1340,56,Female,R&D,Sales Executive,3,3743,15,7,Yes,30,3,3,2,4,1,0.54,0,0
1341,56,Male,HR,Analyst,5,11121,7,8,Yes,19,4,2,4,3,4,0.49,0,0
1342,25,Female,IT,HR Specialist,2,14123,9,9,Yes,5,9,1,3,1,4,0.72,0,1
1343,58,Female,IT,Technician,1,9856,8,6,No,32,4,4,3,4,3,0.32,0,0
1344,43,Female,IT,Manager,4,3448,2,5,Yes,10,6,3,2,1,4,0.64,0,1
1345,30,Male,Finance,Engineer,1,5887,6,7,No,5,2,3,4,4,3,0.52,1,0
1346,32,Female,HR,Engineer,2,2198,7,2,Yes,14,4,4,3,3,4,0.73,0,0
1347,53,Male,R&D,Consultant,3,12247,2,9,No,39,6,2,4,3,2,0.14,0,0
1348,44,Female,HR,Analyst,5,3780,15,9,No,19,5,2,1,2,2,0.68,1,1
1349,26,Male,Sales,Engineer,4,6900,13,9,Yes,11,1,3,4,1,4,0.64,1,0
1350,23,Male,R&D,Analyst,1,6422,6,7,No,35,7,2,3,1,1,0.9,0,0
1351,27,Male,HR,HR Specialist,2,11905,3,2,Yes,39,8,1,3,4,3,0.38,0,0
1352,39,Female,R&D,Consultant,2,7713,5,1,No,38,8,4,4,2,2,0.85,1,1
1353,48,Male,Sales,Analyst,5,7743,6,8,No,22,8,2,3,2,1,0.03,1,1
1354,29,Female,Marketing,Sales Executive,4,13284,11,0,Yes,30,1,1,3,3,4,0.28,0,0
1355,53,Male,R&D,Sales Executive,1,5504,6,9,No,30,9,3,3,3,2,0.09,0,0
1356,45,Female,Marketing,Consultant,1,9672,0,9,Yes,11,2,4,4,2,3,0.25,0,0
1357,22,Male,IT,Sales Executive,1,4567,17,1,Yes,22,3,2,3,1,4,0.34,0,1
1358,25,Female,Finance,Technician,5,11121,10,6,No,10,1,3,2,4,4,0.62,1,0
1359,24,Male,Sales,Sales Executive,5,6625,10,0,Yes,19,5,2,1,1,1,0.06,0,1
1360,24,Male,R&D,Sales Executive,4,9090,16,4,No,15,6,4,2,3,2,0.21,0,0
1361,42,Male,Sales,Sales Executive,1,7352,11,8,Yes,35,8,3,2,4,3,0.73,0,0
1362,28,Female,IT,Sales Executive,1,3419,18,8,Yes,35,0,3,1,4,3,0.69,0,1
1363,54,Male,Marketing,Technician,4,12197,17,3,No,1,6,3,2,1,3,0.58,1,1
1364,39,Male,Finance,Sales Executive,4,11522,12,9,No,18,4,4,1,1,4,0.7,0,0
1365,54,Male,Sales,Sales Executive,4,4557,9,1,No,26,2,2,4,2,3,0.72,0,1
1366,37,Male,Marketing,HR Specialist,2,9870,18,8,Yes,18,4,4,1,3,1,0.21,0,1
1367,36,Female,IT,Technician,4,2423,3,3,Yes,18,5,3,1,4,3,0.53,0,0
1368,43,Male,IT,Sales Executive,3,2149,14,2,Yes,18,3,3,4,1,1,0.72,0,1
1369,22,Male,IT,Analyst,5,13655,17,2,No,32,9,4,1,1,3,0.67,1,1
1370,51,Female,Marketing,Consultant,4,11705,0,6,No,38,8,3,3,3,4,0.47,1,0
1371,54,Female,R&D,HR Specialist,2,12907,18,1,No,27,0,4,1,1,3,0.43,0,0
1372,57,Female,HR,Technician,3,13185,1,4,Yes,29,9,3,2,4,3,0.25,1,0
1373,32,Male,Sales,Engineer,2,10095,9,1,No,20,5,2,2,3,3,0.39,0,0
1374,44,Female,HR,Manager,2,2138,17,6,No,35,9,4,3,4,2,0.66,0,0
1375,28,Female,IT,Technician,2,9065,3,6,No,23,1,1,3,2,4,0.4,1,0
1376,23,Female,HR,Consultant,2,13917,9,2,Yes,12,6,3,3,3,3,0.57,0,0
1377,33,Male,Marketing,HR Specialist,1,3870,3,2,No,35,8,1,2,2,4,0.94,0,1
1378,56,Male,IT,Sales Executive,5,4061,17,7,Yes,36,5,1,3,1,1,0.05,1,1
1379,53,Male,IT,HR Specialist,1,12187,19,6,No,28,9,2,4,2,3,0.75,1,0
1380,30,Female,Finance,Manager,3,13010,3,3,No,37,8,4,2,4,2,0.73,1,1
1381,22,Male,Finance,Manager,1,10120,14,1,Yes,20,7,3,3,1,4,0.5,0,0
1382,47,Female,Marketing,Technician,3,12105,17,2,No,35,4,2,3,2,1,0.15,0,0
1383,48,Female,Marketing,Sales Executive,4,10181,8,2,No,7,7,3,4,3,1,0.36,0,0
1384,28,Female,HR,Sales Executive,3,6280,19,4,Yes,34,4,4,4,1,2,0.31,0,1
1385,22,Male,Sales,Analyst,1,7696,16,6,No,6,7,3,1,1,3,0.71,0,1
1386,44,Female,HR,Manager,1,2742,2,3,Yes,19,6,1,4,2,4,0.5,0,1
1387,53,Female,Marketing,Sales Executive,3,8424,12,0,No,8,4,4,1,3,3,0.35,0,1
1388,31,Male,Sales,Manager,1,6181,6,2,No,30,7,3,4,4,1,0.64,0,0
1389,28,Female,HR,Analyst,3,14425,13,2,No,2,5,2,4,3,1,0.26,1,0
1390,34,Female,R&D,Engineer,2,13729,5,0,No,16,6,3,2,2,1,0.64,0,0
1391,59,Female,R&D,Manager,5,10268,13,7,No,24,4,3,1,2,1,0.98,0,0
1392,44,Male,Sales,Analyst,3,3991,13,3,Yes,25,7,2,1,3,2,0.21,1,0
1393,24,Female,Finance,Analyst,2,7256,13,4,No,13,7,3,1,2,1,0.1,0,1
1394,30,Male,Sales,Consultant,2,5705,19,2,Yes,9,0,3,4,4,1,0.93,0,0
1395,53,Male,HR,Analyst,2,13214,17,3,Yes,30,7,4,1,3,1,0.36,0,0
1396,43,Female,IT,HR Specialist,2,3016,8,0,Yes,9,9,2,1,1,4,0.67,0,1
1397,34,Female,R&D,Technician,3,10288,11,3,No,7,7,3,1,1,4,0.35,1,0
1398,57,Female,IT,Sales Executive,1,2994,13,1,No,16,6,3,4,3,3,0.83,0,0
1399,27,Female,R&D,Manager,2,11746,15,9,Yes,38,5,2,1,2,4,0.49,0,1
1400,24,Male,HR,Technician,4,8941,1,5,Yes,32,9,3,2,4,2,0.31,0,1
1401,45,Male,R&D,HR Specialist,2,11224,15,1,Yes,29,2,3,1,2,3,0.82,0,0
1402,37,Female,Sales,Manager,1,10274,17,8,No,15,6,3,1,2,3,0.26,0,1
1403,25,Male,IT,Technician,1,11727,8,1,Yes,11,3,2,3,4,2,0.73,0,1
1404,56,Female,Marketing,HR Specialist,5,6525,7,3,Yes,9,7,4,4,4,3,0.33,1,1
1405,32,Female,IT,Sales Executive,5,7209,0,3,No,16,4,3,2,1,1,0.45,0,0
1406,47,Female,HR,Analyst,2,2512,4,0,Yes,25,2,3,2,4,1,0.63,0,0
1407,24,Female,Marketing,Technician,2,3922,6,6,Yes,32,5,2,3,1,4,0.65,0,0
1408,32,Male,IT,Technician,5,3697,9,0,Yes,10,5,2,2,3,1,0.47,0,1
1409,36,Male,HR,Manager,2,13677,10,7,Yes,10,5,2,2,3,2,0.14,1,0
1410,59,Female,Finance,Analyst,4,12752,11,2,Yes,30,7,4,2,2,1,0.75,0,1
1411,51,Female,Sales,Consultant,3,3914,0,7,No,20,0,2,1,1,1,0.89,1,0
1412,48,Male,R&D,Sales Executive,5,6753,5,7,No,34,9,3,1,3,3,0.92,0,1
1413,22,Male,R&D,Manager,5,8816,3,9,No,1,0,3,1,2,4,0.1,0,1
1414,59,Male,R&D,Engineer,1,14168,2,9,Yes,32,9,1,3,3,1,0.72,0,0
1415,53,Female,Finance,Engineer,2,10838,3,4,Yes,31,6,3,3,1,2,0.21,0,1
1416,59,Male,Sales,Engineer,5,2797,5,2,No,11,2,3,1,1,3,0.1,0,1
1417,46,Female,IT,Sales Executive,5,10268,4,8,No,19,7,3,4,1,4,0.07,0,0
1418,32,Female,IT,Engineer,4,8224,8,0,No,7,2,1,1,1,2,0.0,0,0
1419,52,Male,Sales,Technician,2,8697,3,0,No,29,5,4,4,3,2,0.92,0,0
1420,25,Female,Marketing,Consultant,3,12875,13,1,Yes,38,0,3,2,2,4,0.61,1,1
1421,43,Male,Sales,Manager,4,10933,14,9,Yes,36,1,3,4,1,3,0.6,0,1
1422,38,Female,R&D,Consultant,3,3225,3,5,No,33,6,3,3,2,2,0.81,1,0
1423,35,Female,IT,Consultant,1,7566,13,1,No,36,5,3,3,4,1,0.86,1,0
1424,59,Female,Sales,Consultant,5,14394,9,3,No,26,0,4,2,4,2,0.0,0,1
1425,47,Female,IT,Technician,4,11156,6,5,Yes,29,9,3,3,4,3,0.75,1,0
1426,52,Female,Sales,Engineer,3,7922,17,1,No,29,6,3,4,1,3,0.39,0,0
1427,32,Female,HR,Consultant,2,14973,19,3,No,35,3,2,1,3,1,0.33,0,0
1428,44,Male,R&D,Consultant,1,7036,14,6,Yes,3,0,3,1,1,1,0.74,0,1
1429,55,Male,Sales,Manager,1,10503,7,0,Yes,5,8,3,3,3,2,0.43,0,1
1430,46,Female,Finance,Technician,5,4646,8,8,Yes,33,2,3,3,4,3,0.99,1,1
1431,57,Male,Sales,Sales Executive,5,9684,4,9,Yes,11,8,4,4,4,3,0.84,0,0
1432,26,Female,HR,Analyst,3,4731,5,9,No,6,6,2,1,1,1,0.19,1,1
1433,24,Male,Finance,Technician,3,10824,11,6,Yes,2,7,3,4,4,2,0.51,0,1
1434,50,Male,Finance,HR Specialist,1,14955,6,8,No,13,6,3,3,1,1,0.7,0,1
1435,42,Female,Sales,Engineer,3,6694,6,6,Yes,1,9,4,3,3,1,0.33,0,1
1436,29,Male,HR,HR Specialist,5,7545,14,0,No,27,8,4,2,2,4,0.17,0,0
1437,51,Female,Finance,Analyst,1,5681,18,6,No,15,2,3,3,4,1,0.44,1,0
1438,49,Male,R&D,Sales Executive,1,2414,12,8,No,35,7,2,1,2,3,0.12,0,0
1439,58,Female,Marketing,Technician,2,13398,17,7,Yes,30,1,3,3,4,3,0.24,0,0
1440,50,Male,R&D,Sales Executive,2,11734,9,3,Yes,6,3,3,4,1,4,0.72,0,0
1441,37,Female,IT,Analyst,3,10963,7,4,Yes,34,9,4,3,1,3,0.41,0,0
1442,55,Male,IT,HR Specialist,3,6479,10,2,No,21,3,4,1,2,3,0.44,1,0
1443,21,Female,HR,Technician,5,9199,7,9,Yes,32,5,3,1,3,4,0.63,0,1
1444,33,Male,Finance,Engineer,5,12779,7,9,Yes,20,2,4,3,4,2,0.38,0,1
1445,32,Female,R&D,Manager,2,10678,14,1,Yes,35,0,1,4,1,4,0.45,0,1
1446,48,Male,R&D,Consultant,1,11971,1,2,Yes,9,9,4,4,3,3,0.75,0,0
1447,31,Female,Marketing,Sales Executive,4,9532,19,6,No,37,7,4,3,4,4,0.52,0,0
1448,58,Male,HR,Analyst,4,8407,12,7,Yes,6,8,4,3,2,2,0.84,0,1
1449,21,Female,Finance,Technician,3,9309,17,1,No,10,6,3,4,1,3,0.66,0,0
1450,51,Female,HR,HR Specialist,4,10221,11,8,No,9,8,2,4,2,3,0.46,0,0
1451,32,Female,Sales,Engineer,4,10321,7,3,Yes,33,5,4,4,2,4,0.91,0,0
1452,46,Female,R&D,HR Specialist,2,9945,16,1,No,16,2,3,3,3,4,0.42,0,1
1453,36,Male,HR,Engineer,1,7189,5,6,Yes,32,8,3,3,3,3,0.96,0,1
1454,59,Male,HR,Technician,5,6214,15,1,Yes,38,0,1,3,3,3,0.88,1,0
1455,50,Male,Marketing,Manager,2,4374,13,6,Yes,20,0,3,2,3,4,0.31,1,1
1456,53,Female,Sales,Manager,5,5983,9,7,Yes,20,1,2,4,1,2,0.02,0,1
1457,43,Female,IT,Consultant,2,13333,1,8,Yes,3,3,3,1,1,1,0.28,1,1
1458,54,Female,R&D,Analyst,2,2207,12,0,Yes,14,2,2,3,1,1,0.46,1,1
1459,25,Female,Marketing,Analyst,4,14378,0,1,No,21,0,3,4,3,1,0.9,0,1
1460,38,Female,HR,Engineer,5,14407,17,1,Yes,8,6,2,4,2,3,0.2,1,1
1461,49,Male,R&D,Engineer,2,10139,13,6,No,24,3,4,1,1,1,0.96,0,0
1462,26,Male,IT,Engineer,4,11173,2,5,No,21,0,3,2,3,4,0.98,1,1
1463,29,Male,HR,Engineer,3,6302,14,8,Yes,32,5,4,1,1,2,0.48,0,0
1464,51,Female,Sales,Consultant,5,14693,8,2,Yes,17,5,1,1,1,2,0.15,0,1
1465,53,Female,R&D,Technician,2,8911,12,7,Yes,4,0,4,4,4,2,0.76,0,1
1466,47,Female,Marketing,Technician,3,8690,4,4,No,23,6,1,1,1,4,0.35,0,1
1467,34,Female,Sales,Manager,4,12363,4,4,No,36,7,3,2,3,1,0.33,0,0
1468,49,Female,IT,Analyst,2,2111,1,9,Yes,22,4,4,4,1,2,0.1,1,1
1469,56,Female,IT,Consultant,4,9153,0,4,No,25,9,2,3,4,3,0.98,0,0
1470,48,Female,R&D,Analyst,4,6709,16,7,No,4,6,4,4,2,2,0.89,0,0
1471,41,Male,IT,Sales Executive,4,7040,18,6,No,10,7,3,2,1,4,0.3,0,1
1472,23,Male,Finance,Analyst,5,3409,16,6,No,24,6,3,2,3,1,0.06,1,1
1473,39,Female,Marketing,Analyst,3,10897,8,3,Yes,35,2,3,2,3,1,0.49,0,0
1474,51,Female,R&D,HR Specialist,3,7872,9,5,No,14,9,4,1,1,4,0.18,0,1
1475,55,Female,Finance,HR Specialist,1,10132,14,0,Yes,20,9,4,2,1,4,0.49,1,0
1476,23,Male,IT,Consultant,2,8275,12,5,No,14,1,3,2,2,1,0.78,0,0
1477,46,Male,R&D,Sales Executive,4,12971,16,4,No,39,8,2,4,2,1,0.37,1,1
1478,36,Female,Finance,Engineer,2,8993,6,0,No,9,4,2,4,2,2,0.58,1,0
1479,31,Male,IT,Sales Executive,3,6199,3,0,No,34,8,2,4,4,2,0.55,1,1
1480,41,Male,HR,Sales Executive,3,4600,2,2,Yes,20,3,2,4,3,3,0.4,0,0
1481,36,Male,HR,Manager,4,12807,0,3,Yes,3,0,3,1,1,2,0.97,0,0
1482,29,Female,Sales,Technician,5,6857,6,0,Yes,12,7,4,1,1,4,0.34,0,1
1483,20,Male,HR,Analyst,4,13166,4,9,Yes,39,4,4,1,1,4,0.03,0,1
1484,41,Male,Finance,Manager,4,9806,16,6,Yes,12,3,3,2,4,3,0.85,0,0
1485,45,Female,Marketing,Consultant,1,8805,16,1,Yes,22,8,2,4,3,4,0.93,0,1
1486,37,Female,HR,Technician,5,9498,14,3,Yes,35,8,3,1,2,1,0.49,0,0
1487,33,Male,R&D,Consultant,2,7039,2,8,No,31,1,2,3,4,4,0.08,1,0
1488,48,Female,R&D,Analyst,5,11039,2,7,Yes,7,0,3,3,4,4,0.09,0,1
1489,31,Male,R&D,Consultant,4,4943,1,1,No,9,7,2,1,3,3,0.57,0,0
1490,55,Male,HR,Sales Executive,4,10067,7,8,Yes,37,8,2,2,3,2,0.12,0,0
1491,54,Female,HR,Analyst,4,13412,12,0,Yes,22,3,3,2,1,1,0.2,0,0
1492,31,Female,Sales,Engineer,4,10360,5,5,Yes,9,0,3,3,3,2,0.78,0,0
1493,26,Male,Marketing,Engineer,4,8700,4,2,Yes,16,6,2,4,2,1,0.22,0,0
1494,48,Female,Marketing,Sales Executive,5,2984,12,0,Yes,21,4,3,2,1,3,0.39,0,0
1495,30,Female,IT,Consultant,4,3107,0,7,No,9,4,4,3,1,2,0.37,1,0
1496,52,Male,Sales,HR Specialist,3,12759,17,5,No,12,4,3,4,4,1,0.44,0,0
1497,25,Male,Finance,Engineer,3,10298,6,3,No,27,9,3,4,4,2,0.42,0,0
1498,34,Male,R&D,Sales Executive,1,9432,16,2,Yes,9,8,3,1,4,1,0.52,0,1
1499,51,Male,HR,Manager,2,12897,7,9,Yes,27,6,3,3,1,2,0.53,1,1
1500,30,Male,IT,HR Specialist,3,12270,18,1,No,28,1,2,2,2,3,0.22,1,1
1501,42,Male,IT,Engineer,1,13810,15,4,Yes,35,9,3,3,4,2,0.15,1,1
1502,45,Female,HR,Sales Executive,5,6342,13,7,No,38,8,4,2,4,4,0.19,0,0
1503,53,Female,Sales,Sales Executive,2,13165,19,7,No,32,3,4,3,4,4,0.2,0,0
1504,53,Male,IT,Manager,4,3553,9,2,Yes,3,4,3,1,3,2,0.82,1,0
1505,48,Female,Marketing,Manager,4,4002,1,8,Yes,9,1,3,3,1,1,0.93,1,1
1506,23,Female,Sales,HR Specialist,5,10104,15,9,Yes,3,2,3,1,3,2,0.74,1,0
1507,36,Male,HR,Technician,2,2497,12,4,No,36,4,3,1,1,3,0.04,1,0
1508,54,Female,Sales,Engineer,3,6949,4,6,Yes,13,0,3,1,2,2,0.6,0,1
1509,32,Female,Marketing,Sales Executive,2,14591,17,8,Yes,34,0,3,2,3,1,0.78,1,1
1510,58,Male,R&D,HR Specialist,1,3421,19,6,Yes,30,0,4,1,4,2,0.52,0,1
1511,34,Female,HR,Consultant,5,5474,10,9,Yes,16,6,4,2,3,4,0.08,0,1
1512,48,Female,Marketing,HR Specialist,3,14603,4,2,No,33,9,3,4,3,3,0.51,0,1
1513,48,Male,HR,Consultant,2,7980,12,1,No,35,3,4,1,2,2,0.64,0,1
1514,30,Female,Marketing,Manager,2,6373,0,6,Yes,16,3,2,3,4,1,0.57,0,0
1515,51,Female,Marketing,Sales Executive,3,10733,5,9,Yes,38,2,3,3,4,2,0.72,0,0
1516,21,Female,IT,Analyst,1,9310,10,7,No,5,1,3,4,2,3,0.27,0,0
1517,33,Male,IT,Technician,1,10980,9,3,Yes,8,3,1,1,4,4,0.7,0,1
1518,39,Male,IT,Technician,2,10547,0,0,No,33,1,4,4,2,4,0.33,0,0
1519,41,Female,R&D,Manager,4,7643,15,5,Yes,30,6,2,3,2,4,0.71,1,0
1520,30,Female,R&D,Consultant,3,14166,12,8,Yes,2,9,4,3,4,2,0.49,1,0
1521,46,Male,Marketing,Sales Executive,1,11418,15,3,No,38,5,3,2,1,1,0.78,0,0
1522,22,Male,Finance,HR Specialist,1,10441,14,2,Yes,38,5,4,2,3,3,0.5,1,1
1523,36,Female,HR,Technician,1,14390,6,5,Yes,20,1,3,4,2,2,0.29,0,0
1524,47,Male,IT,HR Specialist,5,8178,13,5,No,9,4,2,3,1,3,0.99,1,1
1525,48,Female,HR,Engineer,4,13587,10,3,Yes,1,9,4,1,3,1,0.24,0,1
1526,40,Female,Marketing,Analyst,1,14161,12,6,Yes,2,7,3,1,4,4,0.4,0,1
1527,35,Male,Sales,Manager,4,2531,4,1,Yes,19,1,3,2,1,3,0.78,1,0
1528,56,Male,Marketing,Consultant,2,10750,17,0,Yes,16,7,2,3,2,3,0.52,0,1
1529,39,Female,R&D,Technician,2,3619,2,5,No,5,8,3,2,1,3,0.68,0,0
1530,25,Female,Finance,Engineer,5,3291,11,2,No,32,2,3,1,3,1,0.49,0,0
1531,38,Male,Sales,Engineer,4,5124,6,2,No,20,3,3,2,2,3,0.61,1,0
1532,24,Female,HR,Analyst,3,6880,19,0,Yes,14,7,3,3,2,2,0.51,0,0
1533,22,Male,R&D,Manager,5,6113,14,1,No,13,1,2,1,1,3,0.99,0,0
1534,20,Male,IT,Manager,1,11319,0,2,Yes,27,1,3,3,4,2,0.21,0,1
1535,57,Male,Sales,HR Specialist,2,14439,18,0,Yes,35,0,1,1,3,3,0.89,0,1
1536,34,Male,R&D,Manager,2,5911,9,7,No,34,1,1,3,2,2,0.46,0,1
1537,53,Male,HR,Engineer,3,9159,13,5,No,16,8,2,3,1,1,0.03,1,0
1538,54,Female,Marketing,HR Specialist,5,3107,14,8,Yes,28,4,3,2,4,1,0.98,0,1
1539,44,Male,HR,Manager,4,7427,1,0,Yes,35,3,3,1,3,3,0.87,0,1
1540,43,Male,Sales,Consultant,2,7270,16,3,No,15,1,3,4,2,2,0.07,0,0
1541,31,Male,Sales,Consultant,1,14836,9,3,No,3,1,2,3,2,3,0.38,0,0
1542,37,Male,Marketing,Analyst,3,8496,4,4,No,27,5,3,1,1,4,0.86,1,0
1543,34,Male,Sales,Engineer,3,3687,5,1,No,27,6,2,4,4,4,0.51,1,0
1544,35,Male,Finance,Sales Executive,3,7987,5,0,Yes,4,3,1,2,1,3,0.92,0,0
1545,46,Male,IT,Analyst,1,6471,5,8,No,21,6,3,4,4,4,0.6,1,0
1546,27,Female,R&D,Analyst,3,14495,13,4,No,22,0,3,4,4,3,0.81,0,0
1547,44,Female,Marketing,Manager,4,7681,12,7,Yes,5,7,4,3,3,2,0.45,0,1
1548,36,Female,HR,HR Specialist,4,14747,12,2,Yes,39,2,3,1,1,2,0.09,0,1
1549,48,Female,HR,HR Specialist,5,5475,9,3,No,23,6,4,2,2,3,0.23,1,1
1550,27,Male,IT,Consultant,5,4577,15,3,Yes,23,6,2,4,2,1,0.14,1,0
1551,34,Female,Sales,Engineer,4,4532,6,5,No,13,2,3,3,3,1,0.8,0,0
1552,46,Male,Sales,Manager,1,6217,2,3,No,27,4,3,1,4,4,0.92,0,0
1553,26,Female,HR,HR Specialist,5,8937,14,4,Yes,15,1,2,2,3,1,0.23,0,0
1554,22,Female,IT,Consultant,3,4029,4,4,No,12,8,2,4,3,2,0.32,1,0
1555,48,Male,HR,Technician,4,11335,7,7,No,10,4,2,4,1,4,0.74,1,1
1556,43,Male,Sales,Sales Executive,2,14538,4,8,No,38,3,4,4,4,2,0.43,1,0
1557,22,Female,Marketing,Technician,1,7958,1,7,No,28,9,1,2,2,3,0.81,0,0
1558,39,Female,R&D,Manager,1,7418,18,4,Yes,35,2,4,3,1,2,0.32,0,0
1559,34,Female,Sales,Manager,4,8190,10,5,Yes,38,0,3,3,2,3,0.53,0,1
1560,44,Female,Marketing,HR Specialist,2,9764,10,3,Yes,20,6,3,3,3,1,0.83,0,1
1561,49,Male,R&D,Analyst,1,13935,2,1,No,12,2,4,1,4,3,0.35,0,0
1562,33,Female,Finance,Manager,5,13782,12,4,Yes,3,9,1,2,2,2,0.64,0,0
1563,26,Female,IT,Analyst,2,13990,19,0,No,2,0,3,2,2,1,0.65,1,0
1564,36,Female,Marketing,Engineer,3,11939,18,0,Yes,28,9,2,4,3,4,0.35,0,0
1565,39,Female,Finance,Consultant,5,6819,14,0,No,22,9,1,3,4,2,0.74,0,0
1566,55,Female,Sales,Engineer,2,7919,5,3,No,35,7,3,4,3,1,0.53,0,0
1567,28,Male,IT,HR Specialist,4,10409,12,4,Yes,9,7,3,4,2,4,0.59,0,0
1568,57,Male,Marketing,Engineer,1,4810,17,3,No,23,2,3,2,1,4,0.39,0,1
1569,41,Male,Sales,Technician,5,5415,17,5,Yes,17,9,3,3,4,2,0.09,1,0
1570,21,Male,IT,Technician,4,7952,0,1,No,14,2,4,3,4,4,0.7,0,0
1571,43,Male,IT,Technician,2,7433,10,4,Yes,32,1,3,2,4,4,0.34,0,0
1572,27,Female,Sales,HR Specialist,3,3716,15,5,Yes,36,7,3,2,3,2,0.61,0,1
1573,30,Male,Sales,HR Specialist,1,14891,0,4,Yes,33,8,4,1,3,1,0.91,1,1
1574,32,Male,Marketing,Technician,1,9897,18,5,Yes,10,3,4,4,1,1,0.83,0,0
1575,36,Female,IT,Analyst,5,2289,7,7,No,13,3,3,4,1,1,0.63,0,0
1576,27,Male,Marketing,Technician,4,6697,18,1,No,34,4,3,3,1,4,0.23,0,0
1577,40,Male,IT,Analyst,2,13460,15,6,No,5,2,4,2,1,3,0.52,0,1
1578,37,Male,Marketing,Engineer,2,12935,2,5,Yes,6,4,2,3,4,3,0.37,1,0
1579,49,Male,Sales,Analyst,4,2609,1,9,Yes,33,3,2,2,3,2,0.59,0,1
1580,37,Female,Sales,Manager,1,4353,11,7,No,5,7,2,3,4,2,0.73,0,1
1581,50,Female,HR,Sales Executive,4,9645,9,8,Yes,24,4,3,3,1,1,0.73,1,1
1582,57,Male,Marketing,Manager,2,2535,1,7,No,8,6,3,3,1,4,0.06,0,0
1583,51,Female,HR,Manager,4,5291,4,4,Yes,18,3,1,3,1,2,0.37,0,0
1584,30,Male,HR,HR Specialist,1,5757,4,3,Yes,25,1,1,3,4,1,0.39,0,0
1585,44,Female,Finance,Sales Executive,5,10948,5,2,Yes,18,7,4,1,4,4,0.19,1,1
1586,52,Female,IT,HR Specialist,1,9157,2,9,No,36,3,3,4,2,1,0.49,0,0
1587,57,Female,R&D,Analyst,3,5849,9,8,Yes,26,8,3,4,3,2,0.28,0,1
1588,27,Female,Finance,Technician,3,10069,4,6,No,20,5,3,4,3,1,0.35,0,0
1589,30,Female,IT,Consultant,4,10545,19,0,Yes,20,7,4,2,1,2,0.57,0,1
1590,41,Female,R&D,Consultant,1,6830,4,2,No,39,8,2,2,3,4,0.85,1,1
1591,43,Female,HR,Consultant,1,14083,14,2,No,24,8,3,1,1,4,0.43,1,0
1592,36,Female,R&D,Analyst,2,6330,16,5,No,20,8,1,1,3,4,0.54,0,1
1593,31,Female,Sales,Sales Executive,5,10497,16,1,Yes,4,6,3,1,1,1,0.8,0,1
1594,51,Female,Sales,Engineer,1,7229,17,3,No,22,2,3,1,3,4,0.43,1,1
1595,34,Female,Marketing,Analyst,4,4995,9,1,No,25,7,2,3,2,3,0.39,1,0
1596,35,Male,IT,Manager,2,13900,6,4,No,21,6,3,1,2,1,0.67,0,0
1597,41,Female,Finance,Sales Executive,2,8970,10,3,No,18,8,3,1,1,2,0.27,0,0
1598,47,Male,HR,Sales Executive,4,4214,13,3,No,9,4,4,1,4,3,0.03,0,0
1599,39,Female,IT,Analyst,4,14340,8,3,No,9,3,3,1,1,2,0.13,1,1
1600,52,Male,HR,Analyst,1,11401,16,3,No,33,1,3,4,3,1,0.28,1,0
1601,29,Male,Sales,HR Specialist,1,2275,1,4,Yes,7,6,4,3,2,1,0.81,0,1
1602,59,Male,Finance,HR Specialist,2,8153,16,1,No,33,5,3,1,4,2,0.21,0,0
1603,51,Female,Finance,Manager,2,8553,16,5,Yes,2,5,4,2,1,2,0.62,1,1
1604,52,Female,Sales,Sales Executive,5,10338,19,0,No,8,9,3,4,3,3,0.31,0,0
1605,21,Female,R&D,Consultant,2,5548,9,9,No,33,7,3,4,2,3,0.06,0,0
1606,52,Female,Finance,Engineer,4,8972,11,1,No,35,0,1,2,2,3,0.83,0,0
1607,52,Male,R&D,Engineer,4,14917,11,2,No,29,0,4,3,3,2,0.93,0,0
1608,32,Female,HR,Sales Executive,5,12145,14,1,No,32,3,3,3,3,2,0.17,1,0
1609,49,Female,Finance,Manager,3,2851,8,2,No,1,7,4,4,3,2,0.51,1,0
1610,52,Female,Marketing,Consultant,3,6523,17,7,Yes,31,4,3,2,1,2,0.29,0,1
1611,32,Female,Sales,HR Specialist,4,10679,15,2,Yes,35,8,1,3,2,2,0.55,0,0
1612,45,Female,R&D,HR Specialist,3,3553,6,9,Yes,39,2,3,4,1,1,0.7,0,1
1613,41,Female,Marketing,HR Specialist,3,3761,13,0,No,20,5,3,2,3,1,0.98,0,0
1614,58,Female,HR,Engineer,5,13375,3,7,No,33,5,1,3,1,1,0.35,0,0
1615,21,Female,HR,Engineer,2,10775,2,7,No,23,3,2,3,3,3,0.25,1,0
1616,57,Male,Finance,Manager,2,8799,11,6,Yes,3,1,1,4,1,4,0.67,1,0
1617,58,Male,Finance,Engineer,3,14903,15,3,Yes,12,5,2,1,1,4,0.84,1,1
1618,45,Female,Marketing,Analyst,1,6310,3,4,No,8,9,3,4,4,1,0.03,1,0
1619,34,Female,IT,Engineer,5,6605,3,9,No,11,2,4,4,3,2,0.04,0,1
1620,53,Female,IT,HR Specialist,3,10702,2,5,No,26,7,3,4,1,1,0.58,1,0
1621,59,Female,Finance,Manager,1,9756,8,5,Yes,23,1,4,2,3,2,0.13,1,0
1622,30,Male,IT,Sales Executive,1,14313,13,6,Yes,38,2,3,3,4,1,0.63,0,1
1623,22,Male,Sales,Sales Executive,5,5813,11,3,Yes,5,8,4,2,2,3,0.57,0,0
1624,25,Female,Marketing,Manager,2,12432,9,7,No,32,1,2,3,2,4,0.8,0,1
1625,28,Male,Sales,Analyst,4,12342,13,1,No,5,9,3,2,2,4,0.8,0,0
1626,25,Male,IT,Sales Executive,1,7891,11,8,No,15,0,3,1,2,2,0.83,0,0
1627,28,Female,Finance,HR Specialist,4,8888,11,5,Yes,23,2,2,1,2,2,0.93,0,1
1628,58,Female,Sales,Sales Executive,4,8194,1,0,Yes,28,9,2,1,1,1,0.59,0,1
1629,50,Female,HR,Sales Executive,5,10147,18,0,No,19,5,3,4,2,1,0.14,1,1
1630,51,Male,Finance,HR Specialist,2,5202,12,7,Yes,17,7,3,2,2,3,0.91,0,0
1631,31,Male,Marketing,Engineer,5,2342,9,9,Yes,15,9,4,2,4,4,1.0,1,1
1632,27,Female,R&D,Analyst,1,9745,0,9,Yes,13,4,3,3,4,2,0.04,0,0
1633,27,Female,R&D,Consultant,2,3423,0,6,Yes,23,1,2,1,1,1,0.6,1,0
1634,47,Male,Finance,HR Specialist,3,14059,7,2,No,18,7,2,2,2,1,0.37,0,0
1635,39,Male,IT,HR Specialist,2,14587,5,7,Yes,23,1,3,2,2,2,0.3,0,0
1636,26,Female,Sales,Technician,5,10337,19,7,No,16,3,3,1,4,3,0.77,0,1
1637,30,Male,Sales,Manager,5,13009,2,6,No,20,8,3,4,4,2,0.3,0,1
1638,39,Female,Finance,Analyst,4,6557,12,4,Yes,25,6,3,2,1,2,0.15,0,1
1639,35,Female,HR,Engineer,3,11107,11,7,Yes,32,2,3,3,1,3,0.24,0,0
1640,23,Male,Marketing,Technician,2,8647,19,4,Yes,21,0,4,1,4,2,0.54,0,1
1641,25,Male,IT,Consultant,3,3911,15,0,Yes,1,5,3,4,3,2,0.25,0,0
1642,41,Male,HR,HR Specialist,4,13893,10,7,Yes,28,8,3,1,4,1,0.35,0,0
1643,45,Female,Finance,Consultant,3,3339,3,6,No,27,3,2,1,3,3,0.57,0,1
1644,22,Female,Finance,Consultant,3,4246,7,6,Yes,27,6,3,1,3,4,0.69,0,0
1645,33,Female,HR,Consultant,2,8446,6,1,No,36,2,3,2,1,3,0.07,0,1
1646,30,Female,R&D,Technician,3,14109,15,2,No,12,0,3,1,4,3,0.41,1,0
1647,37,Female,Finance,Engineer,4,4951,11,2,Yes,15,4,3,3,3,1,0.71,0,1
1648,31,Female,Marketing,Technician,1,2497,5,9,No,20,0,4,4,1,4,0.33,0,1
1649,42,Male,IT,Technician,1,13140,5,5,Yes,19,1,2,4,4,3,0.76,0,1
1650,31,Female,HR,Technician,5,2790,10,5,No,26,6,2,1,4,2,0.34,0,0
1651,32,Female,R&D,HR Specialist,1,14392,11,2,No,21,0,3,2,2,2,0.76,1,0
1652,44,Female,HR,HR Specialist,2,10201,15,4,Yes,37,5,3,3,4,2,0.96,0,1
1653,38,Female,R&D,Manager,5,5098,15,8,Yes,10,6,3,3,3,4,0.5,0,0
1654,55,Male,R&D,Sales Executive,1,10184,15,6,No,28,3,3,3,2,3,0.48,1,0
1655,27,Female,Marketing,Analyst,1,4816,3,8,No,26,3,2,4,4,3,0.48,1,1
1656,48,Male,IT,Manager,5,2326,11,1,Yes,13,1,2,3,1,3,0.95,0,1
1657,51,Male,Finance,Engineer,2,13758,4,9,Yes,25,4,3,1,4,4,0.16,1,1
1658,37,Female,R&D,Technician,5,2882,8,9,Yes,31,6,2,4,1,1,0.74,0,1
1659,25,Female,Finance,HR Specialist,2,3671,17,0,No,20,3,4,1,4,1,0.69,1,0
1660,37,Male,IT,Technician,2,7002,8,1,Yes,15,7,3,3,1,4,0.63,1,1
1661,38,Male,Finance,HR Specialist,4,10929,15,5,No,18,7,3,2,4,2,0.74,0,1
1662,41,Female,Marketing,Consultant,1,4174,0,9,Yes,23,6,3,2,2,2,0.32,0,0
1663,56,Male,Marketing,Analyst,1,7235,4,6,Yes,3,2,4,3,2,3,0.93,0,0
1664,51,Female,Sales,Manager,3,2923,18,7,No,11,9,3,4,2,3,0.91,0,0
1665,22,Female,Marketing,Manager,5,6266,2,5,No,27,8,1,4,4,3,0.23,0,1
1666,47,Male,R&D,Engineer,4,10112,0,5,Yes,37,7,2,2,3,1,0.51,0,1
1667,29,Female,IT,Consultant,1,14674,13,2,No,12,9,1,3,1,2,0.31,0,1
1668,54,Female,Marketing,Manager,3,4824,17,8,Yes,33,0,4,3,2,2,0.79,0,0
1669,48,Female,HR,Manager,4,7107,7,1,No,28,8,3,1,3,1,0.9,0,0
1670,34,Male,IT,Sales Executive,2,8869,13,4,No,6,6,2,1,2,4,0.53,1,1
1671,52,Male,R&D,Analyst,1,7720,19,2,No,6,9,3,3,1,3,0.32,1,0
1672,26,Male,IT,Technician,5,11345,19,0,Yes,21,9,4,4,3,4,0.65,1,0
1673,31,Female,Marketing,Manager,4,4070,12,1,Yes,25,3,2,1,3,4,0.14,0,1
1674,49,Male,HR,Engineer,3,9346,15,5,Yes,36,4,3,4,3,3,0.51,0,0
1675,40,Male,Sales,Technician,5,8544,8,9,Yes,18,6,2,4,3,4,0.76,0,0
1676,50,Male,R&D,HR Specialist,2,6600,6,0,No,39,7,3,2,3,4,0.26,0,0
1677,43,Female,R&D,Consultant,5,2920,2,1,No,5,3,1,1,3,3,0.39,1,1
1678,39,Female,IT,Consultant,3,8091,19,9,Yes,23,6,4,4,4,4,0.65,0,0
1679,56,Male,Finance,Manager,2,5482,0,4,No,23,5,4,4,1,2,0.96,0,0
1680,23,Male,Finance,Manager,3,8472,7,0,Yes,23,8,3,3,1,2,0.08,0,0
1681,47,Male,HR,Technician,1,3443,13,9,No,35,3,4,3,3,4,0.16,0,0
1682,39,Female,Sales,HR Specialist,3,14699,12,3,Yes,29,3,3,3,1,4,0.13,1,0
1683,43,Male,Sales,Sales Executive,5,4801,6,4,No,5,2,2,4,1,3,0.22,0,0
1684,51,Female,IT,Analyst,1,3775,12,4,Yes,17,7,3,4,2,4,0.06,0,1
1685,55,Female,IT,Sales Executive,1,10220,6,4,No,38,7,4,4,2,4,0.36,0,0
1686,53,Female,Finance,Engineer,4,4292,19,9,No,2,3,3,2,4,1,0.28,1,1
1687,55,Male,Marketing,Technician,5,5703,19,8,Yes,19,2,2,1,2,3,0.2,1,1
1688,21,Male,Sales,Manager,5,2825,4,8,Yes,3,5,1,1,3,4,0.26,1,1
1689,34,Female,Marketing,Sales Executive,2,9711,3,4,No,30,8,3,1,2,1,0.64,0,0
1690,53,Female,Sales,Analyst,3,5741,3,5,No,33,7,4,3,1,2,0.69,0,1
1691,55,Female,Marketing,Engineer,3,10330,5,7,Yes,23,6,4,2,4,2,0.93,0,1
1692,25,Female,Marketing,Consultant,5,6452,13,6,Yes,26,6,4,3,4,2,0.21,0,0
1693,58,Male,Sales,Sales Executive,3,4259,2,5,No,30,4,3,4,2,2,0.1,0,0
1694,31,Male,HR,Manager,5,3162,2,3,Yes,19,1,3,1,3,3,0.06,0,1
1695,22,Female,HR,Analyst,1,5439,2,2,Yes,39,8,4,2,3,2,0.49,0,1
1696,37,Female,IT,Manager,3,4533,3,3,No,26,2,4,1,4,4,0.65,1,1
1697,59,Female,Marketing,Manager,3,7612,8,2,Yes,32,8,3,3,4,1,0.24,0,0
1698,40,Male,Marketing,Engineer,5,11551,15,7,No,28,9,3,4,1,4,0.67,1,1
1699,34,Female,Marketing,Analyst,5,9930,18,5,Yes,9,1,4,3,4,3,0.19,0,1
1700,52,Male,Marketing,HR Specialist,2,4225,15,5,Yes,31,0,3,2,1,3,0.22,1,0
1701,54,Female,Marketing,Consultant,3,12752,11,0,Yes,15,9,3,2,2,3,0.66,0,0
1702,45,Male,Finance,Manager,4,5672,5,4,No,32,6,2,2,4,3,0.95,0,0
1703,27,Male,R&D,Analyst,5,4160,19,7,Yes,13,0,4,4,2,1,0.9,0,0
1704,55,Female,Marketing,Manager,4,10474,2,1,No,22,7,4,1,2,2,0.03,0,0
1705,49,Male,Finance,Sales Executive,1,11331,4,2,No,11,2,3,1,3,1,0.98,0,0
1706,42,Male,HR,Sales Executive,1,3797,6,8,No,33,2,3,2,2,4,0.36,0,0
1707,33,Male,Marketing,Analyst,4,14328,4,3,Yes,24,8,4,3,2,3,0.55,0,0
1708,33,Male,HR,Consultant,1,13171,8,9,Yes,6,0,2,3,1,1,0.35,0,1
1709,21,Female,IT,Engineer,4,11382,14,4,Yes,16,6,3,2,4,4,0.82,0,0
1710,56,Female,R&D,HR Specialist,2,3244,19,6,No,30,1,3,3,3,1,0.67,0,1
1711,24,Female,Sales,Sales Executive,2,9069,5,4,No,30,2,4,3,4,3,0.88,0,0
1712,57,Female,R&D,Engineer,1,9893,7,1,No,14,9,3,4,3,1,0.21,1,0
1713,33,Female,Marketing,HR Specialist,4,6408,19,6,No,7,7,3,3,4,3,0.64,0,1
1714,58,Male,Marketing,Sales Executive,4,3930,4,5,Yes,3,2,2,2,1,2,0.53,0,1
1715,44,Male,R&D,HR Specialist,4,4518,16,8,No,31,1,3,1,3,2,0.59,0,0
1716,39,Male,R&D,Technician,1,2047,9,1,Yes,10,6,1,4,1,3,0.37,0,0
1717,21,Male,IT,Manager,4,2133,0,1,No,33,2,2,1,1,1,0.01,1,1
1718,58,Female,HR,Analyst,5,7675,15,7,No,38,7,2,4,1,4,0.7,0,1
1719,25,Female,Sales,Sales Executive,4,13238,0,9,No,37,3,3,4,2,1,0.71,0,1
1720,36,Male,R&D,Sales Executive,5,4364,2,0,No,15,5,3,4,4,4,0.87,0,0
1721,44,Female,Sales,Manager,2,5509,5,7,No,4,7,3,1,2,3,0.96,0,0
1722,47,Male,R&D,Sales Executive,5,13698,16,4,Yes,37,3,1,2,3,4,0.2,1,0
1723,21,Male,HR,Sales Executive,2,12325,1,0,Yes,4,4,4,3,1,3,0.07,1,1
1724,54,Female,Sales,Technician,1,9153,4,9,No,10,2,4,1,2,4,0.78,1,0
1725,56,Female,Finance,Sales Executive,2,6094,10,0,Yes,22,3,4,3,4,3,0.88,0,1
1726,24,Female,HR,Sales Executive,2,4537,9,5,Yes,31,9,3,4,3,4,0.17,0,0
1727,20,Female,Sales,Sales Executive,4,9996,14,9,No,36,7,3,4,3,4,0.11,0,0
1728,59,Female,R&D,Engineer,3,7984,17,1,No,12,6,3,4,1,4,0.85,0,0
1729,31,Female,R&D,Sales Executive,2,4471,16,1,No,9,5,3,3,1,2,0.98,0,0
1730,55,Female,HR,Manager,5,4434,13,0,No,28,4,2,4,3,3,0.41,0,0
1731,42,Male,HR,Technician,1,7021,12,0,No,34,8,3,2,3,1,0.9,1,1
1732,50,Female,R&D,Sales Executive,5,6335,19,3,No,5,3,3,2,3,3,0.77,0,1
1733,30,Male,Sales,HR Specialist,1,5522,1,4,No,30,2,3,4,2,4,0.29,1,0
1734,29,Male,Finance,Technician,5,4305,11,3,Yes,16,5,3,2,4,3,0.16,0,0
1735,22,Female,IT,Technician,2,14331,10,5,Yes,19,1,1,2,4,1,0.19,1,0
1736,33,Male,HR,HR Specialist,3,7287,18,7,Yes,14,8,4,1,2,1,0.53,1,0
1737,35,Female,R&D,Manager,2,12002,11,1,Yes,24,5,2,3,3,4,0.4,1,0
1738,29,Male,Sales,Engineer,4,2663,3,0,Yes,11,2,4,4,3,1,0.96,1,0
1739,48,Male,HR,Consultant,5,7681,9,1,Yes,13,1,3,1,3,4,0.42,0,0
1740,29,Male,Sales,Consultant,3,9443,11,9,Yes,10,8,3,3,2,3,0.1,0,0
1741,31,Female,HR,Manager,5,7944,6,5,Yes,29,9,1,4,4,2,0.12,0,0
1742,49,Male,R&D,Engineer,4,13246,5,3,No,39,2,3,1,1,3,0.91,1,1
1743,20,Male,Sales,Analyst,4,9774,7,6,No,27,5,3,3,4,2,0.52,1,0
1744,24,Male,R&D,HR Specialist,4,6849,10,1,Yes,1,8,4,4,1,4,0.95,0,0
1745,39,Female,Sales,Technician,2,6200,5,0,Yes,32,2,4,2,3,1,0.95,0,0
1746,27,Male,HR,Technician,2,9097,2,4,No,18,8,2,2,2,3,0.96,0,1
1747,31,Female,IT,Technician,3,7022,19,8,Yes,4,1,3,3,2,1,0.92,1,0
1748,20,Male,IT,HR Specialist,4,5492,18,5,Yes,16,3,3,1,3,1,0.89,0,0
1749,39,Male,Finance,HR Specialist,2,7468,0,5,Yes,18,9,3,3,4,3,0.62,0,1
1750,47,Male,Finance,Consultant,1,9939,3,0,Yes,21,2,2,4,3,1,0.95,1,1
1751,56,Female,Marketing,Consultant,1,11145,18,0,No,25,6,4,2,3,3,0.8,0,0
1752,56,Male,R&D,Consultant,2,3673,19,3,Yes,10,3,4,2,2,1,0.68,1,1
1753,31,Male,Sales,Engineer,3,3342,16,1,Yes,7,3,3,2,4,4,0.89,0,1
1754,56,Male,Finance,Technician,5,13683,18,2,No,1,0,4,4,1,4,0.81,0,0
1755,47,Male,HR,Manager,4,12934,13,5,No,33,9,3,1,2,3,0.38,0,1
1756,34,Female,IT,Engineer,2,12296,9,9,Yes,33,2,3,4,2,3,0.28,0,0
1757,25,Male,Sales,Technician,3,10431,8,0,No,19,4,3,3,2,4,0.15,1,0
1758,39,Male,Marketing,HR Specialist,5,8570,15,9,No,7,4,3,1,1,3,0.95,1,1
1759,33,Male,IT,HR Specialist,3,12816,14,1,Yes,14,3,2,2,1,1,0.09,1,1
1760,21,Male,Sales,HR Specialist,5,5049,15,3,No,38,6,3,2,1,3,0.77,0,1
1761,28,Female,Finance,Technician,1,8283,17,5,No,7,9,4,1,4,1,0.39,1,0
1762,56,Male,Finance,Consultant,5,12301,9,2,Yes,3,9,3,3,3,4,0.47,0,0
1763,39,Male,R&D,HR Specialist,1,6247,2,8,No,11,3,3,1,4,4,0.12,0,1
1764,45,Female,Marketing,Analyst,4,14417,6,9,Yes,8,6,3,4,4,1,0.12,0,0
1765,48,Male,Sales,HR Specialist,2,8574,6,3,Yes,26,5,4,4,1,1,0.35,0,1
1766,20,Male,Marketing,Technician,1,11655,19,6,Yes,38,5,4,2,3,3,0.71,1,1
1767,54,Male,HR,Consultant,3,7331,10,4,Yes,3,4,1,3,4,3,0.27,1,0
1768,25,Female,Marketing,Engineer,5,2399,2,5,No,29,7,3,4,4,1,0.7,0,0
1769,56,Male,Finance,HR Specialist,3,12913,17,8,No,12,8,1,3,3,3,1.0,0,0
1770,24,Female,R&D,Consultant,1,3937,11,8,No,18,8,2,3,1,1,0.42,0,0
1771,52,Female,Finance,Consultant,3,14828,16,5,No,7,5,4,2,3,1,0.94,0,1
1772,33,Female,IT,Sales Executive,5,10373,8,1,Yes,30,4,4,2,2,4,0.08,0,1
1773,31,Female,Finance,Analyst,2,3074,4,8,No,16,0,1,4,3,1,0.31,0,0
1774,39,Female,Sales,Technician,3,4573,17,1,Yes,25,2,1,2,2,2,0.6,0,1
1775,43,Female,R&D,HR Specialist,4,4397,8,1,Yes,4,7,3,4,4,1,0.21,0,1
1776,53,Female,Sales,Sales Executive,5,11273,12,1,Yes,4,0,2,2,3,3,0.37,0,0
1777,44,Male,HR,Technician,5,2418,2,6,No,38,0,1,1,3,1,0.45,0,1
1778,48,Male,HR,Engineer,4,11352,3,3,No,1,7,4,4,1,2,0.67,0,1
1779,58,Female,Finance,Analyst,1,2639,17,7,Yes,3,6,3,3,4,2,0.22,0,0
1780,50,Female,R&D,Consultant,4,4084,19,7,No,28,1,3,4,2,2,0.35,1,1
1781,42,Female,Marketing,HR Specialist,1,6589,14,0,No,11,5,2,1,2,1,0.95,0,1
1782,57,Female,R&D,Engineer,2,2358,19,0,Yes,37,8,3,2,1,3,0.27,0,1
1783,39,Female,R&D,Technician,1,3803,5,3,No,2,7,3,2,2,4,0.74,0,1
1784,42,Female,R&D,Sales Executive,2,7204,8,1,Yes,9,5,2,3,2,2,0.87,1,1
1785,35,Male,Finance,Technician,2,9889,10,2,No,17,1,4,4,2,1,0.67,0,0
1786,27,Male,Sales,Technician,4,2538,12,9,No,32,2,3,4,2,4,0.79,0,1
1787,40,Female,Finance,Analyst,2,6439,3,1,No,31,2,3,4,1,3,0.98,1,1
1788,20,Female,Marketing,HR Specialist,1,8888,14,9,Yes,21,8,3,4,4,4,0.33,1,1
1789,27,Female,Sales,Engineer,3,12410,16,8,Yes,17,8,2,3,1,1,0.26,0,1
1790,48,Male,Marketing,Analyst,5,11905,11,5,No,17,4,4,2,3,2,0.45,0,0
1791,51,Female,IT,Sales Executive,5,2865,5,6,No,27,4,4,2,1,3,0.64,0,0
1792,57,Male,IT,Consultant,1,12259,6,5,Yes,28,7,3,3,3,3,0.11,0,1
1793,24,Male,Sales,HR Specialist,3,8028,16,0,Yes,39,2,3,2,2,3,0.05,1,0
1794,41,Male,Finance,Consultant,2,12542,10,4,No,1,8,3,4,1,2,0.14,1,0
1795,53,Female,Marketing,Analyst,1,10967,11,2,Yes,16,4,4,1,4,3,0.17,0,1
1796,20,Female,Marketing,Sales Executive,2,13460,12,9,Yes,3,8,3,1,4,3,0.04,0,1
1797,45,Male,HR,Sales Executive,4,6671,0,7,No,15,9,3,3,4,3,0.59,0,1
1798,29,Male,Marketing,Engineer,3,13819,17,6,Yes,4,8,3,1,3,1,0.58,0,1
1799,49,Male,Finance,Technician,5,3035,18,8,No,36,3,4,2,4,3,0.48,0,0
1800,37,Male,HR,Sales Executive,1,10552,10,0,No,30,1,3,4,3,1,0.13,0,0
1801,36,Female,Finance,Sales Executive,5,4819,17,1,Yes,29,6,1,3,2,3,0.95,0,0
1802,45,Male,R&D,Technician,2,10487,9,1,Yes,23,0,4,4,3,4,0.71,1,0
1803,27,Female,Marketing,Manager,2,3426,5,0,Yes,5,6,3,2,2,3,0.1,1,1
1804,59,Male,R&D,Sales Executive,4,13701,1,7,No,11,0,2,2,1,1,0.58,0,1
1805,31,Female,IT,HR Specialist,2,13008,4,3,No,19,4,3,3,2,3,0.04,1,0
1806,46,Male,IT,Consultant,2,7494,9,6,Yes,8,0,1,2,1,1,0.4,0,1
1807,27,Female,Sales,Consultant,5,13057,14,9,No,11,7,3,1,4,2,0.81,0,0
1808,44,Female,Marketing,Analyst,5,2692,13,0,No,9,0,3,4,4,1,0.53,0,0
1809,23,Female,HR,Technician,1,14787,5,7,No,25,5,2,4,4,2,0.1,0,1
1810,52,Male,R&D,Technician,1,9593,13,7,No,25,0,2,2,1,3,0.85,0,1
1811,20,Female,Finance,Technician,2,3067,13,9,No,14,1,3,1,3,1,0.07,0,0
1812,38,Male,Marketing,HR Specialist,3,3132,11,2,No,31,3,4,4,4,2,0.49,0,0
1813,50,Female,Sales,Technician,1,11313,3,8,Yes,13,7,3,2,2,4,0.51,0,1
1814,35,Female,Finance,HR Specialist,2,9612,11,4,No,1,2,2,3,4,1,0.77,0,0
1815,33,Male,R&D,Consultant,5,11433,16,4,No,30,7,4,2,2,1,0.99,0,0
1816,24,Female,Marketing,Engineer,4,2946,18,4,No,9,6,2,3,4,1,0.4,0,1
1817,45,Female,R&D,Manager,5,13339,15,0,Yes,29,5,4,3,3,4,0.64,0,0
1818,47,Male,Marketing,Technician,5,3615,17,9,No,31,9,1,2,2,2,0.52,0,0
1819,21,Female,Marketing,Consultant,4,14851,5,1,No,18,0,4,1,2,2,0.08,0,0
1820,25,Female,R&D,Manager,5,10254,8,0,Yes,3,5,3,2,3,2,0.8,0,1
1821,28,Female,R&D,Consultant,1,7715,18,1,No,35,5,3,4,1,3,0.52,1,1
1822,52,Female,Finance,Technician,5,8069,11,8,Yes,2,9,3,1,2,1,0.61,1,1
1823,44,Male,Sales,HR Specialist,4,2393,10,8,Yes,4,7,4,2,4,3,0.34,0,1
1824,32,Female,R&D,Consultant,2,11718,15,4,No,15,5,3,1,1,2,0.91,0,0
1825,28,Female,IT,Analyst,2,9534,1,3,Yes,17,1,1,3,3,3,0.69,0,0
1826,32,Female,Sales,Manager,2,11693,17,1,Yes,26,9,1,1,3,2,0.36,0,0
1827,50,Female,IT,Manager,4,9422,5,5,Yes,31,2,3,3,1,3,0.5,1,0
1828,30,Female,Finance,HR Specialist,4,8202,4,8,No,30,1,1,3,2,4,0.31,0,0
1829,23,Female,R&D,Manager,1,2519,8,7,No,23,2,1,4,1,4,0.64,1,0
1830,53,Female,Sales,Engineer,4,2388,12,9,No,30,0,3,2,2,4,0.81,0,1
1831,57,Female,R&D,HR Specialist,2,2587,6,3,Yes,11,6,2,4,1,4,0.34,0,1
1832,23,Male,Marketing,Manager,4,5497,0,5,No,33,4,3,4,3,1,0.82,0,1
1833,57,Male,R&D,Manager,3,13253,9,8,No,38,8,3,3,2,1,0.93,1,0
1834,38,Male,Sales,Manager,5,14923,17,9,Yes,5,6,1,4,2,1,0.4,0,0
1835,25,Male,R&D,HR Specialist,1,9669,11,9,Yes,35,0,3,3,2,1,0.23,1,1
1836,53,Female,R&D,Analyst,2,4571,2,3,No,1,0,3,2,3,2,0.94,0,1
1837,37,Female,HR,Sales Executive,2,10471,4,8,No,4,1,3,1,3,1,0.05,1,0
1838,32,Male,HR,Consultant,3,13308,13,7,No,38,6,4,2,2,3,0.48,1,1
1839,42,Male,Sales,Technician,1,8708,14,2,No,37,6,3,1,3,4,0.78,0,1
1840,38,Male,Sales,Consultant,5,13664,11,8,No,7,8,3,4,1,1,0.05,1,0
1841,30,Female,Marketing,Manager,1,12176,3,4,No,10,2,2,4,1,3,0.64,0,0
1842,20,Female,Marketing,Consultant,1,12473,15,0,Yes,33,2,4,1,4,4,0.84,1,0
1843,43,Male,R&D,Sales Executive,2,14473,10,7,No,14,7,3,4,4,3,0.3,1,1
1844,26,Male,IT,Sales Executive,4,10996,3,4,Yes,36,5,2,2,4,4,0.31,0,0
1845,44,Male,Sales,Manager,5,10266,5,4,Yes,38,2,3,3,3,2,0.03,1,1
1846,40,Male,R&D,Manager,1,4985,15,1,Yes,30,7,4,1,3,2,0.55,0,0
1847,34,Male,IT,Technician,3,2709,1,8,No,26,2,3,3,2,3,0.06,0,0
1848,20,Female,HR,Sales Executive,2,5662,12,5,No,31,5,1,1,3,4,0.0,0,0
1849,31,Male,Marketing,Analyst,4,6630,7,9,No,19,0,1,2,2,2,0.13,0,1
1850,26,Female,Sales,Sales Executive,4,3430,11,2,Yes,13,3,3,4,4,2,0.43,0,0
1851,34,Male,R&D,Analyst,2,6991,5,6,Yes,23,5,3,4,4,4,0.75,0,1
1852,40,Male,HR,Consultant,1,7067,2,1,No,19,4,3,1,1,2,0.68,1,0
1853,38,Female,Finance,Engineer,2,10838,14,6,No,16,3,4,4,2,2,0.31,0,1
1854,48,Male,HR,Analyst,4,4038,7,1,Yes,25,9,2,3,3,1,0.32,0,0
1855,44,Female,R&D,Technician,4,6133,1,4,Yes,26,0,1,3,4,1,0.66,0,0
1856,52,Female,Marketing,HR Specialist,3,7351,15,9,Yes,21,3,2,3,1,3,0.71,1,0
1857,51,Male,IT,Consultant,3,14130,12,9,Yes,18,0,3,4,2,3,0.72,1,0
1858,54,Male,Finance,Manager,4,4215,0,8,Yes,9,9,2,2,3,3,0.16,1,0
1859,57,Female,Finance,Engineer,3,5356,10,8,Yes,24,3,3,2,3,2,0.07,0,1
1860,45,Female,Marketing,Sales Executive,3,2102,0,5,No,17,2,4,3,4,1,0.5,1,0
1861,30,Male,Finance,Analyst,3,10336,7,2,No,30,6,4,2,3,4,0.4,0,0
1862,54,Female,Sales,Engineer,4,10946,1,3,Yes,4,5,2,4,1,4,0.93,0,0
1863,27,Male,R&D,Consultant,1,14249,12,3,No,28,5,4,2,3,4,0.01,0,1
1864,33,Female,Finance,HR Specialist,1,8803,1,8,Yes,9,9,4,4,1,3,0.81,0,0
1865,29,Male,HR,Analyst,5,6461,3,3,Yes,36,2,4,2,3,1,0.99,0,1
1866,21,Female,IT,Technician,3,8296,1,3,Yes,8,5,4,4,3,3,0.85,0,0
1867,28,Female,R&D,Sales Executive,1,8565,12,4,Yes,22,2,1,4,1,2,0.81,1,1
1868,22,Male,Marketing,Sales Executive,5,8462,3,5,No,25,6,3,2,1,1,0.02,0,1
1869,40,Female,HR,Analyst,2,12022,14,7,Yes,6,1,3,4,1,4,0.87,0,1
1870,45,Female,Sales,HR Specialist,3,13901,11,0,Yes,26,8,2,2,4,3,0.58,0,0
1871,27,Female,Finance,Manager,1,2082,11,4,Yes,2,9,3,4,4,1,0.65,1,0
1872,21,Female,HR,Manager,1,11503,4,8,No,31,1,4,2,2,4,0.4,0,1
1873,25,Female,R&D,Sales Executive,1,9963,9,9,No,12,0,4,2,3,1,0.94,0,1
1874,47,Female,HR,Consultant,5,7990,1,3,No,19,3,2,2,1,2,0.52,0,0
1875,48,Female,Sales,Consultant,2,13531,7,7,No,37,7,2,2,2,4,0.62,0,1
1876,45,Male,IT,HR Specialist,3,7752,4,8,Yes,37,6,4,1,4,1,0.21,0,0
1877,44,Female,Finance,Sales Executive,1,13886,7,0,No,1,5,3,3,2,4,0.56,0,0
1878,31,Female,R&D,Manager,4,8222,12,7,Yes,10,9,3,2,1,4,0.22,0,1
1879,24,Male,Finance,Sales Executive,3,14123,12,7,Yes,34,6,3,1,4,2,0.11,0,1
1880,53,Female,Finance,Analyst,4,13639,14,4,Yes,16,3,2,4,4,1,0.52,0,0
1881,56,Female,Marketing,Consultant,5,5668,14,9,Yes,7,7,3,1,3,4,0.85,0,0
1882,34,Male,Finance,Consultant,1,3615,10,1,Yes,13,3,3,1,1,2,0.88,0,1
1883,55,Female,HR,Technician,3,6246,9,6,No,4,9,4,1,4,1,0.94,1,1
1884,34,Female,HR,Analyst,3,12995,5,4,No,39,7,2,1,1,4,0.94,0,1
1885,42,Male,IT,Technician,1,4062,4,4,No,31,4,4,3,3,3,0.97,1,0
1886,25,Male,Sales,HR Specialist,2,14388,4,5,No,10,8,4,1,2,2,0.72,1,1
1887,40,Female,R&D,Manager,5,10971,7,9,Yes,12,6,3,3,2,1,0.11,0,1
1888,42,Female,HR,HR Specialist,1,9555,0,7,No,34,9,3,4,3,4,0.62,0,1
1889,35,Male,Finance,HR Specialist,3,3058,1,0,No,28,9,3,4,3,4,0.61,1,0
1890,34,Female,Sales,Manager,2,4398,16,2,Yes,5,5,3,1,4,2,0.11,0,0
1891,44,Male,R&D,Engineer,3,13196,6,6,No,28,1,3,4,3,2,0.7,0,0
1892,55,Male,R&D,Engineer,4,4330,8,8,No,11,5,3,3,2,2,0.41,0,0
1893,30,Male,R&D,Sales Executive,3,14924,3,9,No,34,0,1,3,4,4,0.07,0,0
1894,34,Female,R&D,Engineer,5,3759,6,1,Yes,15,1,3,1,4,3,0.94,1,1
1895,23,Male,IT,Analyst,1,14812,9,3,No,5,4,2,2,4,1,0.19,1,0
1896,40,Male,R&D,Consultant,3,14452,15,3,Yes,21,6,1,3,3,3,0.12,0,0
1897,32,Male,Sales,Technician,4,2427,9,6,No,31,0,2,4,1,2,0.2,0,1
1898,41,Female,HR,Consultant,4,7377,6,4,Yes,7,1,2,2,4,1,0.76,0,0
1899,38,Female,Sales,HR Specialist,1,7029,1,4,Yes,35,3,3,2,1,2,0.77,0,0
1900,53,Female,Finance,Consultant,4,5876,1,6,No,21,8,4,1,3,1,0.09,0,0
1901,33,Male,Marketing,Sales Executive,1,12682,7,1,Yes,5,7,4,4,1,2,0.51,0,0
1902,23,Female,IT,HR Specialist,5,4116,13,7,Yes,14,9,1,2,3,4,0.69,0,1
1903,46,Female,IT,Manager,1,12513,17,5,Yes,34,8,2,3,4,3,0.68,1,0
1904,48,Male,Finance,Consultant,2,2559,0,4,No,10,3,3,1,2,4,0.67,0,1
1905,47,Male,Sales,Engineer,4,7441,16,0,Yes,18,6,2,2,2,2,0.42,0,0
1906,54,Female,Sales,Manager,4,11577,16,1,No,17,2,3,2,1,2,0.41,0,0
1907,27,Female,Finance,Sales Executive,3,4617,4,5,Yes,38,7,4,1,2,1,0.92,0,1
1908,35,Male,Marketing,Technician,2,12146,15,5,No,32,6,3,4,4,3,0.95,0,0
1909,55,Female,R&D,Analyst,3,2589,6,8,Yes,17,7,3,1,3,2,0.18,0,0
1910,49,Male,R&D,Engineer,1,2498,14,5,Yes,22,8,3,1,1,3,1.0,0,1
1911,37,Male,HR,Manager,5,8347,18,0,No,25,5,2,2,3,3,0.14,0,0
1912,21,Female,Sales,Technician,4,9904,1,6,No,16,3,2,4,3,4,0.79,0,1
1913,32,Female,Sales,Consultant,5,13014,15,2,Yes,30,2,2,4,3,4,0.1,0,0
1914,23,Female,Finance,Engineer,1,11721,8,7,No,34,2,3,1,2,1,0.62,1,1
1915,45,Female,Finance,HR Specialist,1,11830,19,5,Yes,5,5,2,4,4,1,0.55,0,0
1916,44,Male,R&D,Analyst,2,11324,17,2,No,33,7,4,1,4,1,1.0,0,0
1917,49,Female,Sales,Consultant,3,9432,9,2,No,5,7,3,1,3,4,0.52,0,0
1918,30,Female,Sales,Technician,4,7956,19,7,No,3,7,3,3,2,3,0.63,0,0
1919,26,Female,IT,Engineer,4,6483,3,5,Yes,38,8,3,3,3,2,0.72,0,0
1920,50,Male,HR,Consultant,5,10607,1,1,No,13,0,3,1,3,1,0.73,1,1
1921,29,Female,HR,Analyst,2,6996,13,2,No,8,6,4,3,2,3,0.64,1,1
1922,58,Female,R&D,Technician,1,3591,0,5,Yes,30,9,3,2,1,4,0.78,0,1
1923,32,Male,Marketing,HR Specialist,2,6407,7,6,No,5,8,4,1,1,3,0.73,1,1
1924,50,Male,Sales,HR Specialist,4,5883,10,3,No,38,1,3,2,2,2,0.37,1,0
1925,26,Male,IT,Manager,3,3607,0,7,Yes,31,3,1,1,1,3,0.12,0,1
1926,55,Male,Sales,Sales Executive,5,5724,4,2,No,2,5,1,2,2,4,0.9,1,0
1927,39,Male,Finance,Manager,1,9555,12,5,No,7,3,3,3,3,1,0.01,0,0
1928,23,Female,R&D,Analyst,1,11907,16,6,Yes,16,8,4,1,3,1,0.2,1,1
1929,26,Male,Marketing,Manager,1,2202,9,7,No,10,9,2,1,4,1,0.55,0,0
1930,20,Male,HR,Technician,3,5854,6,3,Yes,29,0,3,3,2,1,0.79,1,0
1931,32,Male,Sales,Engineer,4,14151,12,4,No,30,8,2,2,1,1,0.21,0,1
1932,41,Male,Marketing,Technician,4,10301,3,5,Yes,20,9,3,1,1,3,0.63,1,1
1933,40,Male,R&D,Manager,2,14369,12,0,Yes,34,0,3,3,1,1,0.38,0,0
1934,41,Male,HR,Sales Executive,2,2768,0,8,Yes,8,0,4,3,3,1,0.0,0,1
1935,47,Male,Sales,Technician,4,2138,10,2,No,34,4,3,4,1,4,0.72,0,0
1936,28,Male,IT,Technician,1,2220,8,1,No,34,0,4,3,3,1,0.62,0,1
1937,45,Female,R&D,Technician,3,9356,12,6,Yes,36,9,4,3,3,1,0.06,1,1
1938,28,Female,Sales,Sales Executive,4,11052,10,3,No,7,8,3,2,4,2,0.87,0,0
1939,34,Female,HR,Technician,3,5927,7,3,No,14,5,4,1,3,3,0.17,1,1
1940,29,Male,HR,Analyst,5,4387,6,9,No,20,8,3,1,4,3,0.8,1,0
1941,43,Male,IT,HR Specialist,1,4525,19,8,No,37,4,3,3,3,1,0.4,0,0
1942,27,Male,R&D,Sales Executive,5,7054,14,6,No,33,5,3,3,3,2,0.22,0,0
1943,43,Female,R&D,Analyst,4,11637,14,8,No,31,1,2,4,2,2,0.59,1,1
1944,35,Male,Marketing,Sales Executive,2,8956,11,0,No,33,8,3,3,3,2,0.45,0,0
1945,45,Male,Sales,Sales Executive,4,3609,16,2,No,26,2,4,1,3,4,0.9,0,0
1946,46,Male,Marketing,HR Specialist,5,7443,5,9,Yes,26,4,3,1,4,1,0.64,1,0
1947,56,Female,HR,Engineer,3,2198,12,9,No,38,7,4,4,3,2,0.82,0,0
1948,23,Female,HR,Analyst,4,13055,15,5,Yes,16,4,4,1,2,2,0.04,0,0
1949,43,Male,IT,Sales Executive,2,7984,0,0,No,12,9,3,4,1,1,0.48,0,1
1950,38,Female,IT,Consultant,5,11352,12,4,Yes,1,3,3,3,2,1,0.33,0,0
1951,55,Male,R&D,Sales Executive,4,3369,6,3,Yes,20,3,2,2,2,2,0.16,1,1
1952,58,Male,Marketing,Manager,5,5571,12,3,Yes,2,4,3,4,3,3,0.97,0,0
1953,29,Female,HR,Technician,5,12414,6,6,Yes,31,2,3,1,1,1,0.69,1,1
1954,44,Female,Sales,Engineer,1,2488,7,4,No,18,9,3,4,3,3,0.31,0,0
1955,37,Female,Finance,HR Specialist,3,5540,17,6,No,10,3,4,2,2,3,0.43,0,0
1956,38,Female,Sales,Consultant,1,13059,16,0,No,6,4,2,4,1,3,0.52,1,1
1957,55,Male,IT,Analyst,5,12619,15,8,Yes,2,3,3,4,2,1,0.02,0,0
1958,29,Male,Sales,Sales Executive,2,12069,16,7,Yes,16,2,3,4,2,3,0.77,0,1
1959,52,Female,HR,Technician,2,14729,7,6,No,5,0,2,1,2,1,0.81,0,1
1960,24,Female,Marketing,Analyst,1,11056,6,9,Yes,38,1,3,3,1,1,0.73,0,0
1961,54,Male,R&D,HR Specialist,2,4180,17,1,No,22,8,4,3,3,3,0.38,1,1
1962,53,Male,Marketing,Engineer,5,13220,3,5,Yes,22,9,4,1,3,2,0.1,0,0
1963,52,Male,Finance,Manager,4,13290,1,3,Yes,22,1,4,3,1,2,0.0,0,0
1964,40,Male,R&D,Engineer,5,5328,15,2,Yes,1,1,3,3,1,1,0.44,0,0
1965,36,Female,Finance,Manager,4,5634,17,7,Yes,36,4,4,1,1,3,0.95,0,1
1966,41,Female,Finance,Analyst,2,2655,7,3,Yes,13,9,1,2,2,3,0.47,0,0
1967,56,Female,HR,Engineer,3,7986,13,2,No,12,8,3,2,3,4,0.9,0,0
1968,34,Male,HR,Engineer,3,11571,17,4,Yes,13,2,2,3,2,2,0.59,1,1
1969,54,Male,IT,Engineer,5,2235,18,8,Yes,11,8,3,3,1,3,0.62,0,0
1970,47,Female,IT,HR Specialist,5,2988,3,9,Yes,18,3,3,4,4,1,0.8,0,0
1971,26,Female,Finance,Analyst,2,3382,13,2,No,22,2,3,2,2,1,0.29,1,0
1972,51,Female,Marketing,Consultant,3,11006,1,8,No,1,4,3,1,2,3,0.53,1,0
1973,30,Male,IT,Manager,3,13158,16,3,No,4,6,3,1,1,4,0.09,0,1
1974,29,Female,HR,Engineer,5,11881,5,9,Yes,9,6,3,2,1,2,0.96,0,1
1975,28,Male,IT,Analyst,3,7629,7,3,No,3,1,3,3,1,3,0.99,0,1
1976,33,Female,Finance,Consultant,5,13992,15,1,Yes,8,6,2,1,3,1,0.57,0,1
1977,32,Female,R&D,Technician,1,4486,0,7,Yes,9,6,2,4,1,4,0.92,0,1
1978,44,Female,Marketing,HR Specialist,3,3665,17,3,Yes,18,1,3,2,3,4,0.84,0,0
1979,21,Male,Marketing,HR Specialist,4,12827,2,2,Yes,5,9,1,2,4,1,0.53,0,1
1980,54,Male,Sales,Technician,2,5986,17,2,No,22,8,3,3,4,1,0.62,1,0
1981,26,Male,IT,Analyst,5,10186,9,0,Yes,37,7,3,4,1,2,0.73,0,0
1982,40,Male,Marketing,Manager,3,3823,1,7,Yes,5,1,3,2,2,1,0.33,1,1
1983,37,Male,HR,Analyst,3,7828,18,4,No,23,5,3,2,4,1,0.31,1,1
1984,22,Male,R&D,Analyst,5,7430,10,4,Yes,16,7,3,3,1,3,0.83,1,0
1985,58,Female,HR,Sales Executive,4,7336,18,3,Yes,5,8,4,1,2,3,0.19,0,1
1986,30,Male,IT,Consultant,3,6088,2,4,Yes,37,0,2,2,2,4,0.24,1,0
1987,58,Female,Finance,HR Specialist,1,2610,9,4,Yes,39,6,3,3,3,2,0.59,0,0
1988,43,Male,Sales,Manager,2,11527,15,8,No,3,9,3,3,4,2,0.4,1,0
1989,38,Female,Sales,Sales Executive,5,5868,2,5,Yes,26,4,3,4,2,3,0.13,0,0
1990,23,Female,R&D,Technician,3,6325,18,8,Yes,8,8,3,4,1,1,0.98,0,1
1991,45,Male,Marketing,Analyst,2,13884,19,7,No,21,8,4,1,2,4,0.47,1,1
1992,57,Female,Marketing,Technician,5,6435,6,2,Yes,18,2,2,2,4,1,1.0,0,0
1993,51,Male,Marketing,HR Specialist,5,13758,16,1,No,5,9,3,4,2,1,0.45,0,0
1994,58,Male,Sales,Sales Executive,5,12403,7,5,Yes,6,6,1,2,2,3,0.79,0,0
1995,55,Male,Finance,Consultant,4,4163,2,1,Yes,27,2,3,2,1,1,0.7,1,0
1996,59,Male,Marketing,Sales Executive,1,10262,6,2,No,22,3,2,2,1,3,0.33,1,1
1997,56,Female,HR,Manager,5,3749,9,2,No,22,7,3,2,4,2,0.08,1,0
1998,52,Male,Marketing,Consultant,4,6945,18,0,No,38,0,3,1,2,4,0.15,0,1
1999,55,Female,Finance,Analyst,5,7172,14,4,No,38,3,3,2,2,1,0.04,0,0
2000,22,Female,R&D,Manager,5,2341,14,7,No,27,3,2,3,3,4,0.66,1,0
2001,28,Female,R&D,Sales Executive,4,6683,4,8,Yes,33,2,2,2,2,3,0.07,1,1
2002,27,Male,Sales,Consultant,1,13018,2,6,Yes,31,1,3,1,2,4,0.3,0,0
2003,52,Female,Finance,Sales Executive,2,5831,2,4,Yes,28,7,3,1,3,1,0.11,0,1
2004,25,Male,HR,Manager,3,4379,3,7,No,30,5,3,2,2,3,0.58,0,0
2005,58,Female,Finance,Sales Executive,5,8105,14,8,Yes,34,1,3,4,4,1,0.7,1,0
2006,23,Male,HR,Consultant,1,5869,15,8,Yes,17,7,3,4,1,2,0.45,1,0
2007,32,Male,HR,Engineer,3,14394,4,8,No,35,7,4,2,2,2,0.96,0,1
2008,21,Male,Finance,HR Specialist,5,8068,7,1,Yes,36,6,3,4,2,3,0.27,0,0
2009,24,Male,IT,Analyst,3,13465,9,2,Yes,6,7,3,3,1,3,0.99,0,0
2010,46,Female,Finance,HR Specialist,4,4439,1,1,Yes,29,8,2,3,1,4,0.59,0,1
2011,51,Female,HR,Analyst,1,14517,13,4,No,23,2,3,2,3,2,0.86,1,0
2012,40,Male,Marketing,Consultant,1,9906,4,2,No,14,1,4,4,3,3,0.12,0,0
2013,27,Female,R&D,Sales Executive,2,12259,6,8,Yes,9,6,3,1,3,4,0.98,0,0
2014,57,Male,R&D,Consultant,2,13731,10,1,No,15,1,2,3,2,2,0.76,0,1
2015,27,Male,Sales,Manager,3,9857,2,4,Yes,38,2,3,2,2,1,0.59,0,1
2016,22,Female,R&D,Manager,4,14939,11,4,No,25,5,3,1,3,2,0.0,0,0
2017,22,Male,IT,Sales Executive,3,7429,13,4,No,20,8,2,1,1,1,0.0,0,0
2018,41,Male,HR,Analyst,5,2471,0,0,Yes,22,8,3,3,3,3,0.17,0,1
2019,25,Male,Finance,Sales Executive,1,10059,15,9,Yes,7,9,3,4,1,4,0.41,0,1
2020,21,Male,Finance,Analyst,3,5765,14,6,No,18,1,3,1,3,2,0.3,1,0
2021,42,Male,IT,Sales Executive,3,14361,0,1,No,17,0,4,2,3,1,0.85,0,0
2022,21,Female,R&D,Sales Executive,1,9826,12,1,Yes,14,5,2,2,2,2,0.75,1,1
2023,57,Female,HR,Sales Executive,1,9912,14,8,Yes,26,6,1,4,4,1,0.89,0,0
2024,36,Female,R&D,Manager,2,10845,16,0,Yes,32,7,3,4,1,3,0.37,0,1
2025,54,Male,Sales,Analyst,2,2461,8,8,No,29,3,2,4,3,3,0.79,0,1
2026,53,Male,R&D,Technician,1,3173,4,5,Yes,7,6,1,4,3,2,0.84,1,0
2027,42,Male,Sales,Sales Executive,3,3667,11,4,No,9,8,3,2,1,1,1.0,0,0
2028,49,Male,Finance,HR Specialist,5,13937,16,4,No,12,0,4,2,4,3,0.78,1,0
2029,27,Male,HR,HR Specialist,3,5321,10,4,Yes,3,2,3,1,4,4,0.86,0,0
2030,41,Male,Marketing,Consultant,5,10831,10,5,No,32,4,4,1,2,4,0.3,1,1
2031,55,Female,Sales,Consultant,1,6369,7,6,No,33,6,4,2,4,1,0.67,0,1
2032,24,Male,R&D,Manager,5,10673,14,8,No,15,4,1,4,1,3,0.66,1,0
2033,32,Female,R&D,Engineer,2,10273,1,1,Yes,9,0,1,1,3,1,0.58,0,0
2034,48,Male,Finance,Technician,1,13495,9,3,No,17,0,2,2,1,1,0.96,0,1
2035,50,Female,IT,Manager,4,6126,13,4,Yes,28,0,4,2,4,4,0.42,1,1
2036,35,Male,Marketing,Engineer,5,4793,4,5,No,13,7,3,3,1,1,0.87,0,0
2037,49,Female,IT,Manager,5,11299,16,6,No,21,6,4,2,4,4,0.06,1,1
2038,35,Female,R&D,Consultant,4,8185,17,2,No,5,2,2,1,1,1,0.41,0,1
2039,31,Male,IT,HR Specialist,4,5785,18,2,Yes,7,3,3,4,3,3,0.07,1,1
2040,36,Male,Marketing,Sales Executive,1,2250,6,8,Yes,38,7,1,4,1,4,0.59,0,0
2041,35,Female,Marketing,Analyst,3,12626,17,8,No,37,6,4,1,2,1,0.59,1,0
2042,31,Male,HR,Consultant,4,3620,11,1,No,19,6,2,4,3,1,0.35,0,0
2043,27,Male,IT,Sales Executive,5,11910,14,3,No,32,5,4,1,3,2,0.91,1,1
2044,39,Male,HR,HR Specialist,4,10457,13,3,No,3,8,3,4,2,3,0.16,0,0
2045,22,Female,R&D,Analyst,1,2021,9,4,Yes,39,5,4,2,2,2,0.46,1,1
2046,35,Male,R&D,Engineer,1,4123,16,1,No,35,0,3,3,3,2,0.59,0,0
2047,49,Female,R&D,Engineer,5,3510,0,3,No,27,4,3,3,3,1,0.2,0,0
2048,42,Female,Finance,HR Specialist,5,5852,3,2,Yes,38,7,2,2,2,4,0.82,0,1
2049,47,Male,IT,Analyst,5,6775,8,5,No,8,5,2,3,3,2,0.46,1,0
2050,59,Female,Sales,Sales Executive,3,13130,3,3,No,19,4,2,2,2,4,0.52,1,0
2051,24,Male,Marketing,HR Specialist,5,9008,18,0,Yes,30,8,3,2,3,1,0.41,0,1
2052,39,Male,Sales,Engineer,1,5422,4,2,No,10,6,3,1,4,2,0.61,0,0
2053,59,Female,R&D,HR Specialist,1,10431,17,7,No,30,6,2,4,4,3,0.81,0,0
2054,20,Female,IT,Sales Executive,4,10242,14,2,Yes,9,0,3,1,3,3,0.34,1,0
2055,49,Female,HR,Manager,5,5007,19,6,No,22,1,1,3,3,2,0.3,0,1
2056,40,Female,Sales,Technician,3,10667,7,1,No,31,9,4,2,1,2,0.91,0,0
2057,39,Female,R&D,Technician,2,12196,1,4,Yes,10,4,4,2,3,3,1.0,0,0
2058,25,Male,Sales,Consultant,4,2156,12,6,Yes,36,2,4,3,1,1,0.23,0,1
2059,41,Female,Sales,Technician,3,8342,12,0,Yes,10,7,3,4,4,4,0.22,1,1
2060,37,Male,Marketing,Manager,5,9598,13,0,No,27,3,2,2,2,4,0.15,1,0
2061,27,Male,Sales,Sales Executive,3,6761,14,7,Yes,15,6,3,4,4,2,0.29,0,1
2062,58,Female,R&D,Consultant,2,12975,11,1,No,19,4,3,2,3,1,0.5,0,0
2063,51,Female,Marketing,Analyst,3,4019,4,3,No,11,5,2,2,3,4,0.0,0,0
2064,52,Female,R&D,HR Specialist,2,7237,2,2,Yes,32,6,3,1,1,1,0.24,0,1
2065,35,Female,Finance,Sales Executive,2,11878,17,4,Yes,20,7,1,4,2,1,0.86,0,1
2066,31,Female,Finance,Manager,2,9923,2,1,Yes,15,2,4,2,2,3,0.12,0,1
2067,57,Male,Finance,Consultant,3,6170,13,5,Yes,4,2,2,3,4,3,0.84,0,0
2068,53,Male,Sales,Engineer,5,7047,1,7,No,17,1,4,2,1,2,0.56,0,1
2069,33,Male,IT,Technician,1,14050,17,4,No,1,5,3,4,2,2,0.27,0,0
2070,55,Female,R&D,Technician,1,4414,12,6,No,19,1,3,2,4,3,0.46,1,0
2071,52,Female,Finance,Sales Executive,3,12995,1,4,Yes,5,0,3,4,4,1,0.17,0,1
2072,42,Male,IT,Technician,5,13441,11,5,Yes,18,0,3,3,1,4,0.6,1,0
2073,21,Female,Finance,Technician,1,4155,1,8,No,17,8,3,1,3,4,0.08,0,1
2074,40,Female,Finance,Sales Executive,2,12018,7,9,Yes,4,0,3,3,1,2,0.61,0,1
2075,21,Female,IT,Sales Executive,3,5757,4,0,No,19,6,4,3,1,2,0.48,0,0
2076,46,Male,Finance,Consultant,3,2092,10,9,Yes,31,4,4,2,2,3,0.0,0,1
2077,28,Female,Sales,Manager,4,8243,12,8,Yes,3,5,3,4,4,2,0.93,0,0
2078,20,Male,Sales,Manager,4,14468,16,2,Yes,3,9,3,3,4,4,0.03,0,0
2079,30,Female,Marketing,Technician,4,10862,15,9,Yes,29,8,3,1,3,2,0.85,1,1
2080,22,Female,Sales,Consultant,5,4143,18,2,No,8,2,4,3,3,2,0.26,1,0
2081,42,Male,HR,Sales Executive,3,10423,14,3,Yes,5,5,3,2,4,1,0.98,1,0
2082,45,Female,Marketing,Sales Executive,4,7971,17,7,No,31,6,4,2,1,3,1.0,1,1
2083,23,Female,Finance,Technician,3,14181,5,0,Yes,27,1,1,3,2,1,0.23,0,1
2084,37,Female,HR,Analyst,2,3602,3,3,Yes,33,5,4,1,1,3,0.25,1,0
2085,25,Male,R&D,Engineer,4,4951,3,6,No,18,5,3,3,3,1,0.85,1,1
2086,54,Female,IT,HR Specialist,3,11964,12,2,Yes,24,4,2,2,4,2,0.14,0,1
2087,41,Female,R&D,HR Specialist,5,12258,8,6,No,26,6,2,4,3,1,0.0,1,1
2088,34,Female,HR,Technician,5,3310,9,4,Yes,31,8,1,3,2,4,0.63,1,1
2089,41,Female,Sales,Consultant,5,9967,13,9,Yes,14,6,4,4,3,1,0.27,0,1
2090,56,Female,Finance,HR Specialist,4,8246,7,8,No,25,1,3,4,3,4,0.37,0,0
2091,31,Male,Marketing,Manager,5,2158,2,7,Yes,32,3,4,1,1,4,0.45,0,1
2092,57,Male,Finance,Consultant,1,5778,8,2,No,39,0,3,1,1,3,0.27,0,1
2093,37,Female,Sales,Consultant,2,3586,0,3,Yes,14,1,4,3,4,4,0.12,1,0
2094,54,Female,Finance,Manager,3,2377,14,6,Yes,27,8,3,4,3,4,0.71,0,0
2095,49,Male,IT,Analyst,1,5295,14,1,No,22,6,2,3,4,4,0.49,0,1
2096,43,Female,IT,Technician,4,10905,6,9,No,38,7,3,1,4,2,0.77,0,0
2097,49,Female,IT,Manager,3,14379,14,5,Yes,7,7,4,4,2,3,0.91,1,0
2098,33,Female,R&D,Technician,3,12415,6,8,No,33,1,3,4,2,2,0.23,0,0
2099,25,Female,Sales,Technician,5,14263,12,8,Yes,33,4,1,3,3,4,0.89,1,0
2100,22,Female,IT,Consultant,3,12974,11,5,No,24,0,3,2,2,4,0.96,0,0
2101,35,Female,HR,Sales Executive,3,10929,17,5,No,26,8,4,2,3,2,0.3,0,0
2102,26,Female,IT,Engineer,2,4500,6,5,Yes,31,4,4,4,3,2,0.85,0,0
2103,33,Female,Marketing,Engineer,4,13338,6,9,No,27,0,1,4,1,1,0.27,0,0
2104,28,Male,R&D,Technician,1,3863,14,5,Yes,13,6,3,3,1,1,0.84,1,1
2105,34,Male,HR,Engineer,5,9888,8,2,No,31,8,2,2,4,4,0.91,0,1
2106,40,Female,Sales,Engineer,2,2491,5,3,Yes,32,0,4,4,2,2,0.97,0,1
2107,54,Female,Sales,HR Specialist,1,10113,8,5,Yes,23,0,3,4,4,3,0.57,1,0
2108,21,Female,Marketing,Consultant,1,13196,18,9,Yes,37,0,4,4,2,3,0.55,0,1
2109,46,Female,IT,HR Specialist,2,9501,19,0,No,16,6,3,2,3,4,0.1,1,1
2110,21,Male,HR,Sales Executive,5,13805,15,0,Yes,39,9,4,4,1,1,0.54,1,1
2111,54,Male,Marketing,Analyst,4,11721,15,6,Yes,8,2,4,2,1,4,0.84,0,0
2112,37,Male,HR,Consultant,2,9410,0,0,Yes,18,8,2,3,4,3,0.01,0,1
2113,33,Male,IT,Manager,2,9731,12,4,Yes,27,8,2,2,1,2,0.91,0,0
2114,39,Female,IT,Manager,2,2945,18,9,Yes,9,6,2,2,3,4,0.58,0,0
2115,37,Female,Finance,HR Specialist,5,13832,3,7,Yes,28,2,3,1,4,3,0.64,0,0
2116,29,Female,Finance,Technician,2,10893,18,5,Yes,22,9,2,4,1,2,0.73,0,1
2117,44,Male,IT,Engineer,2,14148,9,2,No,11,7,4,2,1,3,0.93,0,1
2118,21,Female,R&D,Sales Executive,3,4484,12,1,Yes,22,5,2,2,2,1,0.69,0,1
2119,44,Female,Marketing,Analyst,3,4755,0,1,Yes,14,3,2,3,1,3,0.44,0,0
2120,52,Male,Finance,HR Specialist,3,9628,12,3,Yes,23,7,2,2,2,4,0.86,0,1
2121,55,Male,IT,Technician,3,13460,9,8,No,2,2,3,3,2,1,0.95,0,1
2122,50,Male,HR,Sales Executive,2,13294,14,8,Yes,15,0,1,1,2,4,0.62,0,1
2123,33,Male,Marketing,Technician,3,12059,14,0,No,5,3,3,2,3,3,0.77,0,0
2124,20,Male,Finance,Sales Executive,1,14317,6,4,Yes,29,8,2,1,4,1,0.55,0,1
2125,35,Female,R&D,HR Specialist,4,9817,13,8,Yes,33,6,4,4,4,4,0.11,0,0
2126,22,Female,Marketing,Sales Executive,3,13997,7,3,Yes,30,0,2,1,2,3,0.61,1,0
2127,54,Male,Marketing,Consultant,5,5033,18,6,Yes,17,0,1,2,1,2,0.57,1,1
2128,25,Female,Sales,Engineer,4,14971,17,5,No,1,0,3,1,4,3,0.5,1,0
2129,44,Female,HR,Sales Executive,1,2389,14,3,Yes,14,5,2,2,1,3,0.56,0,1
2130,32,Female,R&D,Analyst,4,9834,8,9,No,17,9,4,1,4,4,0.34,0,1
2131,53,Female,R&D,Sales Executive,4,11435,11,6,No,9,9,3,3,4,3,0.8,0,0
2132,27,Male,R&D,Consultant,1,5347,13,6,No,35,8,3,4,2,4,0.24,1,0
2133,40,Female,HR,Manager,3,2011,1,1,No,31,2,3,3,3,4,0.43,1,0
2134,53,Female,R&D,Consultant,1,11708,4,6,No,12,2,3,3,1,2,0.71,1,0
2135,23,Female,Sales,Sales Executive,5,3620,4,8,Yes,2,6,1,4,1,2,0.56,0,1
2136,44,Male,Finance,Technician,1,11949,13,5,No,15,5,3,3,2,1,0.13,1,0
2137,34,Female,HR,HR Specialist,2,10240,3,5,Yes,34,8,3,1,2,3,0.5,0,1
2138,23,Male,R&D,Manager,2,11907,1,5,No,37,2,2,1,3,4,0.75,1,1
2139,31,Male,IT,HR Specialist,4,8153,0,1,No,30,6,3,1,2,2,0.07,1,0
2140,51,Male,Finance,Technician,3,10178,1,5,No,14,6,4,1,2,4,0.85,1,0
2141,51,Male,Marketing,Analyst,3,10452,12,5,No,4,8,2,1,1,1,0.51,0,0
2142,47,Female,HR,Engineer,2,10511,19,8,Yes,8,5,1,2,4,3,0.53,0,1
2143,32,Male,IT,Analyst,5,14473,16,1,Yes,23,8,4,3,2,4,0.56,1,0
2144,50,Male,Marketing,Manager,1,12468,12,8,Yes,7,5,2,3,4,2,0.24,0,0
2145,33,Male,IT,Technician,1,3927,16,4,Yes,17,1,3,2,1,2,0.38,0,0
2146,39,Male,R&D,Technician,1,8813,4,8,No,22,5,3,3,4,4,0.67,0,0
2147,37,Male,HR,Engineer,5,4832,7,9,Yes,38,4,4,4,2,4,0.39,0,1
2148,48,Female,R&D,Sales Executive,5,8978,11,9,Yes,26,5,4,3,3,4,0.94,1,0
2149,25,Male,Marketing,Manager,1,6116,8,1,Yes,8,8,3,3,1,3,0.91,0,1
2150,51,Female,Sales,Engineer,1,2015,17,4,No,22,5,4,2,3,2,0.18,0,0
2151,48,Female,IT,Consultant,5,12719,15,1,Yes,22,4,1,1,1,1,0.2,1,1
2152,21,Male,Sales,Consultant,1,5866,18,4,No,5,4,3,1,1,1,0.41,0,0
2153,42,Female,Marketing,HR Specialist,5,14293,7,6,Yes,9,2,3,1,3,2,0.58,0,1
2154,38,Female,R&D,Engineer,4,4345,6,6,Yes,20,4,3,4,2,2,0.88,1,0
2155,50,Female,Finance,HR Specialist,2,11132,8,6,Yes,22,4,3,1,2,2,0.13,0,1
2156,24,Male,IT,Consultant,2,10450,11,4,Yes,34,9,3,3,1,1,0.8,0,0
2157,38,Male,Finance,Consultant,5,3063,13,6,No,35,2,1,2,3,4,0.12,1,0
2158,53,Male,HR,HR Specialist,1,2275,9,5,No,36,6,4,4,2,1,0.56,0,0
2159,29,Male,IT,Technician,2,12983,15,6,No,19,7,2,1,2,2,0.58,1,0
2160,44,Male,Sales,Engineer,3,4566,1,4,Yes,28,6,2,2,2,4,0.96,0,0
2161,21,Male,Finance,Technician,1,6922,5,1,Yes,7,1,2,4,3,1,0.75,0,0
2162,30,Male,Marketing,Consultant,5,3930,10,8,No,38,6,4,3,4,3,0.72,0,0
2163,50,Female,HR,Technician,3,5582,3,1,Yes,3,0,1,1,4,1,0.03,0,1
2164,34,Female,IT,Analyst,5,3331,4,2,No,32,2,3,3,2,4,0.76,0,0
2165,28,Male,Marketing,Analyst,1,10066,4,8,Yes,31,9,2,4,2,4,0.68,0,0
2166,42,Female,HR,Technician,4,11748,16,1,No,25,3,3,3,4,4,0.68,1,0
2167,38,Male,Sales,Technician,4,2479,4,7,No,33,5,3,4,1,2,0.05,0,0
2168,28,Male,Marketing,HR Specialist,4,6509,10,2,No,5,8,3,1,1,1,0.39,1,1
2169,54,Male,IT,Technician,1,5046,8,5,Yes,29,8,3,2,3,3,0.11,0,1
2170,40,Female,HR,Manager,1,13786,14,8,Yes,31,5,3,4,1,2,0.91,0,0
2171,28,Male,R&D,Engineer,3,3488,2,9,Yes,26,8,3,1,2,1,0.37,1,1
2172,47,Male,IT,Manager,1,10152,15,9,Yes,21,5,2,3,1,3,0.88,0,1
2173,26,Male,IT,Analyst,1,13016,8,2,No,34,6,3,2,4,1,0.32,0,1
2174,35,Male,IT,Manager,3,4092,5,8,Yes,37,5,3,2,1,3,0.67,1,1
2175,35,Female,IT,Sales Executive,3,2829,8,6,No,1,2,4,4,2,3,0.01,0,1
2176,52,Male,R&D,Sales Executive,5,14562,18,4,Yes,4,0,1,1,2,1,0.7,1,1
2177,23,Female,Marketing,Analyst,2,12126,5,7,No,22,3,3,4,4,2,0.7,1,0
2178,23,Female,Marketing,Manager,2,9655,10,5,No,16,0,3,4,3,3,0.14,0,0
2179,58,Male,Marketing,Engineer,5,4700,1,6,Yes,32,9,4,4,3,2,0.45,0,1
2180,59,Male,Sales,Analyst,4,10335,17,2,Yes,34,0,3,1,2,3,0.68,0,1
2181,36,Female,R&D,Sales Executive,1,6930,6,9,No,21,4,3,4,1,4,0.53,0,0
2182,56,Female,R&D,Analyst,3,4804,3,5,No,27,7,4,1,4,4,0.93,0,0
2183,58,Female,HR,Manager,3,12078,6,2,Yes,37,0,2,2,3,3,0.21,0,1
2184,48,Female,Finance,Manager,4,9990,16,6,No,3,4,3,2,1,4,0.97,1,0
2185,55,Male,Marketing,Manager,3,8336,3,9,No,34,7,3,1,4,3,0.49,1,1
2186,57,Female,Finance,HR Specialist,4,12786,12,5,No,7,2,3,3,1,2,1.0,0,0
2187,58,Female,HR,Manager,5,10975,19,9,Yes,29,5,3,4,2,1,0.43,0,0
2188,56,Female,R&D,Technician,4,8016,18,7,Yes,3,6,3,2,3,3,0.87,1,1
2189,54,Female,HR,Sales Executive,2,6273,3,7,Yes,38,9,3,4,3,1,0.84,0,0
2190,26,Male,IT,Consultant,4,13021,12,5,No,2,7,3,4,2,4,0.54,0,0
2191,46,Male,HR,Sales Executive,5,8461,0,1,No,12,2,3,3,3,3,0.76,0,0
2192,47,Male,HR,HR Specialist,4,9558,1,9,Yes,15,0,3,1,2,3,0.74,0,1
2193,41,Female,IT,Sales Executive,5,4198,6,9,Yes,16,9,2,1,2,3,0.13,0,0
2194,33,Female,Finance,Sales Executive,2,10802,16,5,Yes,3,7,3,4,2,3,0.73,0,0
2195,26,Male,IT,Analyst,1,13710,6,0,No,27,3,3,3,1,1,0.73,1,0
2196,56,Male,Sales,Consultant,5,10732,12,5,Yes,23,1,3,4,2,1,0.43,0,0
2197,41,Female,HR,Consultant,1,12389,16,5,Yes,33,0,2,1,2,4,0.15,1,1
2198,24,Male,HR,Manager,5,9375,0,5,No,27,5,2,3,2,2,0.45,0,1
2199,21,Female,Finance,Technician,4,12501,1,8,No,24,0,3,3,4,3,0.75,0,0
2200,46,Female,R&D,Technician,1,9889,5,3,No,38,5,3,2,2,1,0.88,0,1
2201,40,Female,IT,Analyst,5,2412,11,6,Yes,27,7,4,3,2,1,0.37,0,1
2202,57,Female,R&D,Technician,5,9256,12,2,No,31,2,2,1,2,1,0.34,1,0
2203,34,Female,Sales,Analyst,1,7868,19,7,Yes,15,5,2,1,3,1,0.2,1,0
2204,40,Female,IT,Consultant,5,11975,19,1,No,35,5,2,4,4,2,0.37,0,0
2205,29,Male,Sales,Consultant,1,7377,8,1,No,36,4,2,1,3,3,0.24,0,0
2206,42,Male,Sales,Consultant,2,14779,16,4,Yes,24,2,4,1,1,3,0.34,1,1
2207,58,Male,Sales,Technician,3,11919,17,0,Yes,17,5,3,1,2,3,0.54,0,0
2208,24,Female,Marketing,Sales Executive,2,7727,7,0,Yes,34,0,3,4,3,1,0.57,0,0
2209,20,Male,IT,Consultant,1,3427,7,2,No,1,3,3,2,2,3,0.74,0,0
2210,32,Female,IT,Engineer,4,5510,10,5,No,20,7,4,2,4,2,0.98,1,0
2211,40,Female,Marketing,Manager,4,3637,7,9,No,6,5,3,2,2,2,0.09,0,1
2212,45,Female,Finance,Engineer,3,6576,17,5,Yes,5,3,4,3,3,1,0.24,0,0
2213,40,Female,Marketing,Sales Executive,1,10371,17,7,Yes,29,5,3,2,3,1,0.41,1,0
2214,37,Male,HR,HR Specialist,5,5396,12,6,No,6,0,2,3,4,3,0.97,0,0
2215,56,Male,R&D,Analyst,2,6677,0,0,No,33,2,3,3,4,2,0.28,1,0
2216,51,Male,R&D,Technician,2,7525,14,0,No,38,6,3,2,3,4,0.88,1,1
2217,55,Female,Sales,Technician,3,9122,5,3,No,29,0,2,1,1,1,0.41,0,1
2218,36,Male,IT,Sales Executive,3,3642,5,0,Yes,10,1,2,2,3,3,0.96,0,1
2219,54,Male,IT,Technician,3,3294,12,0,Yes,32,2,4,3,2,4,0.04,0,0
2220,30,Male,Sales,Sales Executive,3,11774,1,9,No,25,3,3,3,1,2,0.24,0,0
2221,40,Female,HR,Engineer,3,5536,18,0,Yes,28,5,2,3,4,1,0.04,0,1
2222,45,Male,R&D,HR Specialist,3,9787,16,2,Yes,29,8,3,4,3,1,0.75,0,0
2223,23,Female,Marketing,Analyst,5,10555,0,9,No,35,0,3,4,4,3,0.65,0,0
2224,53,Male,Finance,Technician,5,4116,13,1,No,32,3,3,2,1,1,0.23,0,0
2225,37,Female,HR,HR Specialist,2,12547,15,9,No,36,3,3,2,3,4,0.06,0,0
2226,59,Male,IT,HR Specialist,2,14710,14,7,Yes,7,5,2,3,2,1,0.79,1,0
2227,54,Male,Sales,HR Specialist,3,4561,8,6,Yes,10,0,2,2,4,3,0.76,1,0
2228,48,Male,R&D,Manager,2,13308,18,9,Yes,34,8,1,2,3,1,0.92,0,0
2229,48,Female,Sales,HR Specialist,3,8039,7,7,Yes,33,0,2,3,3,1,0.17,0,1
2230,57,Male,IT,Consultant,5,9400,14,3,No,26,9,3,4,1,4,0.57,0,0
2231,40,Male,Sales,Sales Executive,4,9868,9,8,No,13,0,3,2,3,1,0.92,0,1
2232,32,Female,Marketing,Manager,5,8265,1,4,No,30,2,4,2,3,1,0.21,0,1
2233,36,Female,R&D,Consultant,1,4542,17,6,No,32,0,1,1,4,3,0.61,1,1
2234,28,Female,Sales,Manager,5,8720,19,3,No,33,3,3,1,3,3,0.61,0,0
2235,20,Female,R&D,HR Specialist,1,6020,1,0,No,6,6,3,4,1,4,0.04,1,1
2236,21,Male,Sales,Technician,2,2883,11,7,No,36,8,2,2,3,3,0.78,1,0
2237,48,Male,Sales,Technician,5,3172,9,8,Yes,2,3,4,2,3,2,0.79,1,0
2238,52,Female,R&D,Technician,4,11976,11,8,No,7,5,4,2,1,1,0.19,0,1
2239,29,Male,Marketing,Technician,5,9038,6,9,Yes,30,1,2,3,2,1,0.04,0,1
2240,59,Female,Sales,Sales Executive,5,7595,1,7,Yes,26,6,2,2,1,2,0.72,0,1
2241,40,Male,Marketing,Technician,5,6674,0,0,No,25,7,2,2,2,2,0.13,1,0
2242,47,Female,HR,Analyst,3,14160,1,2,Yes,33,2,3,1,2,2,0.69,1,0
2243,30,Male,Finance,HR Specialist,5,9738,16,4,Yes,6,0,2,2,2,1,0.15,1,1
2244,53,Female,HR,Manager,5,12354,19,6,Yes,8,1,2,1,4,2,0.86,0,0
2245,27,Female,Finance,Analyst,4,12867,7,7,Yes,9,1,3,4,2,4,0.61,1,1
2246,41,Male,HR,Technician,1,14524,11,0,No,11,5,3,2,2,3,0.58,1,0
2247,27,Male,Finance,Analyst,1,12286,1,4,Yes,24,6,3,3,3,4,0.53,1,1
2248,34,Male,Sales,Manager,4,12513,8,2,No,6,4,1,4,4,2,0.04,0,0
2249,36,Female,R&D,Technician,2,10304,16,6,Yes,16,9,3,4,1,3,0.84,0,0
2250,42,Male,R&D,Analyst,5,8688,16,5,Yes,17,0,4,2,1,2,0.45,0,0
2251,43,Female,IT,Sales Executive,2,8542,9,0,No,24,4,4,2,3,4,0.37,0,1
2252,38,Male,Finance,Sales Executive,4,10983,12,1,No,7,7,2,1,1,3,0.63,0,0
2253,24,Male,IT,HR Specialist,2,3315,4,4,Yes,27,9,3,4,1,1,0.5,0,0
2254,51,Female,Marketing,HR Specialist,1,12555,13,4,No,10,1,4,1,1,4,0.29,0,0
2255,20,Female,Marketing,Consultant,3,5233,13,0,No,9,7,2,1,4,1,0.15,0,0
2256,42,Male,IT,Analyst,2,2050,14,3,No,10,5,3,2,1,3,0.1,1,1
2257,56,Female,Finance,Manager,3,13687,4,8,No,30,0,3,4,4,3,0.24,0,0
2258,27,Female,R&D,Sales Executive,2,2143,5,8,No,9,9,1,3,4,4,0.87,0,0
2259,32,Male,Finance,Engineer,4,5687,8,4,Yes,26,8,2,1,4,2,0.11,0,1
2260,27,Female,Marketing,HR Specialist,3,7801,8,6,No,34,7,2,4,1,3,0.82,1,0
2261,42,Male,Sales,Consultant,2,12767,3,1,Yes,35,4,3,4,1,1,0.87,0,0
2262,20,Male,IT,Sales Executive,4,7252,0,0,Yes,27,3,1,4,1,1,0.83,1,0
2263,43,Female,IT,Consultant,1,7618,14,1,Yes,20,0,3,2,2,1,0.86,0,1
2264,54,Male,Marketing,Technician,5,6485,13,3,No,24,1,2,2,1,2,0.22,1,0
2265,43,Female,Finance,Analyst,4,9337,0,5,Yes,27,4,4,2,1,2,1.0,1,1
2266,36,Male,IT,Consultant,4,10151,5,2,No,19,4,3,1,3,2,0.54,0,0
2267,24,Female,R&D,Sales Executive,1,12212,7,1,No,18,7,1,2,2,3,0.81,0,1
2268,39,Female,IT,Sales Executive,3,10116,2,6,No,12,4,3,4,1,3,0.49,1,0
2269,40,Female,Finance,Analyst,2,5730,16,7,Yes,18,4,3,4,3,4,0.19,0,0
2270,59,Female,Marketing,HR Specialist,3,10940,19,8,No,8,2,2,2,3,2,0.85,0,0
2271,50,Female,R&D,HR Specialist,4,11066,4,9,Yes,36,6,3,1,3,4,0.49,0,0
2272,55,Male,R&D,Engineer,2,4944,17,7,No,38,5,4,2,3,3,0.97,0,1
2273,30,Male,IT,Engineer,5,6803,6,1,Yes,16,4,2,2,1,2,0.81,1,0
2274,34,Female,Finance,HR Specialist,5,3208,16,2,Yes,13,1,3,4,4,4,0.75,1,1
2275,38,Male,IT,HR Specialist,2,5733,14,0,No,26,3,3,4,3,4,0.72,0,0
2276,26,Female,Sales,Consultant,4,2213,19,0,No,26,2,3,3,3,2,0.61,0,0
2277,47,Female,Marketing,HR Specialist,1,14300,15,5,No,21,6,4,2,4,3,0.9,0,0
2278,24,Male,Sales,HR Specialist,3,8566,12,2,Yes,21,8,3,3,1,1,0.62,0,0
2279,24,Male,R&D,Sales Executive,3,3818,6,3,No,8,2,1,4,4,3,1.0,0,0
2280,49,Female,IT,Engineer,1,5494,14,9,Yes,33,6,3,1,3,2,0.52,1,1
2281,51,Female,Sales,Analyst,1,2485,4,7,Yes,6,8,2,1,4,2,0.08,0,0
2282,27,Female,HR,Manager,5,9544,11,4,Yes,2,4,2,3,3,1,0.76,0,1
2283,29,Female,Sales,Analyst,1,5015,9,5,No,8,7,2,4,2,4,0.04,0,1
2284,57,Female,IT,Technician,2,13915,18,8,No,6,7,3,3,4,3,0.39,0,1
2285,51,Female,IT,Manager,5,5479,9,1,No,6,6,2,3,1,2,0.45,1,1
2286,47,Male,Marketing,Sales Executive,4,8929,6,2,No,22,0,4,4,3,1,0.89,0,0
2287,36,Female,Sales,Technician,5,14406,14,4,Yes,25,4,2,2,1,3,0.56,0,1
2288,50,Female,IT,Engineer,5,8414,8,1,Yes,31,9,3,2,2,4,0.94,0,1
2289,27,Male,IT,Manager,3,14219,5,7,No,35,8,3,4,2,3,0.24,0,1
2290,59,Female,Marketing,HR Specialist,1,7216,10,1,No,5,8,3,3,2,3,0.28,0,0
2291,44,Female,Marketing,Technician,2,6937,5,3,Yes,22,5,1,4,1,2,0.37,0,1
2292,28,Male,Marketing,Sales Executive,1,5118,19,2,No,25,7,2,3,3,2,0.73,0,0
2293,21,Female,Marketing,Manager,3,2663,14,3,Yes,18,3,3,4,1,1,0.68,0,1
2294,34,Male,HR,HR Specialist,1,3023,12,3,Yes,9,8,3,3,1,4,0.21,1,0
2295,22,Female,R&D,Technician,2,8316,5,5,No,25,1,3,4,1,1,0.4,0,0
2296,55,Male,IT,Sales Executive,1,6442,19,9,Yes,29,1,3,4,4,4,0.35,1,0
2297,23,Male,Finance,Technician,3,2236,14,9,Yes,33,6,4,4,2,3,0.76,1,0
2298,33,Male,Marketing,Manager,2,8686,5,9,Yes,8,3,3,4,1,1,0.37,0,0
2299,44,Female,R&D,HR Specialist,1,13476,15,8,No,13,3,4,1,3,2,0.76,1,0
2300,29,Female,Marketing,Engineer,3,5343,0,2,Yes,8,1,1,4,3,4,0.55,1,0
2301,40,Male,R&D,Consultant,3,8550,5,0,No,27,8,2,2,2,2,0.94,0,1
2302,55,Male,Finance,Sales Executive,5,4125,15,7,Yes,3,1,3,2,4,2,0.98,0,1
2303,31,Female,Sales,Manager,2,9958,0,6,No,33,8,2,1,4,2,0.63,1,0
2304,46,Female,HR,HR Specialist,2,5217,6,1,Yes,31,4,3,4,1,1,0.92,0,0
2305,59,Female,IT,Engineer,1,3955,9,4,Yes,28,4,3,2,4,2,0.72,0,0
2306,21,Female,Sales,Technician,5,8155,7,9,Yes,21,6,3,4,3,2,0.68,0,0
2307,32,Female,Finance,HR Specialist,2,9927,4,3,Yes,29,4,2,4,4,1,0.47,1,0
2308,51,Male,HR,Consultant,3,2228,17,8,No,29,5,4,3,2,2,0.56,1,0
2309,50,Female,HR,Engineer,2,6938,3,3,Yes,9,2,3,2,1,3,0.39,1,0
2310,35,Male,HR,Manager,5,7060,19,4,Yes,22,2,3,3,2,1,0.17,0,0
2311,51,Female,Finance,HR Specialist,4,13604,15,7,No,8,2,4,1,4,2,0.92,0,0
2312,51,Male,Marketing,Consultant,3,8815,9,2,Yes,17,0,2,4,3,4,0.21,1,1
2313,53,Male,Marketing,HR Specialist,2,4886,15,5,Yes,23,2,3,1,2,1,0.54,1,1
2314,30,Female,Marketing,Analyst,3,14451,7,5,No,39,3,1,2,4,2,0.74,0,1
2315,29,Male,Sales,Sales Executive,1,14669,18,6,Yes,30,5,1,3,2,4,0.82,0,0
2316,34,Male,IT,HR Specialist,3,8874,0,8,No,15,3,3,3,2,3,0.36,0,1
2317,36,Male,HR,Consultant,2,14869,8,2,Yes,14,2,3,2,3,4,0.66,1,1
2318,59,Male,HR,Engineer,1,9605,5,4,No,25,7,1,1,1,2,0.44,0,1
2319,37,Female,Sales,Sales Executive,1,4819,12,4,Yes,16,4,4,3,2,3,0.82,1,1
2320,28,Male,Marketing,Manager,1,4989,12,4,No,18,2,2,2,3,3,0.66,0,0
2321,44,Female,HR,Consultant,4,11278,17,5,No,32,3,3,4,4,3,0.05,0,0
2322,59,Male,HR,Sales Executive,4,9138,13,0,No,38,3,3,3,4,1,0.61,0,0
2323,33,Female,Finance,Analyst,1,3993,1,8,Yes,15,2,3,3,2,3,0.7,0,1
2324,44,Female,R&D,Manager,2,14533,15,2,Yes,37,8,3,3,2,3,0.91,0,0
2325,41,Female,Sales,HR Specialist,1,5045,16,5,No,33,3,2,2,3,3,0.05,0,1
2326,49,Male,Sales,Consultant,1,8193,15,3,Yes,13,7,2,1,2,1,0.6,0,1
2327,39,Female,Marketing,Technician,3,5305,13,6,No,7,8,2,1,1,4,0.5,0,0
2328,40,Female,Sales,Manager,3,3992,12,7,No,19,6,4,1,3,3,0.64,0,0
2329,51,Male,Marketing,Consultant,3,5599,15,3,Yes,21,2,2,2,4,3,0.77,0,1
2330,40,Female,Finance,Manager,5,5587,0,9,No,37,0,2,2,1,2,0.13,0,1
2331,54,Male,Finance,Analyst,3,3305,16,5,Yes,9,8,4,1,2,3,0.54,1,1
2332,51,Male,IT,Engineer,3,8363,0,9,No,4,3,1,4,4,1,0.52,1,1
2333,49,Female,Marketing,Manager,2,7467,9,6,Yes,31,2,3,2,3,4,0.52,0,0
2334,58,Male,Finance,Consultant,4,6459,4,9,No,7,6,4,1,1,2,0.41,1,0
2335,31,Male,Marketing,Engineer,4,7087,6,6,No,13,9,3,1,4,1,0.85,0,0
2336,37,Male,Sales,Sales Executive,4,2919,3,8,Yes,36,8,4,4,4,2,0.06,0,0
2337,40,Female,IT,Technician,5,10233,0,7,Yes,8,6,3,2,1,3,0.38,0,1
2338,32,Male,R&D,Analyst,1,3282,0,2,Yes,26,8,1,3,2,4,0.59,1,0
2339,40,Male,HR,HR Specialist,3,13757,9,3,No,27,6,2,3,2,4,0.91,0,0
2340,27,Male,HR,Consultant,2,8109,2,8,No,26,7,1,2,2,3,0.63,1,1
2341,59,Female,IT,Consultant,5,4120,4,6,Yes,14,7,3,2,3,3,0.13,0,1
2342,26,Male,Marketing,Consultant,4,13337,12,6,Yes,20,7,4,4,2,3,0.68,0,0
2343,42,Female,Marketing,Manager,5,12874,8,0,Yes,28,1,3,1,4,4,0.34,1,0
2344,51,Male,Marketing,Technician,2,6496,7,1,Yes,8,1,3,3,4,1,0.59,0,1
2345,30,Female,R&D,Technician,5,5150,10,0,Yes,5,1,4,4,2,3,0.57,0,0
2346,41,Female,HR,Engineer,4,7306,13,3,Yes,13,6,3,4,3,2,0.17,0,0
2347,41,Female,IT,Manager,1,13916,7,3,Yes,2,7,4,4,3,3,0.82,1,0
2348,44,Male,Marketing,Consultant,4,3833,9,4,Yes,14,9,4,3,1,4,0.54,1,1
2349,41,Male,Finance,Technician,4,9723,2,4,Yes,3,0,4,1,3,1,0.39,1,1
2350,47,Male,Sales,Consultant,4,7878,3,0,Yes,16,7,3,1,2,1,0.21,0,0
2351,48,Female,R&D,Consultant,5,12709,11,6,No,9,7,3,3,4,3,0.92,0,1
2352,32,Male,Marketing,Consultant,2,14028,8,5,Yes,39,4,2,4,1,4,0.24,0,1
2353,37,Male,HR,Analyst,4,7009,10,7,No,2,2,4,1,4,3,0.93,0,0
2354,21,Female,Sales,HR Specialist,5,5862,10,3,No,11,0,3,3,2,4,0.54,0,0
2355,48,Male,IT,Sales Executive,2,2128,15,0,No,24,3,4,2,1,3,0.5,0,1
2356,40,Male,Marketing,Sales Executive,1,14666,12,2,No,29,6,4,4,3,1,0.47,0,0
2357,34,Female,HR,Engineer,4,13378,13,8,No,14,6,3,2,1,1,0.88,1,1
2358,46,Female,Sales,Technician,3,3345,6,9,No,22,4,4,3,2,2,0.81,0,1
2359,50,Male,Finance,Sales Executive,5,12628,11,6,No,34,5,3,3,3,3,0.68,1,1
2360,34,Female,R&D,Engineer,1,13025,18,1,Yes,36,8,3,1,4,1,0.52,0,0
2361,42,Male,IT,HR Specialist,1,14751,7,2,Yes,33,6,3,2,3,4,0.66,0,1
2362,43,Male,HR,Consultant,1,9369,3,1,No,39,1,4,3,4,3,0.24,0,1
2363,32,Male,Finance,Manager,5,9132,16,3,No,18,1,3,1,4,4,0.5,0,0
2364,41,Male,R&D,Analyst,2,6642,1,1,No,22,1,1,3,2,3,0.14,0,0
2365,56,Male,R&D,HR Specialist,3,14696,12,3,No,25,1,4,2,2,4,0.13,0,1
2366,52,Female,Finance,HR Specialist,2,14905,6,6,No,37,4,3,3,2,2,0.71,0,0
2367,22,Female,HR,Sales Executive,4,5223,17,7,Yes,5,9,2,3,2,2,0.94,0,0
2368,38,Male,R&D,Sales Executive,3,5476,9,9,No,32,4,3,4,4,1,0.8,0,1
2369,42,Female,IT,Analyst,2,7097,3,5,No,36,7,3,3,2,2,0.94,0,1
2370,48,Female,Sales,Manager,4,12730,7,8,Yes,9,4,3,3,3,1,0.22,0,0
2371,49,Male,IT,HR Specialist,3,13046,12,5,No,14,7,4,3,3,3,0.26,1,0
2372,58,Female,Marketing,Technician,5,11627,13,2,No,32,5,4,4,1,1,0.42,1,0
2373,44,Female,R&D,Sales Executive,4,10447,16,0,No,9,9,4,2,1,2,0.38,0,0
2374,56,Male,Sales,HR Specialist,2,7722,11,8,Yes,23,3,3,4,2,1,0.3,1,0
2375,27,Male,Finance,Manager,3,12609,3,2,No,9,9,3,1,4,3,0.29,0,1
2376,35,Male,Sales,Engineer,4,11945,8,0,Yes,21,3,3,2,1,3,0.91,0,1
2377,27,Male,Sales,Manager,4,6746,14,1,Yes,32,2,3,1,1,3,0.18,1,0
2378,20,Male,Sales,HR Specialist,5,5411,14,2,Yes,10,8,1,1,2,1,0.87,0,0
2379,24,Male,R&D,HR Specialist,4,2075,17,7,No,29,4,3,2,1,4,0.51,0,0
2380,22,Male,Marketing,Analyst,3,5611,5,7,No,34,7,4,3,3,3,0.93,1,0
2381,20,Female,Marketing,HR Specialist,1,10001,1,1,No,22,3,3,1,3,2,0.02,1,0
2382,23,Male,HR,Sales Executive,3,10696,8,5,No,5,2,1,3,4,4,0.22,0,1
2383,59,Female,Marketing,Technician,3,5392,4,1,Yes,11,5,3,2,3,1,0.5,0,0
2384,54,Female,R&D,Analyst,5,12184,11,6,Yes,28,5,2,1,4,1,0.14,1,1
2385,51,Male,HR,HR Specialist,5,14949,4,9,No,24,5,4,1,2,3,0.22,1,0
2386,53,Female,Finance,Manager,4,7111,11,2,No,34,1,2,2,4,2,0.47,0,1
2387,44,Female,Finance,HR Specialist,5,13570,14,7,No,10,5,1,2,3,1,0.77,0,0
2388,29,Female,Finance,Manager,4,8119,1,2,Yes,26,4,3,3,3,4,0.79,0,0
2389,40,Male,Finance,Manager,1,4394,10,9,No,7,4,1,2,1,1,0.62,0,1
2390,58,Female,Finance,HR Specialist,2,3416,18,5,Yes,7,2,3,4,1,1,0.91,0,0
2391,46,Female,IT,Manager,5,9843,16,0,No,15,4,4,4,3,3,0.63,0,0
2392,46,Male,R&D,Technician,5,12421,17,7,No,3,9,2,3,2,4,0.02,1,0
2393,21,Female,HR,Engineer,1,10431,9,6,Yes,26,0,4,1,1,4,0.52,0,1
2394,32,Female,Finance,Analyst,5,8053,4,0,Yes,7,0,3,3,2,2,0.97,0,0
2395,28,Female,IT,HR Specialist,1,3777,16,6,Yes,2,6,2,1,1,1,0.66,1,0
2396,55,Female,Marketing,Consultant,4,8314,0,4,Yes,10,9,3,1,4,4,0.69,0,0
2397,41,Female,IT,Engineer,5,7764,12,1,Yes,30,6,1,1,4,4,0.11,1,1
2398,45,Male,IT,Manager,5,14452,1,0,No,3,8,3,2,1,2,0.36,1,0
2399,31,Female,R&D,Manager,4,6158,16,1,No,38,8,1,3,2,3,0.85,0,0
2400,36,Male,Finance,Analyst,5,12594,14,5,Yes,29,6,3,3,1,3,0.11,0,1
2401,33,Female,IT,Engineer,3,6146,7,1,No,25,9,4,3,3,2,0.84,0,0
2402,33,Male,IT,Engineer,1,4631,1,5,Yes,4,8,3,3,3,4,0.57,0,1
2403,53,Male,Finance,HR Specialist,2,14098,7,7,Yes,5,9,2,4,3,2,0.39,0,1
2404,39,Male,R&D,Manager,3,13202,4,7,No,6,8,2,1,3,3,0.93,0,1
2405,30,Female,IT,Consultant,2,7440,16,5,No,19,2,3,1,4,2,0.03,1,1
2406,35,Female,HR,Sales Executive,3,5389,3,4,Yes,18,3,3,3,4,2,0.93,1,1
2407,50,Female,Sales,Consultant,3,14268,11,3,Yes,38,0,2,2,3,1,0.88,0,0
2408,25,Female,Marketing,HR Specialist,3,11406,17,5,No,36,1,3,2,2,2,0.99,0,0
2409,38,Female,Sales,HR Specialist,1,2669,5,4,No,12,7,3,4,3,4,0.42,0,0
2410,56,Male,Sales,HR Specialist,2,5561,4,9,No,24,8,3,2,1,3,0.46,0,1
2411,23,Male,R&D,Analyst,4,8233,18,3,Yes,30,8,3,3,4,3,0.71,0,0
2412,23,Male,IT,Analyst,4,7541,4,5,Yes,14,8,4,4,3,4,0.11,0,0
2413,39,Female,Sales,HR Specialist,5,9658,9,8,Yes,39,0,3,4,2,4,0.24,0,1
2414,29,Female,Sales,Technician,1,10807,18,8,Yes,2,7,3,1,1,3,0.44,0,1
2415,43,Male,Marketing,Sales Executive,1,6658,3,7,Yes,34,4,3,2,1,2,0.72,0,1
2416,54,Female,Finance,Engineer,1,9421,12,9,Yes,20,2,3,2,2,4,0.5,0,1
2417,45,Female,IT,Engineer,3,11322,12,0,No,36,5,3,2,1,2,0.23,0,1
2418,56,Male,IT,Manager,1,9461,16,8,No,23,3,3,3,2,1,0.29,0,1
2419,57,Male,Marketing,Engineer,4,7630,17,4,No,35,0,3,1,2,4,0.75,0,0
2420,40,Female,Finance,Consultant,1,7355,18,2,No,34,2,2,1,1,1,0.81,0,0
2421,59,Female,IT,Engineer,3,11713,16,7,Yes,21,1,1,3,4,2,0.44,0,0
2422,58,Male,HR,Sales Executive,2,10012,2,7,No,38,0,1,4,2,2,0.19,1,0
2423,40,Female,Marketing,Engineer,1,6451,12,8,Yes,8,9,1,1,4,2,0.57,0,1
2424,29,Male,R&D,Consultant,2,4664,12,1,Yes,30,8,2,1,2,1,0.4,0,0
2425,57,Male,Finance,Sales Executive,5,6862,2,9,No,20,2,3,4,3,3,0.64,1,0
2426,23,Male,Marketing,Analyst,3,10495,1,3,No,20,0,4,2,4,3,0.82,1,1
2427,39,Female,Sales,Sales Executive,1,14171,14,9,Yes,23,2,2,1,1,4,0.53,0,1
2428,36,Male,IT,Analyst,5,12086,2,1,No,20,0,2,3,3,1,0.9,0,1
2429,26,Male,HR,Sales Executive,5,3515,15,5,Yes,23,0,3,1,4,4,0.37,0,1
2430,23,Female,HR,HR Specialist,2,2583,9,0,No,4,8,3,2,2,2,0.48,1,1
2431,48,Male,R&D,Consultant,4,10558,19,9,No,10,0,4,2,1,4,0.57,0,0
2432,33,Female,Marketing,Technician,4,12238,1,2,Yes,5,4,3,3,4,2,0.72,0,0
2433,22,Female,HR,Analyst,4,10650,14,1,No,32,4,2,1,1,1,0.53,1,0
2434,43,Female,Marketing,Analyst,4,2119,7,6,Yes,18,0,3,1,1,3,0.81,1,0
2435,56,Male,IT,Engineer,3,5284,12,7,Yes,25,8,2,2,1,1,0.7,0,1
2436,35,Male,IT,Analyst,1,9908,0,1,No,17,4,3,1,1,3,0.35,0,0
2437,23,Female,HR,Sales Executive,1,5254,1,8,Yes,5,1,1,2,3,4,0.64,1,0
2438,43,Female,IT,HR Specialist,3,13757,8,0,No,35,6,2,3,3,1,0.32,1,0
2439,53,Female,Marketing,HR Specialist,2,13494,19,1,No,21,8,2,1,4,4,0.72,0,0
2440,49,Male,IT,Engineer,1,6459,19,2,No,36,3,3,2,3,1,0.65,1,0
2441,37,Female,Sales,Sales Executive,5,7565,18,1,No,19,4,3,3,2,3,0.18,0,1
2442,38,Female,Marketing,Sales Executive,1,3968,11,0,Yes,23,8,2,4,1,2,0.7,0,1
2443,50,Female,Finance,Manager,3,4531,11,7,Yes,5,1,4,1,1,1,0.13,1,1
2444,38,Male,IT,Analyst,2,11043,9,0,No,33,4,3,2,4,1,0.09,0,1
2445,38,Female,IT,Engineer,1,8389,18,4,No,4,5,3,2,3,4,0.64,0,0
2446,41,Male,Marketing,HR Specialist,3,3929,19,5,Yes,33,2,3,4,2,4,0.33,0,0
2447,43,Male,R&D,Consultant,5,3943,9,6,Yes,35,9,4,1,3,2,0.16,0,1
2448,31,Female,Finance,Technician,4,10955,18,2,No,26,8,3,3,1,3,0.99,1,0
2449,49,Female,Finance,Manager,5,5296,8,6,No,37,9,4,1,2,1,0.87,0,0
2450,57,Female,Finance,Sales Executive,5,7276,4,7,No,22,7,4,4,3,2,0.18,0,0
2451,50,Male,HR,Analyst,2,12870,2,9,No,11,3,1,4,3,2,0.94,1,1
2452,55,Male,Sales,HR Specialist,1,7725,18,2,Yes,26,4,4,2,4,2,0.61,0,1
2453,38,Male,Sales,Consultant,4,14003,3,4,No,13,7,2,2,4,3,0.52,1,0
2454,55,Female,R&D,Manager,3,2901,13,0,No,14,9,1,3,2,1,0.36,1,1
2455,49,Male,Finance,Sales Executive,4,11710,5,8,No,7,9,2,3,2,1,0.32,1,1
2456,52,Female,Finance,HR Specialist,1,7965,12,7,Yes,16,0,1,4,2,2,0.1,0,0
2457,37,Female,IT,HR Specialist,2,5256,6,2,No,20,7,3,3,1,2,0.18,0,0
2458,47,Female,Marketing,Sales Executive,1,7506,11,3,Yes,27,5,3,3,4,2,0.27,0,0
2459,30,Male,HR,Sales Executive,3,14178,19,0,No,34,6,3,3,3,3,0.74,1,0
2460,52,Male,HR,Engineer,4,10933,13,0,No,22,3,3,2,2,1,0.96,0,0
2461,36,Male,R&D,HR Specialist,5,5553,12,5,Yes,38,5,3,4,1,2,0.47,0,0
2462,25,Female,Sales,Sales Executive,1,9432,10,5,No,37,9,4,2,2,1,0.37,1,0
2463,23,Male,Finance,Technician,2,3693,5,8,No,3,9,3,3,4,3,0.86,0,0
2464,39,Male,Marketing,Consultant,2,8495,6,4,Yes,27,3,3,2,1,3,0.68,0,0
2465,46,Female,R&D,Consultant,4,4129,9,2,Yes,7,9,3,4,1,4,0.24,0,1
2466,34,Female,HR,Technician,5,6011,14,5,Yes,35,9,3,1,2,2,0.54,0,1
2467,25,Male,HR,Consultant,3,5252,8,7,Yes,23,1,4,3,4,1,0.88,0,1
2468,33,Female,HR,Manager,5,3365,2,6,No,2,0,1,1,2,4,0.66,0,1
2469,30,Male,Finance,Consultant,4,10387,4,9,No,24,3,2,3,4,2,0.37,0,1
2470,58,Female,Finance,Analyst,5,8203,9,2,Yes,2,6,3,2,4,1,0.43,1,0
2471,28,Female,Finance,Consultant,4,2150,14,0,No,36,7,4,3,4,1,0.9,0,0
2472,45,Male,IT,Technician,5,7180,2,3,No,17,2,4,2,1,2,0.71,0,0
2473,35,Female,Sales,Engineer,1,6523,17,5,No,11,2,1,4,4,3,0.51,0,1
2474,24,Female,HR,Sales Executive,2,9094,2,3,No,7,4,2,4,1,1,0.68,0,0
2475,29,Female,HR,Analyst,4,2330,6,4,No,2,9,4,2,2,4,0.69,1,1
2476,22,Male,IT,Engineer,4,13302,13,9,No,15,9,2,4,1,1,0.57,0,0
2477,32,Female,HR,HR Specialist,2,5324,15,6,No,31,6,3,2,4,4,0.63,0,1
2478,49,Female,HR,Analyst,3,11081,18,4,Yes,6,3,1,2,3,4,0.35,0,1
2479,25,Male,Finance,Technician,4,2954,3,4,No,37,6,3,4,4,4,0.35,0,0
2480,36,Male,Finance,Engineer,1,13881,2,1,Yes,29,1,4,3,1,2,0.34,0,0
2481,38,Female,Sales,Sales Executive,5,9400,2,0,No,4,0,3,1,3,1,0.04,0,1
2482,54,Female,HR,Sales Executive,1,6449,8,3,No,37,5,4,3,1,2,0.83,0,0
2483,45,Female,R&D,Consultant,4,13140,3,9,Yes,12,3,3,4,3,2,0.16,0,0
2484,24,Male,HR,Engineer,3,13433,18,7,Yes,27,6,3,2,3,3,0.09,0,0
2485,48,Female,HR,HR Specialist,4,8360,10,2,Yes,25,0,2,3,1,2,0.42,0,1
2486,56,Male,Sales,Consultant,3,12587,14,5,Yes,12,0,3,4,4,3,0.48,0,0
2487,39,Male,R&D,Technician,2,4044,3,9,Yes,17,4,4,1,3,1,0.26,0,1
2488,40,Female,HR,Engineer,5,7645,7,1,Yes,12,0,4,3,1,4,0.96,1,1
2489,29,Female,Marketing,Manager,1,8554,1,8,No,31,1,1,2,2,4,0.17,0,0
2490,24,Male,Marketing,Engineer,3,5599,17,8,No,9,2,4,2,1,2,0.57,0,1
2491,55,Female,R&D,Engineer,1,8874,2,3,Yes,19,0,3,2,1,2,0.61,0,1
2492,25,Female,Marketing,Technician,2,9041,2,7,No,29,7,2,4,2,1,0.66,1,0
2493,45,Male,Finance,Sales Executive,4,7010,18,1,Yes,25,1,4,3,3,1,0.79,0,1
2494,23,Female,Finance,Consultant,3,5990,11,9,Yes,15,1,3,4,4,1,0.87,1,1
2495,58,Male,R&D,HR Specialist,5,9848,13,1,Yes,9,7,3,3,1,1,0.29,0,1
2496,58,Female,HR,Consultant,3,7645,12,5,Yes,13,6,4,1,4,2,0.99,0,1
2497,54,Male,R&D,Engineer,4,14206,15,1,No,3,2,2,1,4,3,0.41,1,0
2498,20,Male,Marketing,Analyst,4,12247,16,0,Yes,10,4,3,1,4,4,0.78,0,1
2499,43,Female,R&D,Sales Executive,5,12862,17,9,No,18,2,4,2,1,3,0.04,0,1
2500,55,Male,Marketing,Sales Executive,5,3575,12,1,No,10,4,3,3,3,3,0.75,0,0
2501,25,Male,Finance,Engineer,2,7019,12,1,No,36,8,3,3,2,1,0.83,0,1
2502,50,Female,R&D,Technician,1,8723,7,4,No,28,2,1,4,3,1,0.11,0,1
2503,39,Female,IT,Analyst,3,7754,6,5,Yes,3,2,2,2,2,1,0.31,0,1
2504,43,Female,Marketing,Engineer,2,12044,7,2,Yes,20,0,3,2,4,4,0.45,0,1
2505,44,Male,IT,Analyst,1,4213,16,7,Yes,18,4,3,4,3,3,0.76,0,0
2506,55,Male,Finance,Sales Executive,2,3226,0,1,No,37,2,4,1,3,4,0.53,0,1
2507,40,Male,HR,Analyst,5,11855,2,9,Yes,20,2,4,2,2,1,0.63,0,1
2508,49,Female,Marketing,Consultant,5,10555,3,2,Yes,10,3,3,2,2,2,0.37,0,1
2509,43,Male,HR,Engineer,4,3947,18,3,Yes,34,1,3,2,4,4,0.87,0,0
2510,49,Male,Finance,Manager,3,7544,1,4,Yes,22,1,3,1,3,3,0.37,0,0
2511,41,Female,HR,Manager,3,6753,10,4,Yes,21,7,3,2,3,2,0.47,1,1
2512,47,Male,Marketing,Analyst,3,5632,10,5,No,33,2,4,1,4,1,0.44,0,0
2513,26,Female,Sales,Technician,2,7588,18,3,No,16,3,3,3,4,1,0.79,0,0
2514,54,Female,Marketing,Engineer,2,13673,1,9,Yes,35,1,4,2,2,1,0.82,0,1
2515,47,Female,Marketing,HR Specialist,3,8658,4,6,No,36,4,3,4,1,3,0.91,1,1
2516,33,Male,IT,Manager,4,11466,18,7,No,1,8,3,2,3,2,0.23,1,1
2517,29,Male,Sales,Sales Executive,1,11637,8,3,No,12,8,3,1,3,2,0.91,1,1
2518,35,Male,Sales,Consultant,2,6827,6,8,No,13,7,2,4,1,3,0.29,0,1
2519,35,Female,Sales,Engineer,3,13149,11,5,Yes,8,8,3,3,2,3,0.88,0,1
2520,50,Female,Marketing,Engineer,5,8138,18,7,No,31,8,3,4,3,2,0.86,0,1
2521,44,Female,Finance,Consultant,2,13648,17,8,No,5,8,3,3,2,3,0.45,0,0
2522,32,Male,Sales,Manager,1,7979,17,0,No,36,9,2,2,1,3,0.8,1,0
2523,25,Male,R&D,Consultant,2,12357,8,4,No,25,1,2,3,4,3,0.74,0,1
2524,28,Male,HR,Consultant,1,11201,1,6,Yes,13,2,2,4,2,1,0.04,1,1
2525,55,Male,Finance,HR Specialist,1,7386,1,9,No,35,3,3,1,2,1,0.03,0,0
2526,39,Male,R&D,Consultant,2,7287,14,1,Yes,32,0,4,1,1,1,0.09,0,1
2527,37,Female,Marketing,Sales Executive,1,13011,15,6,Yes,8,5,4,4,4,2,0.95,0,0
2528,40,Male,Marketing,HR Specialist,2,11920,13,6,No,22,1,4,1,3,3,0.71,0,0
2529,23,Female,R&D,Sales Executive,2,10887,18,2,Yes,6,3,4,4,2,1,0.41,0,0
2530,52,Female,IT,Manager,4,6617,14,8,Yes,11,4,2,1,3,4,0.22,1,0
2531,46,Male,IT,Engineer,5,4384,2,6,Yes,7,3,1,1,1,2,0.95,0,0
2532,26,Female,R&D,Sales Executive,1,11574,5,9,Yes,15,5,2,4,1,1,0.24,0,0
2533,25,Male,IT,Engineer,2,12687,5,4,Yes,4,9,3,4,4,4,0.54,1,0
2534,34,Male,HR,Analyst,1,8796,19,6,No,34,9,4,3,4,4,0.24,0,1
2535,37,Female,HR,Analyst,2,5605,8,6,Yes,22,5,4,4,3,2,0.73,1,0
2536,51,Male,Marketing,Manager,2,12039,10,5,No,30,8,4,4,4,3,0.17,1,0
2537,30,Male,IT,Manager,2,9033,3,3,No,19,8,3,3,1,3,0.6,0,0
2538,39,Female,Sales,Technician,5,11920,13,7,No,37,0,3,2,4,3,0.65,0,1
2539,43,Female,R&D,Manager,1,8747,12,1,No,38,9,1,2,4,1,0.96,1,0
2540,34,Female,HR,Analyst,5,10844,14,7,No,30,7,3,3,4,2,0.6,0,0
2541,26,Female,IT,Sales Executive,5,9936,16,4,No,32,4,3,3,3,3,0.49,0,0
2542,40,Female,IT,Consultant,5,2758,7,6,No,19,0,2,2,2,2,0.39,0,1
2543,45,Female,HR,Consultant,5,3279,10,2,No,25,4,3,2,1,4,0.11,0,0
2544,33,Male,HR,Consultant,4,2441,10,6,No,37,5,3,1,4,2,0.72,0,1
2545,56,Male,Sales,HR Specialist,1,14696,15,8,Yes,23,6,3,3,3,4,0.25,1,0
2546,40,Male,IT,Consultant,1,8228,2,6,Yes,12,2,4,3,1,4,0.31,1,0
2547,37,Female,IT,Manager,2,13680,14,0,No,9,8,3,3,1,2,0.01,1,1
2548,24,Male,Finance,Consultant,1,9716,12,8,No,37,2,4,3,3,3,0.66,1,0
2549,22,Female,Marketing,HR Specialist,5,13765,6,6,Yes,17,0,3,1,3,4,0.76,0,0
2550,42,Male,Sales,HR Specialist,3,14984,4,1,No,35,2,3,4,3,3,0.09,0,0
2551,45,Female,HR,Analyst,1,6193,11,4,No,30,6,3,3,3,4,0.14,0,0
2552,56,Male,HR,Technician,3,5970,2,9,Yes,4,9,3,1,4,3,0.82,0,1
2553,43,Female,R&D,Sales Executive,4,14829,11,1,No,4,0,3,3,1,3,0.73,0,0
2554,38,Female,Marketing,Analyst,2,3526,4,6,Yes,24,3,3,2,4,3,0.12,0,1
2555,44,Female,HR,Manager,2,2190,18,8,No,3,6,3,3,3,4,0.42,0,0
2556,40,Female,IT,Analyst,2,3873,18,3,No,9,2,3,2,3,3,0.31,1,1
2557,31,Male,HR,Analyst,4,9958,0,2,No,11,6,2,2,3,4,0.16,0,0
2558,52,Male,IT,Analyst,5,13207,19,5,No,32,3,3,3,4,3,0.44,0,0
2559,23,Female,IT,Manager,3,9368,11,7,No,29,6,2,1,2,3,0.85,0,0
2560,26,Female,Sales,Manager,1,9489,5,7,Yes,34,8,3,4,1,1,0.82,0,0
2561,41,Female,HR,Analyst,5,9868,17,7,No,34,9,2,3,2,4,0.59,0,0
2562,52,Male,Sales,Analyst,2,10449,15,4,No,21,4,3,3,3,4,0.56,1,0
2563,36,Female,Marketing,HR Specialist,2,10346,10,5,Yes,25,2,3,3,1,2,0.65,1,1
2564,43,Female,IT,Sales Executive,5,13183,9,1,No,21,0,3,3,3,4,0.98,0,0
2565,53,Male,Marketing,HR Specialist,3,7606,2,5,No,20,2,3,4,2,2,0.82,0,1
2566,47,Female,HR,Technician,5,14285,17,4,No,24,3,3,4,1,1,0.21,0,0
2567,58,Female,Marketing,Sales Executive,4,5902,11,2,Yes,5,1,3,3,3,3,0.47,0,1
2568,41,Male,Marketing,Technician,2,12467,13,7,Yes,2,3,2,2,1,3,0.75,0,1
2569,36,Female,HR,Sales Executive,3,8660,3,3,No,9,4,4,3,4,1,0.85,0,1
2570,53,Female,Sales,Analyst,1,13774,9,1,No,8,7,3,3,2,2,0.08,1,1
2571,25,Male,Sales,HR Specialist,2,10085,6,2,Yes,32,4,3,3,1,4,0.69,0,0
2572,25,Female,IT,Sales Executive,5,14361,15,1,No,7,1,3,4,2,4,0.15,1,0
2573,53,Male,IT,Technician,3,4412,8,1,Yes,38,0,3,1,4,1,0.11,1,1
2574,20,Female,HR,Sales Executive,2,2023,2,2,No,20,8,4,4,2,3,0.84,1,0
2575,29,Female,HR,Manager,1,8624,1,6,Yes,15,3,2,2,4,4,0.79,0,1
2576,40,Female,Finance,Sales Executive,1,9958,5,9,Yes,39,8,3,4,2,4,0.75,0,1
2577,24,Female,Finance,Consultant,5,3741,9,0,No,28,8,3,1,4,2,0.02,0,1
2578,21,Female,R&D,Analyst,4,5160,3,9,Yes,31,0,3,4,4,4,0.26,0,0
2579,41,Male,IT,Engineer,5,13797,3,5,No,22,6,2,1,1,1,0.43,0,0
2580,21,Female,Marketing,Manager,3,5371,9,0,Yes,24,5,1,4,1,2,0.88,0,0
2581,29,Female,R&D,Engineer,5,12283,9,2,No,34,1,1,4,1,3,0.52,1,1
2582,53,Male,R&D,Analyst,3,11252,12,3,Yes,9,9,2,4,1,3,0.5,1,0
2583,35,Male,Sales,Consultant,4,5351,5,7,No,2,3,4,2,3,3,0.0,0,0
2584,58,Female,Marketing,Engineer,5,2460,6,1,Yes,25,4,4,3,4,1,0.83,0,1
2585,41,Male,Sales,Sales Executive,1,4117,4,6,Yes,12,4,4,2,3,3,0.59,0,0
2586,31,Female,Finance,Engineer,3,8356,14,2,No,4,6,3,2,3,2,0.37,0,0
2587,43,Male,R&D,HR Specialist,3,3606,7,0,No,13,9,3,3,1,4,0.16,1,0
2588,59,Male,Finance,Analyst,1,2071,9,5,Yes,29,1,4,4,2,2,0.42,0,0
2589,57,Female,Marketing,HR Specialist,5,8351,11,1,Yes,32,2,3,4,2,1,0.24,0,0
2590,29,Male,Marketing,Engineer,4,14464,16,2,No,27,1,3,2,3,1,0.45,0,1
2591,54,Female,IT,Consultant,2,2706,15,5,Yes,30,6,3,3,3,4,0.31,0,0
2592,51,Male,HR,HR Specialist,5,3928,0,2,No,39,6,3,3,4,4,0.04,0,0
2593,26,Male,Sales,Manager,5,4798,3,4,No,1,8,4,4,1,4,0.99,0,0
2594,40,Male,IT,Engineer,3,11369,7,2,No,11,3,4,4,1,1,0.45,0,1
2595,39,Female,IT,Technician,3,10345,5,6,No,23,3,2,4,4,4,0.81,0,1
2596,45,Female,Sales,HR Specialist,4,2029,9,6,No,17,5,1,3,3,2,0.12,0,0
2597,23,Male,Sales,Sales Executive,4,7071,17,0,No,15,2,1,2,1,1,0.61,1,0
2598,41,Female,Marketing,Engineer,4,5311,12,5,Yes,27,2,3,4,3,4,0.52,0,0
2599,34,Female,Marketing,Consultant,1,14018,4,2,No,10,8,2,3,3,1,0.95,0,0
2600,59,Female,R&D,Technician,2,8787,11,6,Yes,16,6,3,1,1,2,0.8,1,0
2601,40,Male,Finance,Consultant,2,14978,17,0,No,37,8,2,4,1,1,0.41,1,0
2602,34,Female,Marketing,Manager,4,3874,7,9,No,28,1,3,2,4,3,0.79,0,0
2603,41,Male,IT,Sales Executive,3,10428,13,2,Yes,2,3,1,1,4,2,0.41,0,0
2604,47,Male,R&D,Engineer,2,12377,14,9,No,39,7,2,4,3,1,0.76,0,1
2605,33,Male,R&D,Consultant,5,14917,4,1,No,35,8,1,1,3,2,0.29,0,1
2606,46,Male,IT,Sales Executive,1,10809,4,7,No,15,2,3,4,2,3,0.37,0,0
2607,59,Male,Marketing,Engineer,3,3571,16,7,No,11,7,4,1,3,2,0.61,0,0
2608,47,Female,IT,Engineer,1,9213,12,8,Yes,33,7,2,2,1,3,0.54,0,0
2609,45,Female,HR,Analyst,5,4437,16,8,Yes,16,2,3,3,1,1,0.4,0,0
2610,21,Male,Marketing,HR Specialist,2,9531,10,1,Yes,11,7,2,4,1,3,0.94,1,0
2611,44,Female,Finance,Engineer,1,14647,0,6,Yes,20,5,3,1,2,3,0.5,0,0
2612,22,Female,IT,Manager,1,2581,12,6,Yes,19,8,4,1,2,3,0.72,1,0
2613,27,Female,Marketing,Technician,1,4254,17,3,No,39,0,3,3,4,3,0.42,0,0
2614,52,Female,Sales,HR Specialist,5,7852,5,5,No,23,8,2,3,1,2,0.72,1,1
2615,54,Female,HR,Analyst,3,2600,12,0,No,10,7,3,1,3,2,0.79,1,1
2616,25,Female,Finance,HR Specialist,3,11170,19,5,Yes,8,9,2,1,3,3,0.55,0,0
2617,58,Female,Marketing,HR Specialist,5,10706,10,0,Yes,2,7,1,2,3,1,0.03,0,0
2618,42,Male,Sales,Engineer,1,2809,18,4,Yes,7,7,1,3,4,4,0.5,1,1
2619,44,Male,Marketing,Manager,1,4485,19,3,Yes,26,9,4,4,3,4,0.9,1,1
2620,38,Male,Sales,Engineer,4,9398,8,5,No,19,6,4,3,4,2,0.08,0,1
2621,24,Female,Finance,Consultant,2,3446,12,4,Yes,6,2,1,2,1,4,0.58,0,1
2622,30,Female,HR,Manager,2,2468,14,4,Yes,33,5,3,2,2,3,0.03,0,1
2623,31,Male,Sales,Consultant,3,2629,10,2,No,11,9,4,2,4,3,0.49,0,0
2624,29,Female,R&D,Manager,5,5382,15,9,Yes,36,7,1,1,4,2,0.69,0,1
2625,27,Female,Finance,Sales Executive,1,8538,16,1,Yes,12,7,3,2,3,4,0.38,0,1
2626,43,Male,Finance,Engineer,2,2113,4,6,Yes,28,3,2,2,1,1,0.11,0,1
2627,47,Male,IT,Consultant,5,3225,13,9,Yes,9,7,3,1,1,3,0.95,1,1
2628,55,Male,HR,Analyst,5,7483,14,7,No,23,7,1,1,3,1,0.93,0,1
2629,56,Female,R&D,Technician,1,14534,8,4,Yes,6,0,3,4,4,3,0.8,1,0
2630,40,Female,R&D,HR Specialist,5,3616,13,8,No,19,4,3,3,3,3,0.21,0,1
2631,27,Female,IT,Sales Executive,2,5317,9,0,No,20,6,1,1,3,4,0.77,1,1
2632,28,Male,Sales,Consultant,4,9351,12,2,Yes,18,7,3,3,2,1,0.33,0,0
2633,34,Male,Sales,Analyst,2,9580,16,7,Yes,27,8,2,2,3,2,0.61,0,0
2634,59,Female,R&D,Technician,4,8416,0,4,No,33,5,3,3,3,1,0.45,1,0
2635,37,Male,HR,Technician,5,6640,13,1,Yes,29,9,3,1,1,1,0.25,0,0
2636,39,Male,Sales,Engineer,2,7733,11,9,Yes,9,4,1,3,2,4,0.65,0,1
2637,25,Female,Finance,Manager,1,12862,6,8,Yes,27,7,2,4,1,3,0.72,0,0
2638,31,Male,Marketing,Consultant,5,7618,2,0,Yes,39,5,3,4,1,2,0.53,0,0
2639,21,Male,IT,Engineer,1,6813,0,2,Yes,11,1,1,3,4,1,0.16,0,1
2640,26,Male,HR,Technician,4,13260,12,3,Yes,8,8,4,4,4,2,0.49,1,0
2641,35,Female,Sales,Engineer,3,4537,1,6,No,14,8,4,4,1,2,0.77,0,0
2642,22,Female,Marketing,Sales Executive,3,5174,8,3,Yes,13,0,2,3,3,2,0.85,1,0
2643,22,Male,R&D,Consultant,4,9974,17,1,No,7,8,4,1,4,1,0.03,1,1
2644,46,Female,IT,Analyst,3,12829,3,1,No,15,4,3,3,4,3,0.19,1,0
2645,59,Female,Sales,Technician,5,4222,15,9,No,38,8,4,4,4,2,0.93,0,0
2646,57,Female,R&D,Consultant,5,10021,5,0,Yes,18,4,3,2,3,3,0.78,1,0
2647,52,Male,Sales,Sales Executive,2,2051,19,6,No,36,9,4,4,3,3,0.72,0,0
2648,47,Female,IT,Analyst,5,4344,2,8,No,31,5,3,2,4,1,0.14,1,1
2649,20,Male,Finance,Sales Executive,3,12414,10,9,No,4,8,4,2,3,1,0.0,0,0
2650,27,Male,Finance,HR Specialist,1,7064,4,1,Yes,13,6,4,2,4,1,0.59,0,1
2651,56,Female,Marketing,Manager,2,8486,0,6,No,39,3,3,3,3,1,0.87,0,0
2652,51,Male,R&D,Manager,1,7830,7,7,No,30,5,3,2,4,3,0.07,0,1
2653,56,Female,Finance,Manager,3,6695,18,2,Yes,19,7,3,3,1,4,0.07,0,0
2654,23,Female,IT,HR Specialist,1,6266,3,3,Yes,4,4,3,1,4,4,1.0,0,1
2655,49,Male,R&D,Technician,3,13300,8,8,No,1,3,3,3,4,3,0.24,1,0
2656,25,Male,Sales,Technician,5,3658,2,3,No,32,6,3,1,2,4,0.67,0,1
2657,38,Female,HR,HR Specialist,2,9368,4,5,Yes,12,2,4,1,2,1,0.56,0,0
2658,51,Female,Sales,Manager,4,7183,15,7,Yes,12,3,4,4,4,3,0.41,0,0
2659,28,Female,IT,Manager,3,13749,7,9,Yes,20,6,3,2,2,4,0.8,0,0
2660,31,Female,Marketing,Analyst,5,14742,5,1,No,11,4,2,2,3,1,0.24,1,1
2661,30,Male,R&D,Analyst,1,11078,2,0,Yes,30,0,3,1,1,3,0.28,1,1
2662,35,Male,Sales,Engineer,5,13245,15,6,No,31,5,2,2,4,3,0.27,1,0
2663,20,Male,R&D,Consultant,1,12994,7,0,No,28,8,1,3,2,1,0.55,0,1
2664,40,Female,Finance,Consultant,1,12389,12,3,Yes,29,9,3,4,2,1,0.66,0,1
2665,49,Male,HR,Consultant,1,7621,4,4,No,22,2,2,2,2,3,0.09,0,1
2666,32,Male,IT,Sales Executive,1,6010,5,1,No,29,3,3,3,3,4,0.15,0,1
2667,53,Male,Sales,Analyst,2,2635,2,9,No,1,9,1,2,3,3,0.12,0,0
2668,23,Male,HR,Analyst,1,13206,7,3,Yes,21,1,3,3,4,1,0.65,1,0
2669,47,Female,IT,Analyst,2,14077,3,9,Yes,31,2,3,4,2,3,0.63,0,0
2670,57,Male,IT,Analyst,4,8421,16,6,No,27,4,2,1,3,2,0.83,0,0
2671,50,Male,Marketing,HR Specialist,2,12274,7,3,Yes,35,5,2,2,4,2,0.29,1,0
2672,46,Male,Finance,Engineer,1,2174,18,0,Yes,8,1,1,3,3,4,0.73,1,1
2673,24,Male,Marketing,Analyst,4,11248,13,9,Yes,8,1,2,3,4,2,0.29,0,0
2674,44,Female,Marketing,Technician,5,11940,8,3,Yes,6,5,2,4,2,1,0.75,1,0
2675,22,Female,R&D,Sales Executive,2,12954,11,5,Yes,15,0,3,4,4,4,0.61,1,0
2676,52,Male,R&D,Consultant,5,13660,12,4,Yes,21,1,3,3,3,1,0.41,0,1
2677,23,Female,HR,Analyst,4,12493,7,3,Yes,37,3,4,1,1,2,0.64,0,1
2678,44,Female,Finance,HR Specialist,2,10759,2,1,No,6,0,3,1,4,3,0.85,0,0
2679,39,Female,IT,Technician,1,14610,14,9,Yes,29,4,3,4,1,3,0.22,1,0
2680,53,Female,Finance,Consultant,2,8156,19,5,Yes,25,2,1,3,4,1,0.62,1,0
2681,45,Male,Finance,Manager,1,11975,18,5,Yes,23,9,3,2,2,1,0.99,0,1
2682,24,Female,HR,Manager,3,9707,3,5,Yes,38,0,3,2,3,4,0.8,1,0
2683,54,Female,R&D,Consultant,2,9009,1,3,No,27,3,3,1,2,1,0.3,0,1
2684,47,Male,Finance,Engineer,2,4143,4,7,Yes,23,0,3,3,3,2,0.78,0,1
2685,48,Male,Finance,Manager,5,14630,1,0,No,19,1,3,4,1,2,0.49,0,0
2686,28,Male,Finance,Analyst,5,8999,6,9,Yes,28,9,2,3,3,4,0.78,0,1
2687,57,Male,Sales,Consultant,4,12432,10,7,Yes,34,6,1,4,1,2,0.1,1,0
2688,25,Female,Finance,HR Specialist,1,12750,11,7,Yes,7,0,2,2,3,4,0.86,0,1
2689,38,Male,Finance,Engineer,5,3474,3,4,Yes,13,5,2,1,1,1,0.99,0,0
2690,30,Female,IT,Technician,4,7244,2,8,No,4,3,2,3,2,2,0.44,1,1
2691,21,Female,Marketing,Analyst,1,9248,7,8,Yes,11,5,3,1,4,4,0.51,0,1
2692,28,Male,Sales,Manager,1,6102,17,9,Yes,21,4,2,1,4,3,0.19,1,1
2693,40,Male,Finance,Sales Executive,1,2329,4,3,No,21,5,3,3,3,2,0.68,0,1
2694,43,Female,Marketing,Analyst,3,14370,15,1,No,26,4,3,4,2,1,0.08,0,1
2695,53,Female,Finance,Sales Executive,1,4673,11,0,No,31,1,2,3,3,2,0.57,0,0
2696,41,Male,HR,Technician,4,6622,8,7,No,4,9,3,1,4,4,0.42,0,0
2697,22,Male,HR,Sales Executive,1,7232,7,7,No,3,3,3,1,2,2,0.2,1,1
2698,31,Male,Marketing,Technician,1,8583,4,6,No,39,6,2,3,4,3,0.82,0,1
2699,47,Female,Sales,Engineer,4,2889,19,2,Yes,21,3,3,4,1,4,0.75,1,0
2700,49,Female,IT,HR Specialist,2,10021,18,2,Yes,38,4,3,2,2,4,0.3,0,0
2701,45,Male,Sales,Manager,1,10953,14,9,Yes,18,1,4,4,1,4,0.39,0,1
2702,40,Female,Sales,Manager,4,11215,19,7,No,33,2,3,4,4,2,0.25,0,1
2703,47,Male,HR,Analyst,5,3680,10,7,Yes,35,4,3,1,2,2,0.21,0,0
2704,45,Female,HR,Consultant,4,7951,19,1,No,32,3,3,4,4,4,0.22,0,0
2705,52,Female,IT,Manager,3,13448,12,0,Yes,11,2,3,2,4,1,0.13,1,0
2706,40,Male,Finance,Engineer,5,11253,12,0,Yes,39,1,2,4,2,3,0.34,0,1
2707,54,Male,IT,Manager,2,8866,16,0,Yes,31,8,3,1,1,3,0.69,1,1
2708,53,Male,Finance,Analyst,2,11095,15,2,Yes,30,1,3,4,1,4,0.26,1,1
2709,37,Female,Marketing,Manager,4,2133,16,0,Yes,38,8,3,1,3,2,0.7,1,0
2710,30,Female,Marketing,HR Specialist,4,8064,18,7,No,20,3,2,1,3,3,0.77,0,0
2711,42,Male,R&D,Technician,1,3125,13,7,No,26,9,2,4,3,1,0.34,0,0
2712,41,Female,HR,Sales Executive,1,12156,6,8,Yes,11,8,4,3,2,3,0.06,1,1
2713,36,Male,R&D,Sales Executive,3,4039,8,3,No,2,8,1,3,3,4,0.72,0,0
2714,24,Female,R&D,Technician,1,6188,1,7,Yes,39,9,4,4,1,4,0.14,0,0
2715,30,Male,HR,Sales Executive,4,4849,18,6,Yes,17,4,2,3,4,2,0.27,1,0
2716,49,Female,R&D,HR Specialist,4,13403,5,3,Yes,24,6,3,2,3,2,0.59,0,0
2717,34,Female,Sales,Engineer,1,5366,0,0,No,30,3,3,2,4,2,0.92,1,1
2718,46,Female,Finance,Analyst,3,4911,6,2,Yes,37,9,3,2,4,1,0.76,1,0
2719,54,Female,IT,HR Specialist,4,4591,15,7,No,6,3,3,3,3,1,0.27,0,0
2720,52,Male,HR,Analyst,3,6283,1,7,No,23,0,3,1,1,3,0.81,0,0
2721,39,Female,Sales,Engineer,4,12375,3,1,Yes,35,9,4,4,4,2,0.41,1,1
2722,35,Male,Marketing,HR Specialist,3,6261,19,6,No,26,8,3,4,4,1,0.14,0,0
2723,53,Male,IT,Manager,3,13740,13,0,Yes,25,9,3,1,1,4,0.31,1,0
2724,21,Male,IT,Consultant,3,9134,10,3,Yes,36,7,2,2,3,1,0.82,0,1
2725,54,Male,IT,Engineer,1,2244,8,6,No,21,8,3,3,1,3,0.37,0,0
2726,59,Female,R&D,Sales Executive,2,7128,4,3,No,23,0,3,3,1,2,0.38,1,0
2727,47,Male,R&D,HR Specialist,3,11371,2,3,Yes,1,1,3,1,3,3,0.98,0,0
2728,58,Female,R&D,Engineer,3,6925,19,6,No,10,7,3,4,3,2,0.52,0,0
2729,25,Female,R&D,Engineer,4,8831,1,0,Yes,25,7,2,3,4,4,0.5,0,0
2730,28,Female,Sales,HR Specialist,2,3778,9,4,Yes,22,0,4,2,4,4,0.73,0,0
2731,39,Female,R&D,Sales Executive,4,8310,9,5,No,8,9,1,3,2,2,0.96,0,0
2732,20,Male,HR,Technician,4,12727,6,6,Yes,33,4,2,2,2,3,0.99,0,1
2733,27,Female,IT,Sales Executive,3,10628,14,6,No,12,5,3,2,4,1,0.78,0,0
2734,42,Male,Sales,Engineer,5,12462,4,6,Yes,39,4,4,4,1,2,0.87,1,1
2735,22,Female,Marketing,Analyst,2,8334,7,1,Yes,12,5,2,4,2,4,0.91,0,1
2736,23,Female,R&D,Technician,4,7906,17,5,Yes,12,6,3,2,1,2,0.74,1,0
2737,44,Male,Marketing,Technician,5,12016,19,8,Yes,11,9,2,2,1,1,0.56,0,1
2738,57,Female,IT,Engineer,5,10985,5,6,No,8,5,1,1,3,1,0.25,0,0
2739,34,Female,Sales,HR Specialist,4,14460,10,6,Yes,8,2,4,3,2,3,0.73,0,1
2740,40,Female,IT,HR Specialist,3,11472,7,1,Yes,37,5,4,3,1,4,0.5,1,1
2741,54,Female,Marketing,HR Specialist,1,11930,3,6,No,16,8,2,4,2,1,0.92,0,0
2742,33,Female,Sales,Sales Executive,4,10641,6,8,Yes,36,5,4,1,2,1,0.0,0,1
2743,55,Male,Finance,Manager,3,9668,1,2,No,18,5,3,1,1,3,0.92,0,0
2744,31,Female,Sales,HR Specialist,2,3954,14,1,Yes,21,4,2,4,2,3,0.95,0,0
2745,36,Female,R&D,HR Specialist,3,10806,8,5,No,4,0,3,3,3,4,0.22,0,0
2746,58,Male,Marketing,Technician,5,14513,18,1,Yes,7,4,4,1,2,3,0.88,1,0
2747,28,Female,IT,Analyst,2,9393,18,0,No,34,0,3,3,3,2,0.59,1,1
2748,54,Male,IT,Analyst,2,10930,4,9,Yes,34,7,4,1,4,2,0.29,1,0
2749,32,Female,IT,Engineer,1,3631,18,3,No,36,0,3,4,1,4,0.68,1,0
2750,34,Female,HR,Engineer,1,7036,2,8,No,37,7,2,1,4,2,0.8,0,1
2751,37,Male,HR,Engineer,4,14363,11,9,Yes,30,3,3,3,4,1,0.42,0,1
2752,52,Female,R&D,HR Specialist,3,5665,6,2,No,26,2,3,2,2,1,0.62,0,0
2753,25,Female,Finance,Analyst,4,10260,4,2,Yes,12,3,3,1,4,3,0.2,0,0
2754,46,Male,HR,Engineer,1,12066,11,5,Yes,11,1,4,4,1,3,0.03,0,1
2755,42,Male,Sales,Analyst,5,8874,3,5,No,29,2,3,2,1,4,0.94,0,1
2756,46,Female,Marketing,HR Specialist,1,2869,19,7,Yes,3,3,3,2,1,2,0.15,0,0
2757,53,Male,R&D,Technician,3,11585,18,9,Yes,11,8,4,1,1,4,0.51,1,0
2758,57,Female,Finance,HR Specialist,5,13662,12,5,No,9,9,2,2,4,2,0.09,0,0
2759,33,Male,Sales,Engineer,4,5191,14,7,Yes,26,1,3,3,4,1,0.86,0,0
2760,55,Female,IT,HR Specialist,4,5119,9,7,No,8,2,2,4,3,2,0.77,1,0
2761,27,Male,HR,HR Specialist,1,4115,0,6,No,21,3,3,3,2,3,0.19,0,1
2762,54,Male,Sales,Analyst,1,9252,2,4,No,8,2,3,4,1,4,0.81,0,0
2763,38,Male,Finance,Manager,4,14157,17,3,No,6,2,4,2,4,2,0.34,0,1
2764,49,Male,R&D,Sales Executive,4,2376,15,0,Yes,18,8,3,3,4,3,0.84,0,0
2765,33,Male,Sales,Engineer,2,12515,11,5,Yes,6,4,3,1,4,2,0.25,0,0
2766,39,Male,R&D,Consultant,3,13007,15,7,No,21,8,4,2,3,4,0.47,0,0
2767,44,Male,IT,Manager,2,3941,10,3,No,23,5,4,1,2,3,0.26,0,1
2768,59,Male,Finance,Technician,2,2204,10,6,No,36,9,3,1,2,4,0.67,0,1
2769,43,Male,Finance,Consultant,4,10936,13,2,No,18,7,2,3,1,3,0.05,0,1
2770,33,Female,HR,Engineer,3,13328,16,4,No,27,0,3,4,2,3,0.58,1,0
2771,45,Male,Marketing,Manager,4,9054,18,6,Yes,3,7,4,2,4,1,0.74,0,1
2772,57,Female,Finance,HR Specialist,2,7948,10,8,Yes,12,0,2,3,1,4,0.2,0,1
2773,42,Male,Sales,Engineer,2,9246,3,8,No,20,8,3,3,4,4,0.24,0,0
2774,41,Female,Sales,Manager,4,11741,9,6,No,19,2,3,2,3,1,0.73,0,1
2775,38,Female,Sales,Sales Executive,1,6420,18,3,Yes,23,8,4,4,2,1,0.42,1,1
2776,22,Male,IT,HR Specialist,1,4425,3,5,No,5,7,3,1,1,3,0.62,0,0
2777,38,Male,Finance,Engineer,4,13056,10,3,No,19,6,3,4,3,4,0.43,1,0
2778,28,Female,Finance,Technician,5,5973,6,2,No,12,0,2,2,1,2,0.42,0,0
2779,47,Female,Sales,Technician,5,14968,19,8,No,28,6,3,1,2,4,0.3,0,1
2780,39,Male,HR,Engineer,1,2670,8,4,Yes,37,1,3,2,3,4,0.59,0,0
2781,26,Male,HR,Manager,3,5417,1,7,Yes,34,1,2,3,4,1,0.6,0,0
2782,33,Male,Finance,Engineer,2,5065,0,2,Yes,16,8,3,2,1,4,0.75,1,1
2783,28,Female,Finance,Consultant,3,3727,7,8,No,4,8,3,3,3,2,0.5,0,0
2784,38,Male,R&D,HR Specialist,1,7976,18,0,No,6,0,2,1,3,1,0.56,1,0
2785,33,Male,Finance,Analyst,4,6026,15,1,No,7,6,2,3,3,2,0.85,0,1
2786,57,Male,Sales,Technician,5,9862,13,3,No,34,4,2,2,2,4,0.04,0,0
2787,55,Male,Marketing,Manager,1,13124,3,1,Yes,4,5,3,4,2,4,0.52,1,1
2788,59,Male,IT,Sales Executive,3,8064,18,8,No,15,0,3,2,2,2,0.13,0,1
2789,36,Female,Finance,Engineer,3,5814,5,6,Yes,13,5,4,2,2,3,0.69,0,0
2790,49,Female,Finance,HR Specialist,1,3703,14,1,No,9,0,4,4,2,1,0.89,1,0
2791,28,Male,Sales,Engineer,2,13278,12,3,Yes,37,3,3,3,3,3,0.42,0,0
2792,52,Male,R&D,Sales Executive,3,9621,18,5,No,17,1,3,3,3,3,0.64,1,1
2793,44,Female,Marketing,HR Specialist,2,13456,3,1,Yes,38,1,4,1,4,2,0.37,0,1
2794,33,Male,Finance,Sales Executive,2,9430,1,8,Yes,14,0,2,2,2,4,0.76,0,1
2795,30,Female,HR,HR Specialist,4,6541,2,2,No,37,6,1,4,1,2,0.59,0,0
2796,54,Male,HR,Analyst,1,2053,13,1,No,31,1,3,4,4,2,0.61,0,1
2797,33,Female,HR,Technician,1,2691,3,3,No,2,6,1,1,4,3,0.17,0,1
2798,49,Female,IT,HR Specialist,2,8066,15,4,Yes,19,1,3,4,1,1,0.01,0,1
2799,23,Male,IT,Sales Executive,4,14291,10,3,No,19,6,3,2,4,3,0.63,1,1
2800,23,Female,Marketing,Manager,3,10448,12,2,Yes,13,3,3,3,4,1,0.11,0,0
2801,47,Male,Finance,Technician,3,5432,0,2,Yes,21,8,3,4,4,3,0.13,0,0
2802,27,Female,Finance,Consultant,1,2833,12,2,Yes,31,0,3,3,2,4,0.16,1,0
2803,21,Male,Finance,Analyst,2,12721,14,2,No,28,2,3,4,2,4,0.4,0,0
2804,41,Male,IT,Engineer,4,7794,6,5,No,1,4,3,4,3,3,0.24,1,0
2805,35,Male,Marketing,Analyst,4,13088,4,3,No,35,6,3,4,3,3,0.95,1,1
2806,48,Female,Finance,Analyst,3,11353,5,6,No,10,6,3,1,2,3,0.68,0,1
2807,49,Male,Sales,Engineer,3,5522,8,6,Yes,8,5,2,2,2,1,0.19,0,1
2808,31,Male,R&D,HR Specialist,5,10664,5,3,No,13,4,3,1,4,2,0.8,1,0
2809,54,Male,HR,Analyst,5,7860,5,0,Yes,19,4,4,4,1,3,0.28,0,0
2810,30,Female,HR,Technician,2,4026,1,8,No,3,3,2,2,4,2,0.8,0,1
2811,40,Male,Sales,Analyst,5,11829,5,6,No,3,8,3,4,1,1,0.47,0,1
2812,40,Female,Finance,Manager,4,5548,9,5,Yes,27,7,3,4,3,2,0.48,1,0
2813,24,Female,Marketing,Technician,5,12432,4,4,No,18,8,3,3,1,2,0.38,0,0
2814,39,Female,Marketing,Manager,1,12546,19,8,Yes,35,6,2,1,3,4,0.25,0,1
2815,56,Male,IT,Technician,1,2905,11,8,Yes,34,4,3,3,4,4,0.69,0,0
2816,22,Male,Finance,Sales Executive,3,8364,5,9,No,30,9,4,4,1,4,0.5,0,1
2817,52,Female,Marketing,Engineer,3,3183,5,5,No,8,1,3,2,2,3,0.01,0,1
2818,28,Male,Finance,Technician,2,12411,7,7,Yes,21,3,3,3,4,3,0.32,1,1
2819,28,Male,HR,Technician,1,13836,16,6,No,19,5,3,3,1,4,0.77,0,0
2820,23,Female,HR,HR Specialist,2,3088,17,0,No,30,7,4,1,3,3,0.3,0,0
2821,54,Female,IT,HR Specialist,2,3192,10,1,Yes,27,4,3,3,4,2,0.69,1,0
2822,36,Male,HR,Sales Executive,5,4128,0,8,Yes,20,8,4,2,1,4,0.2,0,1
2823,53,Female,Finance,HR Specialist,3,7387,6,9,Yes,14,3,3,2,3,2,0.76,0,1
2824,43,Male,Sales,Consultant,2,5451,7,3,No,12,5,3,4,3,3,0.43,0,1
2825,51,Female,IT,Consultant,2,14033,2,2,No,23,3,1,4,3,2,0.01,0,0
2826,20,Male,Sales,HR Specialist,3,2331,18,1,No,12,5,3,3,3,4,0.65,0,1
2827,27,Male,Finance,Consultant,3,11403,15,7,Yes,39,9,2,1,2,1,0.58,1,1
2828,42,Female,IT,Manager,1,3048,7,6,No,30,2,3,2,1,3,0.57,0,1
2829,59,Male,Sales,Consultant,3,14280,5,8,No,27,7,4,1,4,2,0.95,0,1
2830,31,Male,IT,HR Specialist,5,4275,1,2,Yes,24,3,3,2,1,1,0.37,0,1
2831,31,Female,Finance,HR Specialist,1,7237,11,0,No,3,6,2,3,1,4,0.9,1,0
2832,34,Male,Marketing,Consultant,2,8385,5,8,No,30,9,3,2,2,1,0.0,0,0
2833,38,Male,IT,Sales Executive,5,3634,13,4,Yes,35,7,3,4,1,4,0.96,1,0
2834,45,Male,Marketing,Sales Executive,5,13797,6,4,No,33,8,3,4,2,4,0.55,0,0
2835,48,Female,Finance,Analyst,1,9648,8,2,Yes,37,1,3,1,3,1,0.51,0,1
2836,41,Female,IT,HR Specialist,2,2502,6,7,No,16,2,4,3,4,1,0.89,0,1
2837,59,Female,IT,HR Specialist,1,5569,14,7,No,18,8,4,4,4,1,0.64,0,0
2838,40,Female,Marketing,Technician,4,11271,11,0,Yes,18,6,2,1,4,3,0.52,0,0
2839,57,Female,HR,HR Specialist,4,9316,16,3,No,14,6,3,1,3,1,0.38,1,0
2840,39,Male,Marketing,Manager,1,11526,14,5,No,32,3,3,2,2,4,0.66,1,0
2841,48,Male,Marketing,Consultant,2,6647,14,8,Yes,12,0,3,1,2,2,0.05,1,1
2842,23,Male,Marketing,Technician,2,6018,13,1,No,2,7,3,3,2,4,0.25,0,1
2843,26,Female,Finance,HR Specialist,3,6216,10,6,Yes,26,9,3,3,2,2,0.1,0,1
2844,47,Male,R&D,Manager,5,7891,10,9,Yes,23,8,3,1,1,1,0.51,0,1
2845,47,Female,Marketing,Analyst,1,12265,19,0,No,35,3,4,3,1,1,0.1,0,0
2846,23,Male,IT,Technician,5,14246,12,9,No,33,0,3,3,3,3,0.81,0,0
2847,41,Female,Sales,Consultant,5,7231,12,3,No,25,8,1,3,3,1,0.29,0,1
2848,31,Male,HR,Consultant,4,10214,7,9,Yes,4,4,3,4,2,2,0.62,0,1
2849,22,Male,Marketing,Engineer,4,9848,6,6,Yes,21,5,3,2,4,3,0.33,1,1
2850,41,Female,Marketing,HR Specialist,1,12041,19,2,Yes,4,1,3,3,1,2,0.7,1,1
2851,21,Male,HR,Technician,1,9431,12,2,Yes,31,4,2,3,2,1,0.35,0,1
2852,43,Male,Marketing,Consultant,2,12355,10,3,No,15,0,3,3,2,4,0.38,0,0
2853,53,Female,IT,Sales Executive,1,2479,18,7,No,4,2,3,3,3,4,0.48,0,0
2854,46,Male,R&D,Technician,2,4354,5,2,Yes,4,0,4,1,1,4,0.32,0,1
2855,20,Male,Marketing,Sales Executive,2,12940,7,7,Yes,3,0,3,4,3,1,0.17,0,0
2856,27,Female,HR,HR Specialist,1,12731,18,9,Yes,5,8,3,3,2,2,0.44,1,0
2857,42,Female,Marketing,Manager,2,6864,4,8,No,19,5,4,3,3,3,0.66,0,0
2858,57,Female,Finance,Sales Executive,5,3143,9,7,No,38,7,3,1,3,3,0.33,0,0
2859,25,Female,IT,Technician,2,4333,0,7,No,32,4,3,1,3,3,0.81,0,1
2860,41,Female,IT,Technician,5,7083,11,8,Yes,9,8,3,3,4,4,0.82,1,0
2861,44,Male,R&D,Consultant,5,9952,6,3,Yes,3,3,3,3,1,3,0.21,0,1
2862,37,Female,Finance,Sales Executive,5,9574,7,2,Yes,34,9,3,4,3,4,0.27,1,0
2863,36,Female,Finance,Analyst,3,7271,17,7,No,25,7,3,2,2,3,0.0,0,0
2864,31,Male,R&D,Consultant,3,4645,6,0,No,10,5,4,1,1,4,0.35,1,1
2865,25,Male,Sales,Analyst,2,7444,13,9,Yes,32,9,2,2,2,3,0.91,0,0
2866,45,Male,Marketing,Analyst,1,8067,19,0,Yes,5,4,3,1,1,1,0.78,0,1
2867,46,Male,Finance,Sales Executive,2,2838,17,3,No,29,4,2,4,1,3,0.96,0,1
2868,27,Male,Sales,Sales Executive,3,9413,3,9,Yes,7,2,3,3,1,2,0.21,0,0
2869,38,Female,Sales,Technician,4,12041,9,2,No,15,3,2,4,3,1,0.57,0,0
2870,20,Male,IT,HR Specialist,4,10191,10,9,Yes,2,9,2,1,4,2,0.36,0,1
2871,48,Female,Marketing,HR Specialist,2,13578,10,1,Yes,10,4,4,4,1,3,0.62,0,1
2872,54,Male,IT,Manager,3,7035,19,8,Yes,11,8,3,4,4,3,0.74,0,0
2873,59,Female,HR,Sales Executive,5,13044,18,4,No,21,9,2,4,3,1,0.09,1,0
2874,33,Male,IT,Consultant,3,4209,0,2,No,12,2,3,3,2,3,0.09,0,0
2875,54,Female,Finance,Consultant,2,11584,1,8,Yes,4,4,4,2,4,4,0.11,0,0
2876,39,Female,Finance,HR Specialist,3,13448,8,7,Yes,28,8,4,2,4,1,0.28,0,0
2877,32,Female,Marketing,HR Specialist,4,7048,16,3,No,29,0,3,2,1,1,0.74,1,1
2878,57,Female,Sales,Analyst,5,3959,4,9,No,13,4,2,1,4,3,0.64,0,0
2879,27,Female,Finance,Analyst,2,2275,1,4,Yes,18,3,3,1,1,1,0.3,1,1
2880,39,Female,IT,Consultant,2,6624,3,4,No,27,0,3,3,4,4,0.86,0,0
2881,52,Female,IT,Consultant,1,11651,6,7,Yes,3,0,3,3,4,1,0.73,0,1
2882,45,Female,Marketing,Analyst,5,13523,16,6,Yes,35,6,3,3,1,4,0.97,0,0
2883,58,Female,IT,Engineer,2,11150,2,2,No,39,5,3,4,1,2,0.69,0,1
2884,40,Female,R&D,HR Specialist,3,3841,8,5,No,22,0,1,3,4,4,0.72,1,0
2885,28,Male,Marketing,Analyst,3,14251,0,5,No,17,3,2,4,2,4,0.82,1,0
2886,43,Female,Marketing,Analyst,3,6145,19,1,Yes,28,6,4,4,3,4,0.93,0,0
2887,56,Female,Finance,Sales Executive,3,7675,15,0,No,38,5,4,1,2,4,0.28,1,1
2888,36,Male,Marketing,Consultant,2,9057,2,6,Yes,16,9,4,4,3,2,0.65,1,1
2889,43,Female,HR,Technician,4,10181,18,2,No,5,1,3,3,3,3,0.41,0,0
2890,40,Female,Finance,Analyst,5,13569,15,4,No,22,8,4,2,1,2,0.23,0,0
2891,58,Male,Finance,Sales Executive,3,12716,0,7,Yes,17,9,4,3,2,3,0.19,0,0
2892,58,Male,R&D,Manager,2,2487,11,4,Yes,11,2,3,2,3,3,0.1,0,1
2893,32,Female,Finance,Analyst,2,4127,19,4,Yes,22,1,2,2,4,1,0.85,0,1
2894,30,Male,Sales,Technician,3,7405,5,4,Yes,36,0,3,1,4,4,0.01,0,1
2895,38,Female,IT,Sales Executive,1,8704,2,6,Yes,3,2,3,3,4,1,0.99,0,0
2896,30,Female,IT,Technician,2,9265,6,1,Yes,27,5,4,4,3,3,0.96,1,0
2897,32,Female,Marketing,Analyst,5,7597,2,0,No,13,9,1,3,1,2,0.53,1,0
2898,20,Male,R&D,Manager,5,3940,12,3,No,13,0,3,1,4,4,0.74,0,0
2899,59,Female,IT,Analyst,1,12645,15,4,Yes,30,1,1,3,2,3,0.46,0,0
2900,38,Female,Sales,Sales Executive,2,14206,13,6,Yes,18,8,2,1,4,4,0.22,1,1
2901,31,Male,R&D,Manager,1,13989,8,0,No,33,0,3,4,1,4,0.74,0,1
2902,27,Female,HR,Manager,2,9735,7,8,No,17,0,2,2,4,4,0.45,0,0
2903,27,Female,IT,Manager,2,6350,14,9,Yes,10,8,4,1,4,3,0.87,0,0
2904,31,Female,Finance,Engineer,1,2959,18,3,Yes,24,2,2,3,3,1,0.86,1,1
2905,52,Female,Sales,Sales Executive,4,8630,12,5,No,29,5,3,4,1,1,0.96,0,0
2906,45,Female,Sales,Engineer,3,7792,13,0,Yes,8,2,4,1,2,4,0.7,0,1
2907,58,Female,IT,Technician,3,4563,10,8,No,36,1,2,4,1,1,0.49,0,1
2908,47,Male,Marketing,Manager,3,2463,17,3,Yes,14,2,3,1,2,2,0.56,1,1
2909,24,Female,HR,Engineer,1,12128,2,4,Yes,29,9,4,4,3,3,0.36,1,0
2910,27,Female,Finance,Analyst,2,9671,3,7,No,7,3,3,2,3,4,0.66,0,0
2911,44,Male,HR,Engineer,2,14323,2,5,Yes,25,0,2,1,2,2,0.09,1,0
2912,46,Female,HR,HR Specialist,5,10207,12,9,No,30,2,4,3,4,1,0.99,0,0
2913,42,Female,IT,Technician,2,14262,15,2,No,28,6,1,2,1,4,0.06,1,0
2914,49,Male,Finance,Manager,4,2918,12,9,Yes,10,1,3,2,2,4,0.6,1,1
2915,42,Male,IT,Manager,3,8087,9,7,Yes,34,6,4,1,4,2,0.29,0,0
2916,39,Male,IT,Consultant,4,3613,17,5,No,16,3,2,3,2,2,0.82,0,0
2917,37,Male,Marketing,Technician,3,11014,7,1,No,10,6,1,4,3,4,0.63,1,0
2918,37,Male,Sales,Technician,1,4120,6,4,No,29,2,3,1,1,4,0.61,0,1
2919,21,Male,Marketing,Sales Executive,4,5391,16,2,No,15,6,3,1,2,1,0.75,0,1
2920,23,Male,Marketing,Analyst,2,12158,5,3,Yes,28,9,3,1,2,4,0.12,1,1
2921,49,Female,IT,Consultant,3,3881,14,8,Yes,24,6,3,1,1,3,0.31,0,1
2922,52,Female,Marketing,Technician,5,10931,8,2,No,20,2,3,4,4,2,0.51,1,0
2923,55,Female,Marketing,Consultant,4,9362,9,4,No,29,5,3,3,3,4,0.32,1,0
2924,37,Male,R&D,Technician,1,7001,7,7,No,2,8,3,4,3,4,0.11,1,0
2925,56,Female,Finance,Consultant,5,13258,6,8,No,32,6,3,2,1,2,0.31,0,1
2926,38,Male,Sales,Sales Executive,1,9256,4,6,No,30,4,2,1,4,4,0.46,0,1
2927,47,Female,Finance,Technician,3,5843,17,3,No,9,0,1,4,3,3,0.15,0,0
2928,59,Female,Sales,Engineer,4,10989,15,8,No,19,7,3,2,4,2,0.66,0,0
2929,39,Female,R&D,HR Specialist,1,8129,14,1,No,6,3,3,4,3,2,0.07,1,0
2930,52,Female,IT,HR Specialist,5,5210,9,1,Yes,8,1,3,3,1,4,0.89,0,1
2931,31,Male,Sales,HR Specialist,5,11778,0,3,Yes,34,8,3,4,1,4,0.36,0,0
2932,34,Male,Sales,Technician,2,13922,5,1,No,1,2,3,1,4,3,0.36,0,1
2933,58,Female,Sales,Consultant,1,11969,14,2,No,13,5,1,2,3,4,0.21,0,1
2934,21,Male,R&D,HR Specialist,4,7516,1,4,Yes,6,2,2,3,3,3,0.48,0,0
2935,48,Male,Finance,Analyst,4,4531,11,2,No,35,6,3,2,4,2,0.83,0,0
2936,29,Female,R&D,Engineer,2,12626,0,0,No,29,1,2,4,4,4,0.59,0,0
2937,21,Male,Sales,HR Specialist,5,7487,14,2,No,2,3,2,2,4,3,0.81,1,1
2938,30,Male,Marketing,Manager,1,14109,12,5,No,10,9,3,3,2,3,0.97,0,0
2939,32,Male,Sales,Technician,5,6553,0,2,Yes,31,8,4,1,3,4,0.63,1,1
2940,29,Male,Marketing,Engineer,1,12661,0,8,No,8,7,2,4,4,2,0.17,1,0
2941,33,Female,IT,Analyst,1,4279,3,2,Yes,39,7,3,2,4,4,0.3,1,1
2942,37,Female,R&D,HR Specialist,1,11559,13,2,Yes,28,7,2,4,4,1,0.66,0,0
2943,28,Male,Marketing,Analyst,5,12959,16,2,Yes,31,6,2,2,2,2,0.78,0,1
2944,58,Female,R&D,Technician,5,9305,12,4,Yes,13,5,3,3,4,2,0.65,0,0
2945,47,Female,HR,HR Specialist,5,11589,11,6,Yes,7,7,3,1,1,4,0.58,0,0
2946,22,Female,Finance,Manager,3,7556,5,4,Yes,1,6,3,1,2,3,0.93,1,1
2947,39,Male,HR,Engineer,5,2154,18,8,Yes,26,0,1,2,4,4,0.5,0,1
2948,25,Male,Marketing,Consultant,2,13378,19,5,No,16,5,2,4,3,1,0.67,1,0
2949,46,Female,HR,Manager,3,11307,15,0,Yes,12,7,4,1,4,1,0.31,0,0
2950,21,Female,Finance,HR Specialist,1,5665,15,8,Yes,16,4,3,2,2,1,0.39,1,1
2951,48,Male,Marketing,Sales Executive,4,13788,11,2,Yes,34,5,3,4,4,3,0.23,1,1
2952,57,Female,IT,Engineer,3,8727,19,7,No,27,1,2,1,4,4,0.8,0,1
2953,22,Male,IT,Analyst,3,3114,19,2,No,25,1,4,2,3,4,0.2,0,0
2954,35,Female,Finance,HR Specialist,1,2699,12,7,No,19,1,2,3,3,4,0.23,0,1
2955,49,Male,Finance,Manager,5,9565,0,3,No,7,5,2,2,3,3,0.11,0,1
2956,59,Male,Marketing,Technician,5,14392,17,0,Yes,12,4,3,3,4,1,0.73,1,1
2957,21,Male,R&D,Consultant,3,8955,1,5,Yes,24,5,3,1,1,1,0.08,1,1
2958,36,Male,Marketing,Sales Executive,5,9109,1,6,No,39,5,1,4,2,3,0.06,0,0
2959,31,Female,R&D,Consultant,3,10787,0,7,No,5,3,3,1,2,4,0.63,0,1
2960,54,Male,R&D,Technician,4,3013,9,5,No,1,6,1,3,2,3,0.38,0,1
2961,20,Female,R&D,HR Specialist,4,10731,0,0,No,7,8,1,1,2,4,0.93,1,1
2962,34,Male,Marketing,Analyst,1,2011,13,4,No,26,6,3,3,3,2,0.88,0,0
2963,45,Male,Sales,Manager,2,12135,7,8,Yes,24,5,1,3,2,2,0.5,0,1
2964,56,Female,Sales,Engineer,2,9474,0,2,No,17,2,2,2,2,3,0.08,1,1
2965,40,Female,IT,Sales Executive,5,6459,13,4,Yes,4,5,3,4,1,1,0.55,0,0
2966,50,Female,Sales,HR Specialist,2,2661,9,5,Yes,16,7,3,2,4,3,0.99,1,0
2967,44,Male,Sales,HR Specialist,4,6633,18,4,Yes,36,7,3,2,4,1,0.66,0,1
2968,42,Male,R&D,HR Specialist,1,9381,7,3,No,5,3,2,3,4,3,0.79,1,0
2969,43,Female,R&D,HR Specialist,4,14601,1,1,No,5,4,3,2,1,4,0.4,1,1
2970,57,Male,Finance,Manager,3,7574,3,4,Yes,17,3,4,4,2,2,0.07,0,1
2971,47,Female,R&D,Engineer,5,11614,11,9,No,21,1,3,3,1,4,0.94,0,0
2972,40,Male,Marketing,Analyst,5,7871,8,0,No,30,4,3,4,1,2,0.33,0,0
2973,37,Male,Finance,Sales Executive,2,11437,0,0,No,33,0,2,4,1,2,0.15,0,0
2974,55,Male,Finance,Consultant,3,2579,7,7,No,23,1,3,2,3,3,0.16,0,1
2975,54,Female,Sales,HR Specialist,2,10453,16,3,No,29,6,4,2,1,3,0.14,0,1
2976,28,Male,R&D,Technician,2,2495,15,0,No,39,4,4,3,1,4,0.43,0,0
2977,57,Female,Sales,HR Specialist,2,6225,14,1,Yes,38,9,4,2,2,4,0.86,1,1
2978,49,Female,R&D,Engineer,3,7934,8,4,No,7,7,3,3,2,4,0.15,0,1
2979,53,Male,Sales,Engineer,2,4136,7,6,No,37,5,2,4,3,1,0.76,0,1
2980,51,Female,Sales,Manager,5,7063,19,4,Yes,7,7,4,1,1,3,0.07,0,0
2981,22,Female,Sales,Manager,2,7451,13,9,Yes,15,1,3,3,2,4,0.12,1,1
2982,22,Male,Marketing,Technician,3,10821,11,5,Yes,29,7,3,3,4,3,0.12,0,0
2983,47,Female,IT,Technician,3,10697,14,6,No,10,8,1,2,4,2,0.52,0,0
2984,34,Female,Sales,Manager,4,9297,3,2,No,20,7,3,1,4,1,0.88,0,0
2985,42,Male,HR,Sales Executive,2,2206,3,9,No,9,6,2,1,3,2,0.74,0,1
2986,59,Male,HR,Technician,3,13623,1,4,No,6,7,3,4,2,4,0.86,1,0
2987,30,Male,HR,Manager,2,5130,3,7,Yes,20,1,4,4,2,3,0.86,1,1
2988,51,Female,Marketing,HR Specialist,1,3854,19,5,No,21,5,3,3,1,2,0.11,0,1
2989,55,Female,Finance,Manager,5,7578,17,1,Yes,7,6,3,4,4,2,0.55,1,1
2990,52,Male,Sales,Consultant,5,7264,14,8,No,38,8,3,2,4,4,0.79,1,1
2991,43,Female,HR,Sales Executive,2,9477,7,1,Yes,34,2,3,4,2,1,0.95,0,0
2992,58,Male,Marketing,Manager,5,3660,9,5,No,3,5,3,4,1,3,0.68,1,0
2993,53,Male,Finance,Manager,5,10084,1,1,No,17,7,2,4,1,1,0.86,1,0
2994,47,Male,HR,HR Specialist,1,12773,8,9,No,2,3,2,4,4,2,0.37,0,0
2995,56,Female,R&D,Technician,5,9548,15,6,No,12,4,3,1,2,1,0.71,1,1
2996,26,Female,IT,HR Specialist,5,6979,11,0,No,13,1,2,4,3,1,0.37,1,0
2997,23,Male,Sales,Consultant,3,7046,4,3,No,38,9,2,3,2,3,0.19,0,1
2998,56,Male,IT,Consultant,5,10476,6,7,Yes,36,6,3,4,3,1,0.07,0,0
2999,20,Female,IT,HR Specialist,2,2718,14,8,Yes,12,7,2,2,4,2,0.88,0,0
3000,20,Male,R&D,Manager,5,14180,12,9,Yes,27,5,4,4,2,4,0.06,1,1
3001,39,Female,R&D,HR Specialist,2,10693,7,2,Yes,26,8,2,4,4,1,1.0,0,1
3002,38,Male,R&D,Engineer,5,2257,18,8,No,5,2,4,3,1,2,0.51,0,1
3003,48,Male,Finance,Analyst,2,6905,18,7,Yes,32,8,4,1,4,1,0.5,1,1
3004,29,Female,HR,Analyst,5,4597,4,3,No,36,8,3,2,3,1,0.07,1,0
3005,37,Female,Sales,HR Specialist,2,12114,17,0,No,38,8,3,1,4,1,0.07,1,0
3006,47,Female,R&D,Technician,5,10012,16,9,Yes,16,5,3,3,4,3,0.72,1,0
3007,54,Female,Marketing,Sales Executive,1,11431,6,4,No,10,8,3,1,2,1,0.44,1,1
3008,50,Female,Sales,Consultant,3,13486,13,6,Yes,37,6,3,2,2,2,0.18,1,1
3009,46,Male,Sales,HR Specialist,3,8798,14,4,Yes,15,7,3,1,4,2,0.2,0,1
3010,30,Male,Sales,Technician,3,5013,16,4,No,11,7,3,1,1,3,0.23,1,0
3011,57,Female,R&D,HR Specialist,3,7224,2,4,Yes,9,7,3,2,2,1,0.81,0,0
3012,24,Female,R&D,Manager,1,6617,12,2,Yes,18,2,3,3,1,2,0.61,1,0
3013,27,Male,HR,Consultant,1,7064,10,5,No,33,5,3,4,3,1,0.07,1,0
3014,53,Male,R&D,Consultant,5,2887,2,3,Yes,9,6,3,2,2,3,0.69,0,0
3015,31,Female,R&D,Technician,1,13646,5,9,No,15,3,3,3,4,1,0.52,1,0
3016,57,Female,Sales,Consultant,3,9281,5,1,No,36,3,4,3,2,4,0.58,0,0
3017,20,Male,HR,Sales Executive,4,2744,5,3,Yes,36,6,3,1,1,1,0.3,1,1
3018,50,Female,IT,HR Specialist,5,9236,5,5,No,1,1,2,2,4,2,0.02,0,0
3019,23,Male,R&D,Engineer,2,5436,5,5,No,28,7,3,3,4,4,0.51,0,1
3020,24,Male,Marketing,Technician,3,7163,13,8,Yes,33,5,3,3,1,3,0.6,0,1
3021,49,Female,R&D,Analyst,3,3704,10,7,No,1,8,3,3,2,3,0.65,0,1
3022,43,Male,IT,Technician,3,10402,15,4,Yes,6,4,4,1,3,3,0.44,0,1
3023,22,Male,Sales,Engineer,1,6064,18,9,No,11,9,2,2,4,4,0.56,0,1
3024,30,Male,HR,Consultant,2,7226,6,2,Yes,27,9,4,1,4,1,0.54,1,1
3025,23,Female,Sales,Engineer,5,3956,5,3,Yes,5,0,2,3,1,3,0.37,0,0
3026,45,Male,Finance,Consultant,3,12718,10,4,No,10,6,2,3,4,2,0.81,1,0
3027,46,Female,R&D,Engineer,2,3702,3,0,No,28,3,3,4,4,2,0.43,0,0
3028,46,Male,Marketing,Sales Executive,4,6214,0,8,Yes,16,9,2,2,3,1,0.24,0,1
3029,25,Male,Finance,Sales Executive,1,10677,8,3,Yes,26,3,4,2,4,3,0.01,0,1
3030,34,Male,R&D,Technician,3,12348,12,7,Yes,28,2,3,2,3,3,0.29,0,1
3031,49,Male,Finance,Sales Executive,2,4501,7,4,Yes,14,4,4,3,4,4,0.1,0,0
3032,56,Male,IT,Analyst,2,13502,1,4,No,13,5,3,3,3,2,0.5,0,0
3033,56,Female,R&D,Consultant,3,7127,15,1,No,1,2,4,3,1,2,0.38,0,0
3034,56,Female,Marketing,Manager,2,6607,18,7,Yes,35,7,3,2,1,1,0.25,1,1
3035,54,Male,R&D,Technician,2,11258,7,9,No,15,1,3,4,3,4,0.13,0,0
3036,42,Female,Finance,HR Specialist,5,14419,11,6,No,29,6,4,1,1,4,0.81,0,0
3037,25,Female,HR,HR Specialist,1,12007,10,1,Yes,31,0,1,1,2,1,0.98,0,1
3038,23,Male,Finance,Technician,5,12990,8,5,Yes,12,8,3,4,3,2,0.86,1,0
3039,37,Female,R&D,Manager,1,8537,9,8,Yes,5,8,3,3,4,3,0.79,0,0
3040,28,Female,R&D,HR Specialist,1,13821,0,7,No,32,4,3,3,4,3,0.53,1,1
3041,48,Female,HR,Technician,5,6056,18,9,No,10,1,1,4,4,1,0.84,0,0
3042,32,Female,Sales,Technician,3,2197,16,2,No,5,5,3,4,2,4,0.53,0,0
3043,36,Male,HR,Engineer,2,9631,3,6,Yes,27,9,4,1,1,2,0.32,0,1
3044,51,Female,Sales,Analyst,4,13563,11,3,No,39,4,3,1,2,2,0.23,0,0
3045,41,Male,Marketing,HR Specialist,5,14507,19,3,No,21,3,3,3,3,2,0.22,1,0
3046,23,Male,R&D,Analyst,5,6963,7,6,Yes,16,1,3,4,2,4,0.46,0,1
3047,24,Female,IT,Consultant,3,9968,15,6,Yes,29,4,2,2,1,3,0.64,0,0
3048,56,Male,IT,Technician,2,3315,0,0,No,15,7,2,3,2,4,0.15,0,0
3049,32,Female,Finance,Manager,5,8296,8,0,No,38,1,3,2,4,4,0.01,0,0
3050,53,Male,HR,Technician,4,12764,10,5,No,7,6,2,1,4,3,0.02,0,0
3051,41,Female,HR,HR Specialist,2,10102,11,1,No,18,2,3,4,4,1,0.31,0,0
3052,42,Female,IT,Analyst,5,6862,8,2,Yes,19,5,4,1,4,2,0.72,1,0
3053,22,Male,Sales,Engineer,5,11373,5,1,No,17,3,3,1,4,3,0.0,0,0
3054,53,Female,HR,Engineer,1,5341,8,1,Yes,14,5,4,1,4,4,0.47,0,1
3055,51,Female,Sales,Technician,1,9747,5,7,Yes,10,1,2,3,3,3,0.3,1,0
3056,40,Female,Sales,Manager,5,10448,5,7,Yes,25,9,1,1,2,1,0.91,0,1
3057,40,Female,Sales,Consultant,3,12940,19,5,No,9,4,3,2,1,4,0.96,1,1
3058,30,Male,Sales,Sales Executive,1,4562,2,2,Yes,16,1,3,2,4,2,0.4,1,1
3059,58,Male,Finance,HR Specialist,5,3667,2,4,No,24,7,3,3,1,1,0.98,1,0
3060,23,Male,Finance,Technician,2,8314,15,6,No,21,8,3,4,2,3,0.97,0,0
3061,20,Female,IT,Engineer,4,8413,1,4,No,34,7,3,4,4,3,0.58,0,0
3062,47,Male,Finance,Engineer,1,4648,3,6,No,39,0,4,1,3,1,0.39,0,1
3063,43,Female,Marketing,Manager,5,7734,8,9,No,7,4,3,1,2,4,0.11,0,0
3064,54,Female,HR,Engineer,1,10828,6,6,Yes,7,3,4,2,3,1,0.55,0,0
3065,32,Female,Marketing,HR Specialist,2,13014,2,3,No,28,3,2,1,2,4,0.83,0,0
3066,53,Male,Finance,Manager,3,10199,12,9,No,35,6,4,2,4,1,0.4,0,1
3067,30,Male,HR,Analyst,5,3579,13,9,No,10,9,3,2,1,2,0.51,1,1
3068,55,Male,HR,Manager,2,9615,8,5,No,38,9,4,3,3,1,0.4,0,1
3069,36,Male,Sales,Consultant,4,2134,0,8,Yes,32,3,3,4,3,1,0.7,0,0
3070,54,Female,IT,HR Specialist,5,14023,11,3,No,34,0,2,3,3,1,0.55,0,0
3071,37,Male,Sales,Consultant,4,6120,0,9,Yes,24,2,3,3,1,3,0.51,0,0
3072,59,Male,Sales,HR Specialist,3,4512,8,0,No,2,7,1,1,1,3,0.22,0,0
3073,41,Male,Marketing,Analyst,5,8105,6,7,Yes,4,9,2,1,1,1,0.59,0,1
3074,43,Male,Finance,Technician,5,14661,2,3,Yes,1,6,4,4,2,3,0.49,0,1
3075,38,Female,Marketing,Manager,2,12435,3,7,Yes,22,1,4,1,2,1,0.7,0,1
3076,56,Male,Finance,HR Specialist,1,8847,6,8,No,11,6,4,4,2,1,0.63,1,0
3077,58,Male,Marketing,HR Specialist,5,10048,14,7,Yes,11,1,1,4,3,1,0.29,0,1
3078,40,Male,HR,Analyst,3,8545,0,0,No,14,5,3,4,4,3,0.63,1,0
3079,27,Female,Finance,Sales Executive,5,12361,5,8,Yes,27,7,3,1,3,2,0.76,1,1
3080,47,Male,Finance,Manager,5,8032,4,4,No,33,2,2,3,3,2,0.65,0,0
3081,24,Male,Marketing,HR Specialist,5,14846,10,7,Yes,28,2,3,2,4,3,0.5,0,0
3082,36,Male,R&D,Engineer,5,14149,16,5,No,23,7,2,2,4,2,0.66,0,0
3083,56,Female,HR,Analyst,3,3232,2,6,Yes,9,7,3,3,3,4,0.47,0,1
3084,55,Female,HR,Sales Executive,2,13564,11,2,Yes,18,9,3,2,4,2,0.34,0,1
3085,38,Male,R&D,Sales Executive,1,11145,19,8,Yes,24,5,2,3,4,2,0.62,0,0
3086,46,Male,Marketing,Analyst,3,11730,9,8,No,27,0,3,4,4,1,0.02,0,0
3087,53,Female,Marketing,Sales Executive,3,2907,6,9,Yes,35,2,3,1,1,1,0.09,1,1
3088,30,Female,HR,HR Specialist,4,11872,14,1,Yes,4,9,3,3,3,2,0.18,1,0
3089,31,Female,Marketing,Sales Executive,1,12101,17,3,No,22,6,3,3,2,1,0.98,1,0
3090,40,Female,IT,Manager,2,7653,18,3,No,11,1,1,1,2,3,0.29,0,0
3091,30,Female,IT,Engineer,2,7158,0,0,No,7,8,2,4,1,1,0.5,0,0
3092,58,Male,R&D,HR Specialist,4,7926,12,3,Yes,37,8,4,1,4,4,0.57,0,1
3093,47,Male,Finance,Analyst,4,6089,3,2,Yes,34,1,4,1,4,1,0.01,0,0
3094,24,Male,IT,Engineer,3,10810,17,1,No,12,5,3,4,3,1,0.08,0,1
3095,36,Male,Marketing,Technician,2,9779,11,5,Yes,4,1,3,2,1,1,0.16,0,1
3096,39,Female,R&D,HR Specialist,2,7903,3,2,No,2,0,2,3,4,1,0.22,0,0
3097,31,Female,IT,Engineer,2,12980,3,9,Yes,1,9,3,2,1,1,0.07,0,0
3098,25,Female,Sales,Sales Executive,3,9090,4,8,No,18,8,3,2,2,2,0.65,0,1
3099,36,Female,R&D,Technician,2,12101,18,8,No,23,4,4,3,1,2,0.12,0,0
3100,38,Female,HR,Analyst,5,4844,8,7,Yes,34,0,4,4,1,1,0.9,0,1
3101,45,Male,IT,Analyst,4,6301,6,7,No,4,6,3,2,4,4,0.5,1,0
3102,51,Male,HR,Manager,4,14870,6,1,No,19,2,4,4,2,1,0.19,0,0
3103,25,Male,R&D,Sales Executive,4,10888,11,5,No,9,5,2,2,2,1,0.23,0,0
3104,55,Male,IT,Manager,4,13596,9,3,No,23,3,3,4,3,3,0.65,0,1
3105,57,Male,HR,Manager,5,6303,19,9,No,13,2,2,1,2,1,0.11,0,0
3106,30,Female,Finance,Sales Executive,1,10596,12,1,No,1,5,3,1,1,4,0.04,1,1
3107,52,Female,Finance,HR Specialist,2,12627,5,1,Yes,12,7,1,1,4,4,0.8,0,0
3108,43,Female,Sales,Technician,4,11702,8,9,Yes,10,5,2,2,4,3,0.49,0,1
3109,42,Female,Marketing,Consultant,2,9549,18,6,Yes,27,5,3,4,4,1,0.85,0,1
3110,34,Female,R&D,Manager,2,6962,15,0,Yes,19,4,3,4,4,1,0.95,0,0
3111,46,Male,Marketing,Engineer,5,12510,10,7,Yes,32,4,3,2,4,2,0.45,1,0
3112,30,Male,Marketing,Technician,2,14280,3,4,No,22,0,3,4,2,4,0.3,0,1
3113,36,Male,HR,HR Specialist,4,12676,0,9,No,25,3,3,1,1,3,0.37,0,1
3114,33,Female,Sales,Sales Executive,2,2857,11,7,No,11,7,3,3,4,1,0.89,0,0
3115,46,Female,R&D,Analyst,5,13921,3,1,No,11,5,3,1,2,1,1.0,0,0
3116,37,Female,Finance,HR Specialist,4,4392,4,0,No,26,6,3,3,3,2,0.38,1,1
3117,47,Female,Marketing,Manager,5,14260,5,1,Yes,16,8,3,3,3,2,0.96,0,0
3118,23,Male,HR,Engineer,3,8771,13,5,Yes,29,7,2,2,4,1,0.51,0,1
3119,26,Female,Marketing,Technician,1,9559,0,3,Yes,30,3,3,4,1,3,0.04,0,0
3120,54,Male,IT,Sales Executive,2,6282,7,7,No,11,6,2,1,3,2,0.2,0,1
3121,28,Female,Finance,Analyst,2,2019,14,8,No,1,2,3,3,1,1,0.39,0,1
3122,27,Male,Marketing,Technician,2,7457,11,8,No,6,4,3,2,2,1,0.35,0,1
3123,36,Female,IT,Engineer,3,4420,18,4,Yes,13,2,3,4,3,3,0.81,0,0
3124,36,Female,IT,Consultant,1,13218,6,5,Yes,27,6,2,2,2,4,0.79,0,1
3125,52,Male,HR,Analyst,5,9923,8,6,Yes,35,2,3,2,2,2,0.13,0,1
3126,51,Male,HR,Sales Executive,3,2066,10,3,Yes,33,7,4,1,1,3,0.06,1,1
3127,27,Female,IT,Technician,3,5133,7,9,Yes,14,9,3,2,4,1,0.71,1,1
3128,38,Male,Sales,HR Specialist,4,13749,3,2,Yes,22,7,3,2,1,2,0.43,0,0
3129,57,Female,Marketing,Manager,3,2785,9,1,Yes,21,5,3,4,3,1,0.17,1,1
3130,22,Female,IT,Sales Executive,3,8765,19,9,No,2,8,3,3,4,1,0.09,0,0
3131,24,Male,IT,Engineer,2,9735,9,3,Yes,5,1,3,3,4,1,0.21,0,0
3132,32,Female,HR,HR Specialist,4,4132,7,8,Yes,15,5,3,3,2,3,0.96,0,0
3133,50,Female,Marketing,Technician,5,11621,13,4,Yes,20,3,2,3,2,2,0.09,0,0
3134,35,Male,R&D,Analyst,1,3418,3,0,No,26,6,3,1,2,2,0.55,0,1
3135,51,Female,Finance,HR Specialist,5,5690,19,4,No,24,0,3,2,3,4,0.03,1,0
3136,41,Female,HR,HR Specialist,4,3547,2,5,No,35,3,1,3,4,3,0.9,0,0
3137,48,Female,Marketing,Engineer,2,14463,2,9,Yes,24,9,3,4,2,4,0.51,0,1
3138,41,Female,Marketing,Manager,1,2358,3,5,Yes,26,3,4,1,2,4,0.94,0,1
3139,22,Male,Sales,Consultant,5,3562,11,4,No,22,5,3,3,2,1,0.32,1,0
3140,29,Male,Finance,HR Specialist,1,6386,17,7,Yes,27,9,3,4,2,2,0.41,0,1
3141,40,Male,HR,HR Specialist,1,4177,18,4,Yes,19,5,3,4,4,3,0.75,1,0
3142,35,Female,HR,Manager,1,5810,10,9,No,37,5,4,4,3,3,0.94,0,0
3143,31,Male,R&D,Manager,3,2478,17,2,Yes,36,3,3,4,4,1,0.14,1,1
3144,21,Male,Sales,Analyst,4,2647,13,2,No,29,4,3,1,4,2,0.4,0,0
3145,43,Male,Sales,Technician,4,8675,10,3,Yes,39,7,4,2,3,2,0.97,1,1
3146,54,Female,Marketing,Analyst,2,2263,13,9,Yes,12,2,3,2,4,3,0.33,1,0
3147,49,Male,Marketing,Manager,5,9102,2,7,Yes,16,5,3,4,4,4,0.94,0,0
3148,49,Male,HR,Consultant,2,10003,1,8,Yes,31,0,3,3,2,2,0.62,0,0
3149,54,Female,R&D,Sales Executive,5,5742,8,6,Yes,15,9,2,2,4,3,0.48,1,1
3150,38,Female,HR,Manager,1,8646,7,1,No,33,5,4,2,2,1,0.33,0,0
3151,27,Female,IT,Analyst,5,13148,4,8,No,15,8,3,3,3,1,0.51,1,1
3152,45,Female,Marketing,Engineer,5,11753,8,5,Yes,32,7,4,3,3,4,0.65,0,0
3153,59,Female,IT,Engineer,1,7200,4,5,Yes,22,4,2,1,3,4,0.71,0,1
3154,26,Female,R&D,Technician,2,11628,12,5,No,6,6,3,1,1,2,0.08,0,1
3155,49,Male,HR,HR Specialist,5,4005,10,0,Yes,30,4,3,1,4,1,0.64,0,0
3156,26,Male,Marketing,Consultant,2,5140,10,8,Yes,17,2,3,4,3,2,0.89,0,1
3157,22,Female,R&D,Engineer,2,11099,19,5,No,2,8,2,4,3,3,0.43,0,1
3158,20,Female,HR,Analyst,4,2129,11,6,Yes,16,6,3,2,4,2,0.25,0,1
3159,55,Male,HR,Engineer,1,11129,18,0,Yes,12,7,3,1,4,1,0.7,0,0
3160,44,Female,IT,Consultant,1,5718,12,4,No,12,6,3,4,3,4,0.11,0,0
3161,56,Female,Finance,Consultant,3,2814,8,2,Yes,39,6,2,2,2,1,0.93,0,1
3162,20,Male,Sales,Sales Executive,2,14154,3,8,Yes,17,7,3,1,3,2,0.51,1,1
3163,34,Female,Marketing,Manager,3,7849,6,1,Yes,6,7,3,2,4,1,0.66,0,1
3164,56,Female,Sales,Manager,1,13573,4,3,No,26,5,3,4,2,2,0.35,0,0
3165,32,Male,R&D,Analyst,1,7606,6,2,No,1,3,1,1,2,4,0.43,0,0
3166,59,Male,Sales,HR Specialist,3,2014,7,8,Yes,16,4,3,2,2,2,0.58,0,0
3167,27,Male,IT,Consultant,1,12229,13,2,No,16,5,3,3,2,3,0.99,0,0
3168,24,Male,Finance,Manager,1,7305,9,0,Yes,16,8,3,2,3,1,0.7,0,1
3169,28,Male,Marketing,Engineer,4,5488,5,7,No,39,4,4,3,1,1,0.93,1,1
3170,20,Female,HR,Consultant,5,10898,4,0,Yes,29,8,3,3,4,1,0.96,1,1
3171,55,Female,HR,Sales Executive,4,2702,14,0,Yes,26,8,1,2,2,2,0.78,1,1
3172,54,Female,IT,HR Specialist,5,6841,15,6,No,30,7,3,2,4,3,0.04,1,0
3173,21,Female,Marketing,HR Specialist,4,8575,1,8,Yes,33,9,3,3,3,2,0.27,0,1
3174,59,Female,Sales,HR Specialist,4,6131,14,3,Yes,20,5,3,1,3,1,0.81,1,1
3175,42,Male,HR,Manager,2,6842,7,9,Yes,37,0,3,3,4,2,0.01,0,0
3176,28,Female,Sales,Technician,3,8160,12,3,No,13,4,1,1,1,4,0.49,1,0
3177,53,Female,IT,HR Specialist,4,8657,16,4,No,8,2,1,3,4,1,0.77,1,0
3178,33,Female,HR,Analyst,2,8492,14,4,Yes,32,8,1,3,1,2,0.93,0,0
3179,23,Female,R&D,Engineer,4,7499,13,1,No,18,3,4,4,2,4,0.44,1,0
3180,49,Female,Finance,Technician,3,4555,18,8,Yes,11,6,2,3,1,2,0.83,0,0
3181,50,Male,Sales,Sales Executive,2,14933,12,9,Yes,38,5,3,2,1,4,0.46,0,1
3182,57,Female,Marketing,Engineer,5,13178,6,8,Yes,14,5,4,2,2,4,0.14,1,1
3183,30,Female,Sales,Analyst,3,5939,7,8,Yes,33,4,2,4,3,4,0.46,1,1
3184,54,Female,Sales,Analyst,1,6951,6,8,Yes,23,0,2,4,1,1,0.44,1,1
3185,27,Female,Sales,Consultant,2,5338,18,0,Yes,7,2,3,2,1,2,0.52,0,1
3186,22,Female,IT,Technician,1,10708,14,7,No,15,4,3,4,3,1,0.93,0,0
3187,33,Female,IT,Engineer,2,2797,6,7,No,15,1,3,3,4,2,0.62,1,0
3188,32,Male,Marketing,Manager,5,10676,16,3,Yes,9,1,3,3,1,4,0.09,0,0
3189,51,Female,IT,Consultant,2,5674,17,9,No,21,3,3,2,2,2,0.43,0,1
3190,53,Male,Marketing,Analyst,4,12903,18,0,No,37,6,3,2,3,1,0.46,1,0
3191,38,Male,Marketing,HR Specialist,1,10634,2,0,Yes,39,0,3,2,1,1,0.83,0,0
3192,57,Female,IT,Sales Executive,1,8521,6,0,Yes,28,8,1,2,1,4,0.52,1,1
3193,35,Female,HR,Sales Executive,2,3653,9,2,Yes,6,0,3,3,4,1,0.43,0,0
3194,21,Female,IT,Analyst,4,11205,6,9,Yes,10,7,3,1,4,1,0.13,1,0
3195,59,Male,HR,HR Specialist,4,11154,10,2,Yes,15,5,2,2,2,4,0.78,1,0
3196,36,Female,R&D,Engineer,2,10764,2,3,Yes,24,0,3,4,2,1,0.77,0,1
3197,53,Female,IT,Sales Executive,3,14645,8,1,No,4,6,2,3,3,2,0.2,0,0
3198,35,Female,R&D,HR Specialist,5,8681,3,8,No,35,1,3,4,2,2,0.66,1,1
3199,57,Male,IT,HR Specialist,2,14908,7,9,No,15,0,3,1,1,4,0.08,1,0
3200,21,Male,R&D,Manager,4,7999,11,8,No,37,7,2,2,2,3,0.58,0,1
3201,21,Female,Finance,Analyst,5,12022,7,9,Yes,2,1,4,3,4,4,0.54,0,0
3202,45,Male,R&D,HR Specialist,2,14034,14,6,Yes,28,8,4,4,1,3,0.12,0,1
3203,32,Female,HR,Consultant,5,2815,13,1,No,5,5,3,4,3,3,0.66,0,1
3204,50,Male,Sales,Engineer,3,13863,4,2,Yes,23,0,3,4,2,1,0.09,0,1
3205,53,Female,Marketing,Sales Executive,4,8967,16,7,Yes,9,7,2,4,2,4,0.81,0,0
3206,58,Male,R&D,Consultant,3,12728,19,8,Yes,7,6,3,2,1,1,0.15,0,1
3207,22,Female,Sales,Manager,3,3210,10,3,Yes,4,0,2,3,1,2,0.43,1,1
3208,27,Female,Finance,Engineer,4,5134,14,8,Yes,19,7,3,4,3,2,0.85,1,0
3209,42,Male,Finance,Sales Executive,3,7455,12,3,Yes,8,1,3,3,1,2,0.06,0,0
3210,33,Male,HR,Analyst,2,2554,3,1,No,31,7,2,3,3,1,0.8,1,0
3211,46,Male,HR,Engineer,2,4792,12,6,No,14,8,3,1,4,3,0.75,0,1
3212,48,Male,R&D,Sales Executive,5,7865,12,8,No,29,4,4,1,3,1,0.29,0,0
3213,58,Male,IT,Manager,2,8218,10,1,Yes,9,4,3,4,3,3,0.9,0,1
3214,58,Female,Finance,Consultant,2,8908,4,7,No,37,6,3,2,1,4,0.91,0,0
3215,20,Female,Sales,Sales Executive,5,14254,13,5,Yes,6,0,3,2,1,2,0.73,0,1
3216,36,Male,IT,HR Specialist,1,13957,2,8,No,28,4,2,2,1,2,0.83,1,1
3217,49,Female,Finance,Manager,4,6302,17,4,No,10,0,2,4,2,3,0.15,0,1
3218,32,Female,R&D,Engineer,2,9852,2,0,No,3,7,4,2,2,1,0.44,0,0
3219,40,Male,Finance,Technician,5,3264,5,4,No,12,7,4,3,2,2,0.97,0,0
3220,38,Female,HR,Analyst,3,8819,7,9,No,36,0,4,3,3,3,0.1,0,0
3221,38,Female,Sales,Consultant,3,11085,16,6,No,11,1,1,1,2,1,0.42,0,0
3222,44,Male,Sales,Manager,2,12364,0,6,No,9,6,3,3,2,3,0.96,1,0
3223,41,Male,HR,Consultant,4,4304,6,3,Yes,6,6,3,4,4,2,0.59,0,0
3224,50,Female,IT,Manager,5,13355,17,9,Yes,12,8,3,2,2,1,0.03,0,1
3225,36,Male,HR,Manager,5,5958,3,5,Yes,8,2,3,4,2,2,0.85,0,1
3226,42,Female,Sales,Sales Executive,5,7536,9,5,Yes,13,1,3,3,3,1,0.32,0,0
3227,51,Male,R&D,HR Specialist,5,14575,4,9,Yes,9,9,2,1,3,4,0.04,0,1
3228,29,Male,IT,Technician,5,11430,7,9,No,20,7,1,3,1,4,0.83,0,0
3229,29,Male,Marketing,Analyst,4,3817,12,0,No,10,6,3,1,1,2,0.75,0,1
3230,55,Male,Finance,Consultant,5,2766,16,4,Yes,27,2,2,4,3,4,0.53,0,0
3231,27,Female,Marketing,Analyst,4,12751,3,6,No,4,2,4,4,3,1,0.36,0,0
3232,39,Male,R&D,HR Specialist,4,2572,9,4,Yes,10,6,1,4,3,3,0.76,0,1
3233,51,Male,Marketing,Sales Executive,4,6463,7,7,Yes,19,4,4,4,1,4,0.6,0,1
3234,33,Female,IT,Sales Executive,3,7320,9,0,Yes,10,8,3,4,2,2,0.24,0,1
3235,47,Female,Sales,HR Specialist,1,9748,12,8,No,23,9,3,1,2,4,0.88,1,1
3236,43,Female,Sales,Consultant,2,12524,11,1,Yes,36,6,3,3,3,4,0.53,0,1
3237,34,Female,R&D,HR Specialist,3,12302,12,7,No,9,0,3,1,1,2,0.86,0,0
3238,41,Male,Marketing,Engineer,1,14933,9,4,Yes,2,0,1,4,3,2,0.08,0,0
3239,49,Female,IT,Sales Executive,3,2750,0,9,Yes,19,5,4,3,1,2,0.23,1,0
3240,23,Male,Finance,Consultant,4,4811,8,6,No,8,4,3,4,2,3,0.31,0,0
3241,32,Female,Marketing,Manager,4,6456,2,6,No,26,4,4,1,2,3,0.85,0,1
3242,42,Male,Marketing,Analyst,5,9354,16,0,No,36,7,3,4,4,1,0.87,1,1
3243,27,Female,Finance,Sales Executive,4,5554,9,7,Yes,11,7,3,3,3,4,0.77,0,1
3244,37,Male,HR,HR Specialist,3,4418,18,2,Yes,3,8,3,1,2,4,0.58,1,0
3245,31,Male,R&D,Manager,2,7140,5,3,No,30,3,2,2,3,1,0.46,0,1
3246,50,Female,IT,Engineer,4,7036,6,2,No,18,4,3,2,4,3,0.09,0,1
3247,33,Male,R&D,Technician,1,4988,10,1,No,17,6,2,3,1,1,0.66,0,1
3248,53,Male,Finance,Engineer,3,2854,15,6,Yes,9,2,2,1,3,4,0.84,0,0
3249,37,Male,IT,Manager,1,4850,3,9,No,30,5,2,1,4,4,0.86,0,0
3250,53,Male,Sales,Consultant,5,5379,3,4,No,16,2,3,2,1,4,0.24,1,0
3251,30,Female,Sales,Consultant,5,2193,17,6,Yes,8,3,3,2,3,2,0.59,1,0
3252,31,Male,IT,Manager,2,11769,17,0,No,26,9,3,3,3,1,0.94,0,0
3253,34,Male,R&D,Consultant,3,11672,6,9,Yes,5,7,4,1,1,4,0.85,0,1
3254,50,Female,R&D,HR Specialist,2,14620,10,1,No,5,9,3,1,2,1,0.16,0,0
3255,48,Female,Sales,Consultant,1,10938,4,5,Yes,24,3,1,3,1,1,0.39,0,1
3256,45,Female,Sales,Technician,2,6961,17,5,Yes,14,3,3,1,3,3,0.1,0,0
3257,37,Male,Finance,HR Specialist,1,13279,6,2,Yes,5,6,3,2,4,4,0.83,0,0
3258,51,Male,IT,Analyst,2,6740,1,9,Yes,36,2,1,1,2,4,0.61,0,1
3259,41,Female,R&D,Consultant,5,7632,4,0,Yes,25,2,2,1,1,1,0.7,1,0
3260,57,Male,Finance,Technician,3,10341,4,2,No,17,0,2,1,1,2,0.16,1,0
3261,36,Female,R&D,Technician,2,9983,18,3,No,6,6,3,4,2,4,0.73,1,0
3262,42,Male,Sales,Analyst,1,9149,1,0,No,7,3,4,1,4,2,0.23,0,0
3263,43,Female,IT,Engineer,3,7753,18,6,Yes,15,6,3,2,4,1,0.97,0,1
3264,27,Male,HR,Manager,5,14057,4,2,No,6,1,4,4,2,2,0.88,0,1
3265,25,Female,IT,Engineer,5,6897,11,7,No,32,4,4,1,4,1,0.02,0,1
3266,24,Male,Marketing,Consultant,4,8969,12,6,Yes,27,6,3,3,1,1,0.67,0,0
3267,48,Female,HR,Consultant,3,7332,19,5,No,5,8,3,1,1,2,0.34,1,1
3268,47,Male,Finance,HR Specialist,2,8534,6,7,No,16,9,3,3,3,4,0.68,0,1
3269,30,Male,HR,Sales Executive,5,12520,1,8,Yes,11,3,3,4,1,3,0.18,0,0
3270,20,Male,HR,Consultant,2,10120,13,1,No,39,5,4,3,4,2,0.27,1,0
3271,38,Female,Finance,Consultant,2,11867,4,9,Yes,25,2,3,3,2,1,0.05,0,1
3272,28,Male,IT,HR Specialist,1,7790,19,8,Yes,2,1,3,1,1,1,0.37,1,0
3273,46,Male,Finance,Sales Executive,2,12778,11,9,Yes,28,9,3,2,4,4,0.6,1,0
3274,53,Male,Marketing,Manager,4,12581,3,4,Yes,7,1,1,4,4,4,0.87,0,0
3275,23,Female,Sales,Manager,3,2673,16,0,Yes,38,4,1,3,2,2,0.21,1,0
3276,55,Male,Sales,Technician,3,5701,15,0,No,1,2,2,3,4,2,0.88,0,0
3277,37,Female,HR,Manager,1,3360,9,6,Yes,18,1,4,1,3,4,0.8,0,0
3278,34,Male,Finance,Analyst,4,13258,2,5,No,12,1,3,2,2,3,0.65,0,0
3279,32,Female,Finance,Analyst,4,13338,0,9,Yes,8,2,2,4,2,1,0.86,0,1
3280,38,Female,Finance,Sales Executive,3,13809,5,8,No,20,0,3,2,2,2,0.33,0,1
3281,25,Male,Marketing,Engineer,4,5067,2,0,Yes,35,7,3,3,1,2,0.94,0,0
3282,31,Female,Marketing,Technician,5,12354,18,9,Yes,16,8,4,1,4,3,0.18,0,1
3283,56,Female,IT,Engineer,2,3444,6,9,Yes,33,0,4,1,4,2,0.58,1,1
3284,36,Male,R&D,Sales Executive,2,14217,8,9,Yes,25,4,3,4,4,4,0.47,0,1
3285,42,Female,R&D,Analyst,3,12352,11,9,Yes,19,7,4,1,1,3,0.75,1,1
3286,45,Female,R&D,HR Specialist,3,7487,13,6,Yes,35,1,2,3,1,2,0.35,1,1
3287,48,Female,IT,Consultant,4,7179,0,7,No,16,0,3,3,2,3,0.92,0,0
3288,52,Female,Finance,Technician,1,5353,12,9,Yes,16,4,4,1,1,1,0.1,0,0
3289,46,Male,R&D,Sales Executive,3,8380,1,3,Yes,25,0,3,3,1,1,0.61,0,1
3290,44,Female,Finance,Engineer,3,8781,2,0,No,32,5,4,4,2,3,0.07,1,1
3291,29,Female,HR,Sales Executive,3,8060,10,2,Yes,28,8,2,2,2,1,0.97,1,0
3292,42,Male,R&D,Sales Executive,4,9212,4,1,No,9,7,3,1,1,1,0.2,0,0
3293,40,Male,HR,Manager,5,7919,1,2,Yes,18,5,3,1,1,2,0.77,0,1
3294,40,Female,IT,Analyst,3,7860,13,5,Yes,23,3,3,1,4,1,0.73,1,1
3295,32,Male,Sales,Technician,5,3770,12,9,Yes,30,6,3,2,4,3,0.98,0,1
3296,56,Male,Marketing,Manager,4,7910,13,2,No,32,5,4,1,1,3,0.93,0,1
3297,52,Male,IT,Analyst,1,14736,2,9,No,24,6,2,2,3,1,0.87,0,0
3298,43,Male,IT,Sales Executive,2,11894,7,3,Yes,11,1,3,4,1,3,0.64,0,1
3299,30,Male,IT,Analyst,2,2194,12,0,Yes,26,6,2,4,4,2,0.52,1,0
3300,36,Male,R&D,Engineer,2,10766,11,5,Yes,11,9,3,1,2,2,0.2,0,0
3301,23,Male,HR,Technician,2,12821,17,1,Yes,20,3,3,1,1,3,0.63,0,1
3302,44,Male,Marketing,Manager,4,7854,17,3,No,18,4,2,3,3,4,0.72,0,0
3303,49,Male,R&D,Technician,2,7914,16,4,Yes,34,6,3,3,3,1,0.94,0,0
3304,28,Female,Sales,Sales Executive,4,6686,6,4,Yes,36,9,2,3,3,2,0.28,0,0
3305,40,Female,Marketing,Engineer,1,6643,12,3,Yes,4,1,3,2,4,2,0.36,0,0
3306,39,Female,IT,Analyst,3,10580,12,2,No,21,0,4,2,1,1,0.45,0,1
3307,38,Female,Finance,Consultant,3,9874,5,3,No,26,4,3,2,2,4,0.69,0,1
3308,38,Female,Sales,Analyst,3,3752,18,2,No,14,9,4,2,2,4,0.84,1,0
3309,31,Male,HR,Engineer,4,2660,18,2,Yes,26,0,3,1,1,4,0.26,0,1
3310,56,Male,Sales,Consultant,4,7615,15,3,Yes,13,5,4,2,1,1,0.54,0,1
3311,36,Female,R&D,Analyst,4,4832,2,8,No,26,1,1,2,1,4,0.25,1,0
3312,56,Female,Finance,Manager,1,14821,13,8,Yes,15,1,3,3,1,2,0.46,0,1
3313,58,Male,R&D,HR Specialist,5,10488,5,7,No,27,3,3,3,2,1,0.93,1,0
3314,47,Female,Marketing,Analyst,4,7613,16,3,No,23,9,3,3,3,3,0.88,0,0
3315,54,Male,IT,Sales Executive,4,8970,15,1,No,22,1,2,3,3,2,0.46,0,0
3316,37,Female,IT,Analyst,3,8870,1,8,Yes,10,8,3,2,2,1,0.37,1,0
3317,33,Male,Sales,Technician,2,2330,8,5,No,5,2,3,4,4,1,0.54,0,1
3318,54,Female,IT,Sales Executive,2,8777,12,7,Yes,4,7,2,2,4,2,0.73,0,0
3319,26,Male,IT,Analyst,1,14041,13,3,Yes,36,6,4,2,4,1,0.12,0,1
3320,32,Female,Marketing,Analyst,2,11476,19,7,Yes,16,6,3,3,1,1,0.23,1,1
3321,37,Female,HR,Sales Executive,5,11270,11,5,No,32,3,1,4,4,1,0.12,1,0
3322,56,Male,HR,Manager,3,7401,19,5,Yes,11,3,3,1,4,2,0.02,1,0
3323,32,Male,R&D,Consultant,1,8915,10,5,Yes,39,0,2,1,1,3,0.78,1,1
3324,55,Female,R&D,Consultant,2,11066,18,8,No,33,7,2,3,2,1,0.37,0,0
3325,50,Female,HR,HR Specialist,2,5866,9,0,Yes,35,0,4,1,4,2,0.76,1,0
3326,21,Male,Sales,HR Specialist,3,8113,17,0,No,4,3,3,3,2,2,0.5,0,0
3327,35,Male,HR,Consultant,1,12877,2,4,No,23,2,3,1,3,4,0.69,1,0
3328,28,Male,R&D,Manager,3,12681,15,0,Yes,3,0,3,3,2,3,0.5,0,1
3329,28,Female,Finance,Analyst,1,9426,17,9,Yes,20,6,4,3,1,4,0.49,0,0
3330,57,Female,IT,HR Specialist,2,3585,13,8,Yes,1,6,3,1,2,1,0.89,0,1
3331,30,Male,Marketing,Manager,3,13999,16,3,Yes,33,1,4,1,2,4,0.64,1,0
3332,41,Female,Finance,Manager,3,4940,4,1,No,10,9,4,1,4,2,0.11,0,0
3333,52,Female,Finance,HR Specialist,5,8289,16,2,No,3,4,3,4,2,1,0.57,0,0
3334,55,Male,IT,Consultant,3,14678,13,8,No,32,7,3,2,1,4,0.14,0,1
3335,42,Female,HR,Sales Executive,1,14660,2,7,No,38,0,1,2,1,4,0.58,1,1
3336,53,Male,Sales,Engineer,5,8405,14,2,Yes,31,8,1,4,3,1,0.66,1,1
3337,28,Male,Finance,Consultant,3,3502,11,7,No,21,6,2,4,2,2,0.19,1,0
3338,43,Female,Sales,Sales Executive,3,2745,16,3,No,24,6,4,4,1,4,0.16,0,0
3339,27,Female,Marketing,Consultant,5,4612,16,5,Yes,24,1,2,3,3,3,0.18,0,0
3340,26,Male,Marketing,Analyst,2,3508,18,3,Yes,10,7,3,2,4,2,0.82,0,1
3341,55,Male,Marketing,Sales Executive,3,3770,6,4,No,6,2,4,2,4,1,0.16,0,1
3342,37,Male,R&D,Technician,4,13971,4,9,No,28,9,4,1,1,4,0.78,0,1
3343,22,Female,Finance,Engineer,2,3961,1,8,No,1,6,3,1,4,3,0.02,1,0
3344,47,Male,Marketing,Consultant,3,11787,15,1,No,10,2,3,2,3,2,0.82,1,0
3345,25,Male,R&D,Engineer,2,14972,12,8,Yes,30,5,3,3,4,1,0.24,1,0
3346,40,Male,Marketing,Manager,1,9751,10,2,Yes,15,0,3,2,2,1,0.19,0,1
3347,47,Male,HR,Technician,2,12725,6,4,No,14,3,3,1,3,2,0.63,1,0
3348,59,Female,Finance,Analyst,5,5658,2,6,No,24,8,2,3,2,3,0.87,0,1
3349,20,Female,R&D,Manager,3,8977,5,1,Yes,10,6,3,3,2,2,0.72,0,0
3350,55,Male,Marketing,Sales Executive,2,8609,4,3,Yes,26,6,2,2,2,1,0.56,0,1
3351,40,Female,R&D,Sales Executive,4,2465,0,0,Yes,1,3,3,2,4,1,0.24,0,0
3352,54,Female,Marketing,HR Specialist,1,4069,0,2,Yes,20,9,2,4,2,2,0.41,0,1
3353,32,Female,HR,Manager,1,4443,17,5,No,29,0,1,2,3,4,0.86,0,0
3354,29,Male,Sales,Technician,2,11424,2,1,No,34,0,4,1,3,2,0.8,1,0
3355,29,Female,Marketing,Manager,5,10336,18,7,No,2,2,4,3,1,3,0.22,0,1
3356,32,Female,Sales,Manager,1,8563,9,6,No,2,6,3,3,3,1,0.88,0,1
3357,56,Male,Finance,Manager,2,9516,19,2,Yes,2,6,4,3,2,4,0.24,0,0
3358,57,Male,HR,Engineer,2,12544,10,0,No,8,4,3,2,1,1,0.98,1,0
3359,43,Female,Finance,HR Specialist,1,11999,7,9,Yes,25,8,3,1,3,2,0.74,1,1
3360,21,Female,Sales,Consultant,2,5048,19,3,No,18,1,4,3,2,1,0.71,0,0
3361,41,Male,HR,Analyst,2,6042,10,3,Yes,17,8,2,2,1,4,0.58,1,1
3362,36,Male,IT,Analyst,4,6139,4,4,No,30,8,3,3,3,1,0.86,1,0
3363,55,Male,HR,Analyst,2,6202,3,2,No,8,5,3,1,1,2,0.88,1,1
3364,33,Male,HR,Engineer,2,8124,12,1,No,29,3,2,2,4,2,0.25,0,1
3365,29,Female,IT,HR Specialist,5,14437,5,1,Yes,19,4,2,3,3,1,0.79,0,0
3366,54,Male,R&D,Technician,1,9773,1,7,No,37,5,4,3,3,3,0.17,0,0
3367,44,Female,R&D,HR Specialist,5,3287,5,6,No,24,3,4,1,1,2,0.39,1,0
3368,22,Female,R&D,Engineer,3,10301,9,0,No,18,8,3,1,1,2,0.91,1,1
3369,57,Female,Sales,Technician,5,9503,3,8,Yes,10,1,2,1,1,4,0.3,0,1
3370,36,Male,HR,Manager,3,6819,15,2,Yes,16,7,3,2,2,3,0.43,0,0
3371,31,Male,Marketing,Sales Executive,3,4790,9,2,No,5,8,3,1,4,1,0.42,1,0
3372,43,Female,IT,Manager,5,14615,0,0,Yes,15,3,4,1,2,1,0.57,0,0
3373,48,Female,Marketing,Analyst,4,2861,12,3,No,23,8,4,4,1,4,0.83,0,1
3374,44,Female,Sales,Manager,5,10652,13,9,Yes,31,1,3,3,4,3,0.55,0,1
3375,55,Female,IT,Engineer,1,3104,11,1,Yes,30,2,3,1,3,3,0.94,1,0
3376,45,Female,Marketing,Analyst,5,7374,12,2,Yes,7,9,1,4,1,3,0.87,0,0
3377,57,Male,Sales,Sales Executive,4,2743,0,0,No,20,4,3,3,2,2,0.61,0,0
3378,20,Male,Sales,Technician,5,4410,13,2,No,39,3,1,4,4,4,0.43,0,0
3379,39,Male,Sales,Technician,4,13984,7,3,No,3,2,3,1,1,2,0.32,0,1
3380,47,Female,IT,Analyst,1,6993,13,5,No,3,3,2,2,4,2,0.61,0,0
3381,35,Female,Marketing,Consultant,2,10634,0,2,No,31,8,4,3,1,4,0.81,0,1
3382,36,Male,Marketing,Consultant,4,3833,16,5,Yes,7,8,3,4,2,3,0.51,1,1
3383,59,Male,Finance,Manager,4,2885,15,1,Yes,1,4,4,4,3,3,0.88,0,0
3384,47,Female,Sales,Consultant,4,5604,11,7,Yes,27,6,4,4,4,1,0.29,0,1
3385,31,Male,R&D,HR Specialist,1,7357,19,4,No,1,7,2,1,3,3,0.86,0,0
3386,46,Male,HR,HR Specialist,3,14548,4,0,No,6,1,3,3,2,1,0.66,0,0
3387,49,Male,Finance,Technician,4,14567,17,5,No,20,8,2,3,2,2,0.29,1,0
3388,53,Female,Finance,HR Specialist,1,9089,3,2,No,39,8,3,4,1,4,0.41,1,1
3389,56,Female,IT,Analyst,2,5221,19,3,Yes,3,1,3,2,3,1,0.04,0,0
3390,25,Male,Finance,HR Specialist,4,10343,10,9,No,2,5,3,3,3,4,0.92,0,0
3391,26,Female,Marketing,Engineer,3,8937,7,7,Yes,32,3,4,3,2,4,0.77,0,0
3392,51,Male,IT,Technician,1,3596,8,7,No,20,0,3,1,3,4,0.61,1,1
3393,51,Male,IT,Sales Executive,2,11863,19,7,No,36,4,4,4,4,4,0.97,0,1
3394,44,Female,R&D,HR Specialist,3,11726,9,4,Yes,27,2,3,1,2,3,0.92,0,1
3395,52,Female,Sales,Engineer,2,11757,6,0,No,20,0,1,2,3,4,0.92,0,0
3396,26,Female,Finance,Engineer,3,11142,18,8,Yes,19,1,3,4,4,4,0.3,1,0
3397,31,Male,Sales,Analyst,5,13106,0,8,Yes,21,6,4,2,3,2,0.23,1,1
3398,35,Male,Sales,Technician,5,4492,4,7,Yes,20,0,2,2,2,4,0.74,0,1
3399,35,Male,Sales,Analyst,5,11533,5,2,Yes,5,2,2,1,1,1,0.33,1,1
3400,55,Female,IT,Sales Executive,2,10923,11,5,Yes,20,0,2,4,1,1,0.27,0,1
3401,32,Male,Sales,Sales Executive,5,6333,11,6,Yes,12,0,4,3,4,1,0.25,1,1
3402,26,Male,Finance,Manager,1,2538,13,3,No,10,7,3,4,4,1,0.07,0,0
3403,55,Male,IT,Sales Executive,1,10163,6,9,No,22,5,2,1,3,2,0.72,0,1
3404,28,Male,Finance,Technician,5,2768,19,6,No,38,3,4,3,1,2,0.01,0,0
3405,51,Female,IT,Consultant,3,4856,19,8,No,28,7,4,2,3,4,0.56,0,1
3406,30,Female,HR,Consultant,3,13917,13,5,No,12,6,4,3,1,3,0.27,0,0
3407,27,Female,HR,Technician,2,8905,15,1,Yes,39,8,4,4,1,4,0.67,0,1
3408,52,Male,HR,Analyst,3,4121,8,5,No,10,0,4,1,3,4,0.95,0,0
3409,42,Male,HR,Engineer,4,7553,1,2,No,35,9,4,4,4,2,0.69,1,1
3410,44,Male,IT,Manager,3,11926,16,6,No,37,4,3,4,1,3,0.38,0,0
3411,27,Female,Sales,Consultant,1,14583,3,2,No,17,5,2,2,4,4,0.18,0,0
3412,41,Female,R&D,Consultant,3,2013,13,7,No,27,5,2,1,4,3,0.34,0,0
3413,23,Female,Marketing,Sales Executive,2,6707,13,4,Yes,29,9,3,4,2,4,0.46,0,1
3414,59,Female,R&D,Engineer,3,13866,14,2,No,26,6,3,3,4,2,0.88,0,0
3415,22,Female,HR,Analyst,2,6490,11,0,Yes,9,4,2,3,1,3,0.98,0,1
3416,48,Male,Sales,HR Specialist,4,10382,12,4,Yes,12,4,3,2,3,4,0.93,0,1
3417,48,Female,Finance,Manager,5,7993,9,9,No,26,0,3,1,1,2,0.5,0,0
3418,53,Female,Sales,Technician,4,4864,15,9,No,33,9,3,1,2,1,0.47,0,1
3419,53,Female,Finance,Engineer,1,9605,14,2,No,32,4,3,4,2,3,0.27,1,0
3420,47,Male,R&D,Analyst,4,6102,7,3,No,11,9,3,4,4,4,0.38,0,0
3421,32,Female,Sales,Analyst,4,3104,3,9,No,29,0,4,2,1,2,0.92,0,0
3422,34,Female,Sales,Manager,1,4812,0,3,Yes,8,9,4,3,4,1,0.86,1,1
3423,42,Female,Marketing,Manager,1,8131,13,2,Yes,25,1,3,3,3,3,0.15,1,0
3424,45,Male,R&D,Sales Executive,5,2651,8,5,Yes,20,0,2,2,4,4,0.35,0,1
3425,23,Male,Sales,Sales Executive,5,8628,18,5,No,21,7,2,4,2,4,0.58,0,1
3426,45,Female,Finance,Technician,3,11572,5,0,No,4,7,3,3,2,4,0.11,1,0
3427,59,Female,Sales,Technician,2,9831,15,3,No,36,7,1,2,4,1,0.35,0,0
3428,28,Female,Finance,Manager,1,2801,10,0,No,29,9,3,4,4,1,0.58,1,1
3429,24,Female,HR,Manager,4,6544,10,6,No,19,9,3,1,4,1,0.45,0,0
3430,51,Male,Sales,Engineer,4,8428,13,6,No,26,0,1,4,3,4,0.86,0,1
3431,39,Female,Finance,Sales Executive,5,12313,10,5,No,36,3,3,3,2,2,0.59,1,0
3432,30,Male,R&D,Analyst,2,12176,13,1,Yes,25,0,2,2,2,1,0.67,1,1
3433,34,Female,HR,Consultant,1,6140,0,3,Yes,23,3,2,2,2,1,0.53,0,1
3434,51,Male,Sales,Consultant,5,3552,10,2,No,38,6,4,3,3,1,0.31,0,1
3435,47,Male,Marketing,Consultant,2,4792,17,7,Yes,28,9,2,2,4,4,0.59,0,0
3436,41,Female,Finance,Sales Executive,1,4723,16,1,Yes,11,6,3,2,4,1,1.0,0,0
3437,36,Male,Marketing,Sales Executive,4,7576,3,9,Yes,29,0,3,2,2,1,0.2,0,0
3438,45,Female,Sales,Manager,4,4022,13,1,No,20,9,3,1,4,4,0.72,0,0
3439,26,Male,Finance,Consultant,5,6670,7,0,No,9,1,3,2,3,3,0.71,0,0
3440,45,Male,Sales,Manager,2,11622,14,8,Yes,24,5,2,4,2,1,0.78,0,1
3441,44,Female,HR,Sales Executive,4,6188,15,2,Yes,13,5,3,2,2,3,0.44,0,0
3442,29,Female,HR,HR Specialist,2,12705,0,7,Yes,2,0,3,4,2,3,0.01,0,1
3443,38,Male,Sales,HR Specialist,5,2603,0,6,Yes,17,3,4,4,3,3,0.9,0,1
3444,30,Male,Sales,Technician,3,9028,9,0,Yes,27,8,3,1,2,1,0.26,1,1
3445,32,Female,IT,Sales Executive,2,9150,1,5,Yes,38,7,3,3,1,1,0.4,1,0
3446,27,Female,Sales,Consultant,2,8896,11,7,No,2,3,4,2,3,1,0.83,0,0
3447,59,Female,Sales,HR Specialist,5,10518,3,5,Yes,33,2,2,2,3,3,0.87,1,1
3448,23,Male,Marketing,Technician,3,14030,18,8,Yes,5,7,1,4,1,4,0.69,1,0
3449,50,Female,Marketing,Technician,4,7962,0,9,No,14,8,3,1,1,4,0.44,1,0
3450,47,Female,HR,Sales Executive,1,9978,0,2,No,27,0,1,2,2,1,0.64,0,1
3451,30,Male,Marketing,Technician,5,4775,8,5,Yes,36,9,1,1,3,2,0.43,0,0
3452,20,Female,Sales,Manager,1,5639,19,9,Yes,27,7,1,4,3,4,0.21,1,0
3453,57,Female,R&D,Manager,3,10782,12,3,Yes,14,4,3,1,1,2,0.34,0,0
3454,43,Female,Sales,Manager,3,3438,10,9,Yes,15,2,3,1,1,3,0.6,0,0
3455,50,Female,IT,Analyst,2,13762,18,2,Yes,27,9,2,3,4,2,0.09,0,1
3456,45,Male,Finance,Manager,1,2850,16,7,Yes,8,4,3,3,1,2,0.02,1,1
3457,24,Female,HR,Consultant,1,2439,2,6,Yes,21,9,3,4,1,1,0.0,0,1
3458,39,Female,Marketing,Manager,3,9800,19,6,No,34,3,3,4,2,2,0.11,0,1
3459,30,Female,R&D,Sales Executive,1,8857,12,4,Yes,28,0,2,4,4,3,0.14,1,0
3460,52,Female,Finance,HR Specialist,4,8575,18,0,No,24,7,4,4,4,1,0.68,0,0
3461,57,Female,R&D,Consultant,3,13187,19,5,Yes,17,6,2,1,1,4,0.4,1,1
3462,46,Female,HR,HR Specialist,2,14615,8,5,Yes,6,3,3,4,3,4,0.04,1,0
3463,53,Male,Marketing,Manager,2,11857,18,2,Yes,38,3,3,1,1,4,0.19,0,1
3464,34,Male,IT,Manager,2,4908,18,4,No,19,4,4,3,4,2,0.51,0,0
3465,51,Male,HR,Manager,1,7193,0,8,No,1,0,2,4,2,1,0.62,0,1
3466,40,Female,R&D,Technician,3,3257,16,6,No,38,3,3,3,3,2,0.99,0,1
3467,24,Female,R&D,Sales Executive,2,3544,13,7,No,26,4,3,2,1,1,0.52,1,1
3468,25,Female,HR,Sales Executive,3,3905,11,8,Yes,5,7,3,2,4,2,0.12,0,1
3469,57,Male,Sales,Sales Executive,1,13871,1,5,Yes,4,0,4,1,2,1,0.65,0,1
3470,41,Female,HR,HR Specialist,4,3815,2,4,No,25,3,3,3,3,3,0.61,0,0
3471,37,Male,Marketing,Consultant,4,4276,4,9,Yes,22,9,2,3,4,2,0.34,1,0
3472,33,Female,Marketing,Consultant,4,13508,2,4,Yes,13,9,3,2,2,3,0.66,0,0
3473,29,Female,IT,Analyst,1,3450,13,4,No,23,6,2,4,1,2,0.93,0,1
3474,32,Male,HR,HR Specialist,2,12239,17,3,No,33,4,2,1,3,3,0.02,0,0
3475,50,Male,Finance,Sales Executive,1,5544,4,1,Yes,25,0,3,4,3,1,0.21,0,0
3476,49,Male,Marketing,Engineer,3,6906,2,6,Yes,10,6,3,3,3,4,0.12,0,1
3477,22,Male,Marketing,Analyst,4,5634,1,6,No,18,0,4,3,2,4,0.71,0,0
3478,49,Male,Marketing,Manager,3,7848,8,7,Yes,27,1,4,3,4,2,0.66,0,1
3479,25,Male,Sales,Technician,1,10365,17,7,Yes,26,7,2,1,4,4,0.09,0,1
3480,48,Female,Finance,HR Specialist,5,11290,1,7,No,2,8,3,1,3,1,0.14,0,0
3481,27,Male,HR,Technician,5,3122,18,8,Yes,10,7,3,3,1,2,0.85,0,1
3482,52,Female,Sales,Analyst,1,12752,2,5,No,20,7,3,1,4,4,0.59,0,1
3483,36,Female,Marketing,Consultant,2,12234,17,3,Yes,38,5,3,4,4,2,0.51,0,0
3484,30,Female,Finance,Engineer,3,9284,13,1,Yes,3,6,2,2,4,4,0.53,0,0
3485,32,Female,Finance,Analyst,1,13970,12,4,Yes,10,3,4,2,1,3,0.17,0,0
3486,30,Female,Sales,HR Specialist,1,7352,15,5,Yes,28,4,3,2,4,4,0.4,1,0
3487,50,Male,Marketing,Sales Executive,5,4176,10,6,Yes,19,1,4,1,2,4,0.58,0,1
3488,47,Male,Sales,Manager,4,12613,11,5,Yes,17,9,3,2,2,2,0.49,0,0
3489,25,Male,R&D,Sales Executive,4,14523,2,3,Yes,23,3,2,3,3,3,0.43,0,0
3490,35,Female,Marketing,Sales Executive,2,6837,5,3,Yes,28,6,4,3,4,2,0.29,0,1
3491,23,Male,Sales,HR Specialist,2,8333,15,6,Yes,27,3,4,1,1,2,0.37,1,0
3492,54,Female,HR,Sales Executive,2,13964,11,0,Yes,32,5,4,2,4,4,0.68,1,1
3493,45,Female,Marketing,Sales Executive,5,8311,19,2,Yes,38,7,4,1,3,2,0.97,0,1
3494,31,Female,IT,HR Specialist,1,11884,5,9,No,12,4,2,4,2,3,0.9,0,0
3495,30,Female,Marketing,HR Specialist,2,2290,19,1,No,20,7,4,4,1,4,0.8,0,0
3496,56,Male,R&D,Engineer,5,14123,13,1,Yes,6,3,3,4,3,3,0.71,1,0
3497,44,Male,Sales,Sales Executive,3,9508,8,6,No,3,1,3,1,4,3,0.44,1,0
3498,37,Male,IT,Analyst,1,3418,16,4,Yes,3,8,1,4,4,1,0.39,1,0
3499,38,Male,R&D,Consultant,3,7593,11,2,Yes,23,1,3,4,1,2,0.66,0,1
3500,42,Male,HR,Manager,4,7310,0,8,Yes,9,6,4,1,1,4,0.18,1,1
3501,57,Female,Marketing,Technician,4,3988,19,8,Yes,33,5,3,3,4,1,0.93,0,1
3502,37,Male,IT,Manager,1,10759,7,2,No,36,1,3,1,2,3,0.12,0,1
3503,45,Female,Sales,HR Specialist,2,7638,11,1,Yes,12,2,1,3,3,1,0.11,0,1
3504,25,Female,Sales,Technician,1,7170,15,2,No,26,6,3,4,2,2,0.18,0,1
3505,23,Female,HR,HR Specialist,2,5038,0,8,Yes,37,5,3,1,4,3,0.07,0,1
3506,48,Male,R&D,Consultant,4,12537,2,7,Yes,10,5,3,2,4,2,0.05,1,0
3507,53,Female,IT,Consultant,1,13335,11,2,Yes,11,6,3,3,1,3,0.15,0,1
3508,36,Female,HR,Engineer,1,4303,3,3,Yes,19,4,3,1,2,1,0.33,1,1
3509,35,Male,R&D,Sales Executive,2,2308,9,4,Yes,5,0,3,2,4,4,0.57,0,0
3510,21,Female,Finance,HR Specialist,4,4138,1,3,No,24,4,3,1,2,3,0.54,0,1
3511,53,Female,Finance,Consultant,4,4196,8,1,No,35,8,3,2,3,3,0.07,1,1
3512,27,Female,R&D,HR Specialist,2,2461,2,8,No,28,1,3,3,4,3,0.7,0,0
3513,32,Male,Sales,Manager,2,14922,19,1,No,30,9,3,3,3,3,0.29,0,0
3514,27,Female,Sales,Sales Executive,2,5820,19,4,No,19,2,1,1,4,4,0.41,0,0
3515,49,Female,Finance,Engineer,4,9959,0,8,No,6,1,3,4,4,2,0.37,0,0
3516,51,Male,Sales,Consultant,4,6732,4,7,Yes,39,4,3,1,3,4,0.5,0,1
3517,55,Male,Sales,HR Specialist,1,2645,4,0,No,19,4,3,1,1,1,0.03,0,0
3518,49,Female,R&D,HR Specialist,4,14805,1,2,Yes,31,4,3,2,1,4,0.19,1,0
3519,20,Male,Marketing,HR Specialist,3,8014,14,9,No,11,5,2,4,4,4,0.15,1,0
3520,58,Male,R&D,Manager,3,11588,0,8,No,17,2,3,3,3,2,0.8,0,0
3521,36,Male,Sales,Consultant,2,5268,4,2,Yes,17,7,2,1,1,1,0.56,0,1
3522,39,Male,R&D,HR Specialist,2,14477,6,3,No,15,2,3,2,4,1,0.76,1,0
3523,43,Male,IT,HR Specialist,2,14066,10,2,Yes,6,1,3,2,4,2,0.71,0,1
3524,41,Male,Finance,Manager,1,9915,9,6,Yes,32,8,3,3,1,2,0.27,1,0
3525,48,Male,Marketing,HR Specialist,3,14366,1,8,Yes,11,5,3,4,3,2,0.51,1,1
3526,41,Female,IT,Sales Executive,3,11762,13,3,No,13,6,3,3,1,1,0.15,0,0
3527,28,Male,IT,Sales Executive,4,2815,4,8,No,17,0,4,4,4,1,0.78,0,1
3528,56,Male,Sales,Manager,3,3905,15,1,Yes,28,2,2,1,2,4,0.2,0,1
3529,29,Male,Sales,Sales Executive,4,10040,1,1,Yes,18,6,3,3,3,4,0.98,0,0
3530,55,Female,IT,Technician,1,14359,9,8,No,28,7,4,1,2,2,0.97,0,0
3531,56,Male,IT,Technician,2,12282,17,6,Yes,16,1,3,3,2,4,0.17,0,1
3532,47,Male,HR,Technician,2,6898,4,4,Yes,36,4,3,4,2,4,0.01,0,1
3533,47,Female,HR,Engineer,4,5204,16,4,No,20,4,3,4,4,3,0.12,1,0
3534,40,Male,Finance,HR Specialist,5,14062,10,8,No,39,8,2,2,2,4,0.41,1,0
3535,43,Female,IT,Engineer,4,3129,4,3,No,27,2,4,3,2,3,0.78,0,0
3536,59,Female,R&D,Sales Executive,1,12247,5,0,Yes,33,4,2,2,3,3,0.85,0,1
3537,21,Male,Marketing,Manager,3,3797,15,5,No,2,7,2,2,1,1,0.48,1,0
3538,27,Female,HR,Technician,4,5414,4,2,Yes,13,2,1,2,4,4,0.87,0,0
3539,46,Male,Sales,Manager,1,4484,15,1,No,2,5,3,1,1,4,0.88,0,0
3540,41,Male,IT,Engineer,2,8223,16,3,Yes,37,8,3,2,4,1,0.6,1,0
3541,56,Female,R&D,Sales Executive,5,9723,8,8,No,5,9,3,4,3,3,0.34,1,0
3542,46,Female,Marketing,Consultant,5,2688,1,7,Yes,6,3,4,1,1,3,0.74,0,0
3543,48,Male,R&D,HR Specialist,4,13655,18,6,No,32,6,2,2,1,2,0.67,0,1
3544,22,Male,R&D,Consultant,3,10767,16,1,Yes,24,7,2,2,4,2,0.47,0,1
3545,32,Female,Sales,Sales Executive,4,8431,4,0,Yes,17,5,2,1,4,3,0.77,1,0
3546,29,Male,HR,Technician,5,13202,1,6,No,9,0,1,3,1,3,0.82,0,0
3547,55,Male,R&D,Sales Executive,5,14094,10,9,No,2,5,4,4,1,3,0.65,0,0
3548,28,Male,Marketing,Manager,2,8001,0,4,Yes,9,3,2,1,2,4,0.02,0,1
3549,46,Female,HR,Analyst,3,9099,8,7,No,6,2,3,2,1,1,0.47,1,1
3550,53,Male,Finance,Technician,3,14513,5,4,Yes,19,2,3,4,1,4,0.44,0,0
3551,20,Male,Sales,Consultant,5,8421,10,9,Yes,33,2,2,4,4,1,0.89,1,1
3552,51,Male,HR,HR Specialist,5,9038,7,4,Yes,19,0,4,1,1,3,0.51,0,0
3553,44,Female,HR,Technician,4,14062,12,7,Yes,33,9,3,1,2,1,0.37,0,0
3554,48,Female,R&D,Technician,4,4839,11,8,No,30,9,1,4,1,1,0.31,0,0
3555,26,Female,Marketing,HR Specialist,2,5074,8,1,Yes,39,0,3,3,3,4,0.6,0,0
3556,22,Male,R&D,Consultant,5,14832,14,7,No,13,1,2,1,4,1,0.07,0,0
3557,39,Female,Marketing,Technician,4,4525,4,6,Yes,18,4,3,3,4,4,0.88,1,1
3558,39,Male,Sales,Manager,2,13673,14,7,Yes,2,6,3,1,1,3,0.62,0,1
3559,49,Female,HR,Sales Executive,3,4017,1,2,Yes,3,4,4,1,3,2,0.24,0,0
3560,54,Male,IT,Manager,5,5378,14,3,No,6,2,3,3,2,1,0.29,0,0
3561,54,Female,Marketing,Sales Executive,1,13477,19,6,No,28,4,4,3,2,3,0.9,0,1
3562,58,Male,Marketing,Analyst,5,13293,2,4,Yes,13,5,4,1,1,2,0.03,0,0
3563,46,Male,R&D,Technician,4,14706,9,6,Yes,20,3,2,3,1,3,0.3,0,0
3564,45,Female,R&D,Analyst,5,13800,6,5,Yes,32,3,3,1,1,4,0.29,1,0
3565,33,Male,Finance,Engineer,1,11243,9,3,Yes,31,0,2,4,1,4,0.75,0,0
3566,36,Female,Marketing,Consultant,5,14896,9,1,Yes,9,6,2,4,2,4,0.2,0,1
3567,37,Female,Sales,Sales Executive,4,10278,7,5,No,3,7,2,4,1,3,0.07,0,1
3568,48,Male,HR,Manager,3,5097,12,5,Yes,31,3,3,1,1,1,0.39,0,1
3569,39,Male,HR,Manager,4,12631,1,5,No,15,5,3,3,1,3,0.72,0,0
3570,46,Female,HR,Technician,2,9524,11,0,No,4,5,3,2,1,4,0.06,0,1
3571,37,Female,Marketing,Manager,4,8448,8,5,Yes,17,0,3,2,4,1,0.17,0,1
3572,23,Female,R&D,Engineer,2,3277,0,1,No,31,9,1,2,1,2,0.63,0,1
3573,20,Male,Sales,HR Specialist,5,8766,11,9,Yes,29,3,3,2,2,2,0.71,1,1
3574,20,Female,HR,Manager,2,10711,11,4,Yes,11,5,2,4,4,1,0.0,1,0
3575,45,Male,Marketing,Technician,5,8070,2,6,No,32,8,3,3,2,2,0.94,0,1
3576,39,Male,IT,Analyst,2,8996,7,9,No,3,3,4,1,4,1,0.38,1,1
3577,42,Female,Finance,Consultant,4,9353,12,0,Yes,1,8,3,4,1,4,0.36,1,1
3578,29,Female,Finance,Manager,1,10578,16,4,Yes,8,3,3,4,1,1,0.84,0,0
3579,30,Male,HR,Manager,5,9667,19,8,Yes,17,6,4,2,3,2,0.11,0,1
3580,24,Male,R&D,Manager,2,2013,9,2,No,8,6,3,1,4,4,0.23,0,0
3581,20,Male,Finance,Technician,1,9397,14,1,No,33,7,3,4,3,2,0.85,0,0
3582,36,Male,Finance,Consultant,2,6186,8,9,Yes,26,6,3,3,4,3,0.56,0,1
3583,41,Female,Finance,HR Specialist,2,5475,17,1,No,2,5,3,3,4,1,0.62,0,0
3584,53,Male,Finance,Manager,2,13768,7,2,No,29,2,3,2,1,2,0.31,0,1
3585,48,Female,HR,HR Specialist,4,2003,13,0,Yes,15,9,3,4,1,2,0.53,0,0
3586,23,Female,Marketing,HR Specialist,2,13261,10,1,Yes,30,6,3,1,4,2,0.84,1,0
3587,24,Female,Sales,Consultant,1,5290,12,5,Yes,12,5,3,3,3,4,0.98,1,1
3588,30,Male,Sales,Consultant,2,13851,15,7,Yes,2,9,3,2,3,4,0.39,0,1
3589,40,Male,R&D,Engineer,3,14130,13,3,Yes,21,7,2,1,4,3,0.16,0,1
3590,54,Female,Marketing,Analyst,5,14503,8,1,No,29,3,3,4,4,2,0.36,1,0
3591,31,Female,IT,Manager,4,9930,8,4,Yes,29,6,4,2,1,2,0.35,0,1
3592,45,Female,Sales,Manager,3,11794,18,2,No,16,6,2,4,2,1,0.35,0,1
3593,38,Female,IT,Manager,3,14991,4,4,Yes,31,2,3,1,2,2,0.25,1,0
3594,26,Male,Sales,HR Specialist,1,6826,14,2,Yes,33,7,3,4,2,4,0.55,0,0
3595,26,Female,Sales,Consultant,1,9540,10,3,Yes,2,9,3,1,3,4,0.97,1,0
3596,45,Male,R&D,Sales Executive,4,8160,18,4,Yes,4,1,2,4,3,3,0.05,1,0
3597,59,Male,Finance,Analyst,4,5973,5,6,Yes,39,2,1,4,1,1,0.57,0,0
3598,24,Male,R&D,Technician,5,12734,9,1,No,5,0,3,1,4,2,0.96,0,1
3599,40,Male,Sales,Manager,2,11834,15,5,Yes,2,1,3,3,4,4,0.42,0,0
3600,33,Female,Marketing,Sales Executive,4,11681,4,5,No,8,0,3,2,1,1,0.55,1,1
3601,23,Male,Finance,Sales Executive,4,8587,17,5,Yes,36,5,2,1,1,3,0.11,1,0
3602,42,Female,Marketing,Consultant,2,14250,18,6,No,6,4,4,1,1,4,0.59,0,1
3603,39,Male,Marketing,Sales Executive,5,8377,9,2,Yes,10,5,4,2,4,3,0.39,0,0
3604,34,Female,Marketing,Analyst,1,5233,9,4,No,36,2,1,4,2,3,0.73,0,1
3605,48,Female,Finance,Sales Executive,5,11887,11,8,Yes,4,6,4,3,3,2,0.5,1,0
3606,27,Female,Marketing,Technician,2,3386,2,8,Yes,39,3,3,2,3,4,0.11,0,1
3607,38,Female,Finance,Manager,1,9543,3,6,Yes,14,0,3,1,3,2,0.16,0,1
3608,58,Female,IT,Technician,1,6792,11,8,No,12,2,1,1,3,4,0.88,0,0
3609,47,Male,Sales,Manager,1,3197,6,2,Yes,17,4,3,2,4,4,0.6,0,0
3610,46,Female,HR,Engineer,5,4285,11,6,Yes,21,6,2,4,2,4,0.07,0,0
3611,23,Male,Marketing,HR Specialist,2,11179,2,0,Yes,13,8,3,2,4,3,0.31,1,0
3612,34,Female,R&D,Sales Executive,5,14181,17,6,Yes,33,4,2,3,1,3,0.76,0,1
3613,54,Male,IT,Technician,5,4959,18,2,No,13,0,4,1,3,2,0.58,0,1
3614,56,Male,R&D,HR Specialist,3,3261,4,2,Yes,9,4,3,1,4,2,0.88,1,1
3615,20,Male,HR,HR Specialist,4,14917,13,6,Yes,20,0,3,2,3,3,0.29,0,1
3616,22,Female,Finance,HR Specialist,5,11447,7,7,Yes,1,6,3,2,4,4,0.87,0,0
3617,43,Male,HR,HR Specialist,3,10779,14,3,No,13,8,4,1,3,3,0.42,1,0
3618,46,Female,R&D,HR Specialist,2,3540,15,0,Yes,22,5,2,1,1,4,0.97,0,1
3619,59,Female,HR,Manager,3,9897,17,4,No,13,3,4,3,4,1,0.85,0,1
3620,55,Male,Sales,Analyst,5,10985,10,9,No,35,5,3,4,3,1,0.92,1,0
3621,53,Male,HR,Sales Executive,2,14108,1,3,No,1,0,3,1,4,2,0.84,0,1
3622,48,Female,Marketing,Sales Executive,3,7663,9,8,Yes,33,3,4,4,4,4,0.74,0,1
3623,43,Female,Sales,Manager,5,8320,10,2,No,5,5,3,1,4,3,0.8,0,0
3624,43,Female,Marketing,Technician,2,9667,4,3,Yes,30,1,2,4,1,2,0.56,1,0
3625,23,Female,HR,Manager,2,12212,16,9,Yes,5,2,3,2,2,4,0.39,0,1
3626,22,Female,Sales,Consultant,4,2118,0,2,No,25,3,3,3,4,1,0.41,0,0
3627,53,Female,Sales,HR Specialist,5,3213,13,2,No,26,5,3,1,3,2,0.43,0,0
3628,42,Male,HR,Analyst,4,10805,14,6,No,19,2,3,4,1,4,0.5,1,1
3629,42,Female,IT,Sales Executive,2,14773,6,4,Yes,12,0,2,2,1,2,0.68,0,1
3630,24,Female,Finance,Technician,2,14609,7,4,Yes,8,5,3,1,4,4,0.37,0,1
3631,50,Male,Finance,Engineer,3,6234,15,3,No,10,7,1,1,3,2,0.68,0,0
3632,25,Male,Finance,Manager,4,9503,12,9,No,18,7,1,3,4,4,0.34,1,0
3633,56,Male,Sales,Engineer,1,5473,4,7,No,11,3,3,4,3,2,0.57,1,1
3634,29,Female,Finance,Sales Executive,5,13489,2,0,Yes,30,5,2,1,1,3,0.66,0,0
3635,59,Male,Sales,Manager,4,3289,12,8,No,5,0,3,2,3,3,0.39,1,0
3636,26,Male,IT,Sales Executive,2,4380,18,8,No,24,5,2,1,4,2,0.54,0,0
3637,58,Female,HR,Manager,3,2223,11,4,Yes,13,0,4,4,2,1,0.02,0,0
3638,57,Female,HR,Technician,5,14859,18,0,No,36,3,2,2,4,3,0.48,0,0
3639,40,Female,Sales,Sales Executive,5,13015,16,1,Yes,27,8,3,4,1,4,0.82,0,0
3640,39,Female,Sales,Consultant,3,13206,10,1,No,32,5,3,1,1,4,0.3,0,0
3641,22,Male,IT,Engineer,2,7679,2,5,Yes,14,3,3,2,3,2,0.27,0,1
3642,41,Female,Finance,Analyst,1,4640,1,9,Yes,2,9,3,2,4,3,0.77,0,0
3643,23,Male,IT,Technician,3,11178,13,8,Yes,4,3,3,4,1,4,0.32,1,1
3644,47,Female,HR,Consultant,1,3023,16,2,No,11,3,3,1,3,4,0.39,0,0
3645,31,Male,HR,Technician,4,3543,1,7,No,37,9,2,2,3,2,0.82,0,0
3646,57,Female,Marketing,Manager,5,9004,17,1,No,38,6,1,2,3,3,0.06,1,0
3647,55,Female,Finance,Engineer,2,11464,14,4,Yes,37,8,3,1,4,3,0.93,0,0
3648,24,Female,HR,Sales Executive,1,3779,11,3,Yes,13,5,4,4,1,4,0.2,0,0
3649,32,Male,Marketing,Engineer,2,3700,15,4,No,9,6,3,4,3,4,0.22,1,0
3650,42,Male,Sales,Technician,4,14122,15,3,Yes,27,3,3,1,4,2,0.77,0,0
3651,49,Male,HR,Manager,1,9999,6,0,No,2,4,2,4,3,3,0.12,0,1
3652,56,Female,R&D,Engineer,2,12426,5,0,Yes,27,8,4,1,3,4,0.14,1,1
3653,44,Male,Finance,Consultant,2,14536,13,5,Yes,12,7,3,3,3,3,0.09,1,1
3654,46,Female,Marketing,Sales Executive,4,13390,7,7,No,12,9,3,2,3,2,0.6,0,1
3655,33,Female,Finance,HR Specialist,3,13351,19,6,Yes,3,1,3,4,1,2,0.84,0,0
3656,55,Female,Finance,Technician,4,5983,18,3,Yes,26,7,3,2,4,2,0.18,0,1
3657,58,Male,R&D,Analyst,1,11215,18,4,Yes,15,2,2,3,3,2,0.4,0,0
3658,35,Female,IT,Analyst,1,9385,11,7,No,27,1,3,3,2,1,0.68,0,0
3659,41,Male,Sales,Technician,5,9594,8,5,Yes,35,1,1,2,2,4,0.31,0,1
3660,40,Female,Finance,HR Specialist,2,8158,8,7,No,13,3,2,1,2,4,0.19,0,0
3661,40,Female,HR,Manager,1,5839,4,5,No,5,0,2,4,1,3,0.91,1,0
3662,27,Female,Sales,Engineer,3,2825,13,7,Yes,17,4,4,4,4,2,0.7,0,0
3663,35,Male,HR,Engineer,3,4736,0,3,No,19,6,3,3,4,2,0.93,0,0
3664,50,Male,Sales,HR Specialist,4,5406,2,9,No,20,1,3,3,1,1,0.78,0,1
3665,29,Female,Sales,Consultant,1,4774,10,1,No,23,4,3,1,1,3,0.35,0,1
3666,51,Male,Marketing,HR Specialist,1,6632,3,2,Yes,12,3,3,1,1,1,0.03,0,1
3667,53,Male,HR,Sales Executive,5,10683,19,4,No,32,5,1,2,3,4,0.47,0,0
3668,28,Female,HR,Sales Executive,5,12051,0,3,Yes,29,0,3,4,2,4,0.37,0,0
3669,36,Female,Sales,Analyst,5,12531,5,4,No,5,0,1,1,2,2,0.51,0,0
3670,30,Male,Finance,Manager,1,10783,9,0,Yes,2,1,1,4,3,3,0.01,0,0
3671,51,Female,HR,Manager,4,4734,3,0,Yes,6,3,1,3,1,4,0.53,0,0
3672,29,Female,R&D,Consultant,4,8887,16,1,No,21,0,4,2,3,3,0.41,0,0
3673,41,Male,R&D,HR Specialist,4,3492,4,1,No,35,4,2,2,2,3,0.68,0,0
3674,36,Male,Sales,Analyst,4,11139,1,7,No,15,5,1,2,4,3,0.27,0,0
3675,23,Female,IT,Analyst,3,11767,0,9,No,18,9,1,1,1,4,0.82,1,1
3676,44,Male,Sales,Sales Executive,1,2682,15,3,No,2,3,3,1,3,2,0.93,1,0
3677,40,Male,Sales,Engineer,2,10820,6,5,Yes,5,6,3,1,2,1,0.17,1,0
3678,56,Female,Finance,Consultant,1,14880,2,1,No,37,4,2,1,2,3,0.65,0,1
3679,57,Female,Finance,Manager,4,6482,13,0,Yes,6,8,2,3,1,1,0.63,1,1
3680,20,Female,Marketing,Consultant,3,6747,18,6,No,19,8,3,3,4,1,0.34,1,1
3681,44,Female,IT,Analyst,3,4240,15,3,No,16,3,3,4,4,1,0.11,1,0
3682,55,Male,IT,Sales Executive,1,13946,5,3,Yes,12,9,3,2,2,4,0.67,0,0
3683,36,Male,IT,Sales Executive,2,2100,0,1,Yes,24,5,4,3,2,3,0.46,1,1
3684,43,Female,IT,Sales Executive,4,3093,6,8,Yes,9,1,3,4,3,2,0.19,0,0
3685,21,Female,IT,Consultant,3,12683,10,1,Yes,3,1,3,4,2,3,0.06,1,0
3686,59,Female,Sales,Engineer,4,5772,17,4,No,17,2,2,1,3,1,0.95,1,0
3687,34,Female,Sales,Analyst,4,10624,8,5,No,30,9,4,4,2,1,0.41,0,1
3688,51,Male,Marketing,HR Specialist,4,7334,2,2,Yes,27,1,1,4,4,1,0.75,0,1
3689,58,Male,R&D,HR Specialist,5,2536,7,2,Yes,24,8,3,1,1,1,0.14,0,0
3690,25,Female,R&D,Sales Executive,4,2600,7,5,Yes,39,3,3,3,3,2,0.62,0,1
3691,20,Female,Marketing,Sales Executive,4,11858,0,4,Yes,7,4,2,3,2,4,0.03,0,1
3692,42,Male,Marketing,Engineer,2,4755,9,4,Yes,9,1,2,3,1,3,0.42,0,0
3693,58,Male,HR,Sales Executive,2,10510,14,4,No,16,7,3,1,2,4,0.25,0,0
3694,36,Male,Sales,Technician,5,9516,9,8,Yes,11,7,3,4,3,1,0.34,0,1
3695,53,Male,IT,Analyst,5,6941,7,7,Yes,9,6,3,1,1,2,0.62,0,0
3696,48,Female,HR,Sales Executive,4,9508,1,3,Yes,1,6,4,4,4,2,0.35,0,1
3697,28,Male,Finance,Sales Executive,3,12054,17,5,No,35,6,3,2,4,3,0.25,0,0
3698,32,Male,Sales,Analyst,3,13924,1,4,Yes,20,7,4,2,1,1,0.71,0,1
3699,25,Male,Marketing,Manager,1,3527,18,5,No,8,3,1,2,2,2,0.54,0,0
3700,25,Female,R&D,Technician,3,10262,8,7,Yes,7,5,1,3,3,3,0.63,0,0
3701,39,Female,Sales,Technician,3,7248,9,5,Yes,37,7,4,3,4,3,0.38,1,0
3702,22,Male,Marketing,HR Specialist,2,2443,3,5,Yes,37,7,3,1,3,2,0.26,0,0
3703,36,Male,Sales,Sales Executive,1,14886,0,1,Yes,20,3,3,3,3,2,0.25,0,0
3704,31,Female,Sales,Analyst,1,10578,10,6,No,5,0,1,1,3,4,0.99,0,1
3705,20,Female,Sales,HR Specialist,2,7674,1,2,Yes,12,1,1,1,1,4,0.67,1,1
3706,36,Male,Finance,Consultant,3,7195,3,6,No,21,3,3,3,3,4,0.1,1,0
3707,22,Female,R&D,Consultant,3,3869,14,4,No,20,8,3,3,4,1,0.64,0,1
3708,45,Male,Sales,Engineer,1,6648,19,3,Yes,5,2,3,1,2,3,0.1,0,1
3709,34,Female,Marketing,Consultant,3,12203,12,9,Yes,23,4,2,1,3,3,0.3,1,0
3710,55,Male,Finance,Consultant,1,13113,0,0,No,7,0,4,1,4,1,0.85,1,1
3711,51,Male,HR,Manager,3,13543,1,7,Yes,1,4,2,4,4,1,0.91,0,1
3712,51,Female,Sales,Sales Executive,4,2279,5,1,Yes,25,0,3,3,1,3,0.86,1,1
3713,23,Male,Finance,Manager,2,2770,6,9,No,19,5,3,1,4,3,0.55,0,0
3714,37,Female,IT,Sales Executive,5,7562,18,7,Yes,2,0,4,2,2,1,0.45,0,0
3715,38,Female,HR,Sales Executive,4,2953,3,6,No,12,1,4,1,4,2,0.25,0,1
3716,54,Female,R&D,Sales Executive,3,14616,17,2,No,25,8,3,4,1,3,0.8,1,0
3717,59,Male,Sales,Manager,5,3559,8,6,Yes,32,2,3,3,4,2,0.62,1,0
3718,33,Male,Sales,Technician,4,12689,10,0,No,18,8,3,1,3,3,0.53,0,0
3719,52,Male,Finance,Engineer,2,5446,4,4,Yes,31,3,2,2,4,3,0.26,0,1
3720,33,Female,R&D,Technician,5,13559,0,1,No,9,4,4,3,1,2,0.31,1,0
3721,53,Male,IT,Analyst,5,13739,1,1,No,21,6,3,4,3,1,0.25,0,0
3722,23,Male,HR,Analyst,2,8982,2,2,Yes,39,3,3,1,2,1,0.64,0,0
3723,43,Male,Marketing,Consultant,4,4440,16,6,Yes,7,9,4,1,2,3,0.61,0,0
3724,48,Male,R&D,Technician,5,2108,1,1,No,13,9,3,3,3,2,0.17,0,1
3725,38,Female,Sales,Engineer,2,6454,0,3,No,20,5,3,3,3,2,0.33,0,0
3726,25,Male,Finance,Consultant,4,11147,1,3,Yes,13,8,2,1,3,2,0.02,0,0
3727,52,Female,IT,Engineer,3,9078,7,0,No,28,7,2,1,1,4,0.18,0,0
3728,59,Female,Finance,Sales Executive,1,5360,12,6,No,37,0,3,4,1,3,0.53,1,1
3729,38,Female,HR,Sales Executive,3,5489,13,3,Yes,25,5,4,3,2,3,0.38,0,1
3730,20,Female,R&D,Analyst,3,2317,11,0,Yes,26,8,2,3,4,2,0.59,0,0
3731,24,Male,Finance,Sales Executive,1,2340,8,2,No,33,2,4,4,2,4,0.42,0,0
3732,46,Male,Marketing,Consultant,3,6444,18,7,Yes,27,2,3,1,3,2,0.09,0,0
3733,35,Male,Marketing,Sales Executive,3,4074,19,3,No,15,9,4,3,2,4,0.67,1,1
3734,25,Female,Finance,Engineer,2,10829,6,0,No,3,4,3,3,2,2,0.94,0,1
3735,59,Male,Sales,Manager,2,14688,9,6,No,29,8,2,4,3,2,0.27,0,1
3736,32,Female,Finance,Technician,4,7678,2,7,Yes,31,2,3,4,1,3,0.21,1,1
3737,54,Male,IT,HR Specialist,5,14655,18,4,Yes,18,4,3,1,1,1,0.84,0,0
3738,38,Male,R&D,HR Specialist,4,12582,16,8,Yes,24,4,2,1,3,1,0.27,1,1
3739,31,Male,HR,Sales Executive,2,7484,7,6,No,39,7,3,3,3,1,0.38,0,0
3740,35,Female,Marketing,Sales Executive,2,14180,17,3,No,8,1,3,4,4,1,0.22,0,0
3741,29,Male,Finance,Technician,1,13385,6,8,No,29,7,4,2,2,1,0.63,0,0
3742,44,Female,IT,HR Specialist,1,14128,6,5,Yes,37,0,2,4,2,1,0.45,0,0
3743,39,Female,Marketing,Engineer,2,14473,19,7,No,37,4,3,3,2,4,0.37,0,0
3744,50,Female,Marketing,HR Specialist,3,8979,15,1,No,9,2,4,3,1,4,0.26,0,0
3745,23,Male,HR,HR Specialist,4,4366,14,4,No,30,4,1,2,1,2,0.95,0,0
3746,42,Male,Marketing,Consultant,2,13194,13,2,No,15,8,3,4,2,2,0.09,0,1
3747,21,Female,IT,HR Specialist,2,14881,15,4,No,12,0,2,2,3,1,0.27,1,1
3748,41,Female,Marketing,Sales Executive,1,3565,8,7,No,27,5,4,2,4,1,0.35,0,1
3749,56,Female,Marketing,Consultant,4,10984,9,5,Yes,31,9,3,2,3,4,0.82,0,0
3750,27,Female,Finance,Sales Executive,4,5704,14,0,Yes,13,5,2,3,3,3,0.95,0,1
3751,26,Female,Finance,Technician,5,12592,9,6,Yes,15,6,4,2,1,3,0.01,0,1
3752,33,Male,R&D,HR Specialist,2,10546,1,9,No,5,9,2,1,2,3,0.96,0,0
3753,22,Male,Sales,Sales Executive,5,6201,4,0,Yes,25,9,3,3,3,1,0.96,0,0
3754,35,Male,IT,Technician,1,14087,7,0,No,12,4,3,1,4,4,0.91,1,1
3755,38,Female,Sales,HR Specialist,5,14705,5,3,No,9,6,3,1,4,4,0.92,0,1
3756,37,Female,Sales,Engineer,3,14209,5,8,Yes,26,1,4,3,1,3,0.8,1,0
3757,35,Male,Marketing,Sales Executive,2,14929,0,7,No,37,1,3,3,3,4,0.3,0,1
3758,27,Male,HR,Manager,2,12444,15,9,No,9,9,3,4,1,3,0.8,0,0
3759,52,Female,HR,Technician,4,10756,17,2,No,5,7,3,3,2,1,0.49,0,0
3760,31,Female,Marketing,Sales Executive,5,5453,2,5,Yes,7,5,2,2,4,1,0.54,1,1
3761,30,Female,IT,Engineer,4,11494,6,0,No,31,4,1,4,3,1,0.02,0,0
3762,24,Male,Sales,Engineer,5,11942,11,9,No,37,2,3,2,4,4,0.48,0,1
3763,46,Female,R&D,Sales Executive,5,4590,9,0,Yes,7,3,3,1,1,2,0.27,0,1
3764,31,Female,Sales,Analyst,1,9617,9,5,No,5,7,2,3,2,1,0.34,1,0
3765,36,Female,HR,Technician,5,2257,8,4,Yes,17,9,4,1,4,4,0.48,1,1
3766,25,Male,Sales,HR Specialist,4,11787,10,5,No,11,6,4,4,1,3,0.69,1,1
3767,52,Female,Finance,HR Specialist,5,8221,18,8,Yes,37,8,4,1,3,1,0.08,1,1
3768,24,Male,Finance,Engineer,5,3046,7,4,Yes,36,2,3,4,3,2,0.6,1,1
3769,47,Female,R&D,Sales Executive,2,8646,17,1,Yes,27,5,1,2,3,2,0.3,1,1
3770,33,Female,IT,Analyst,2,4232,3,0,No,1,6,3,3,1,3,0.83,1,0
3771,24,Male,Sales,Technician,2,12786,1,1,No,1,1,3,2,3,2,0.89,0,1
3772,52,Female,Finance,Manager,3,6077,12,7,No,14,3,4,4,3,4,0.1,0,1
3773,38,Male,IT,HR Specialist,2,13776,13,0,No,28,0,3,4,3,3,0.87,1,0
3774,41,Female,Finance,Consultant,3,11832,19,5,Yes,1,3,3,2,3,2,0.54,0,1
3775,24,Male,IT,Technician,3,11903,14,4,Yes,8,1,3,2,3,2,0.16,1,0
3776,21,Female,IT,Technician,4,2048,12,9,Yes,26,6,4,2,4,1,0.01,0,0
3777,49,Male,Finance,Analyst,2,10359,5,8,No,36,0,2,3,1,4,0.6,0,1
3778,58,Male,Marketing,Technician,5,3853,19,3,No,29,5,3,2,4,2,0.53,0,0
3779,23,Female,HR,HR Specialist,1,14046,5,4,Yes,4,2,3,1,3,2,0.72,0,1
3780,52,Male,IT,Sales Executive,5,5741,0,4,Yes,2,7,3,2,2,1,0.51,0,0
3781,32,Female,Marketing,HR Specialist,2,4068,14,1,Yes,30,7,3,4,3,1,0.02,0,1
3782,39,Male,Sales,Manager,5,10583,5,1,Yes,20,6,3,4,1,2,0.43,1,0
3783,26,Female,Marketing,Sales Executive,2,13142,14,8,Yes,30,6,1,4,3,4,0.84,0,1
3784,34,Female,Finance,Engineer,2,9457,14,2,Yes,18,0,3,2,4,1,0.38,1,0
3785,42,Female,Marketing,Analyst,5,7823,13,5,Yes,30,8,2,2,3,2,0.26,0,1
3786,33,Female,HR,HR Specialist,3,11641,9,3,Yes,35,2,3,3,1,2,0.29,0,1
3787,42,Male,Finance,Sales Executive,4,2228,7,3,No,1,7,3,2,1,2,0.11,1,1
3788,38,Female,R&D,Technician,4,5252,3,4,Yes,3,1,3,4,3,4,0.38,1,0
3789,48,Female,Sales,Sales Executive,4,2351,5,4,Yes,23,0,3,2,3,4,0.78,0,1
3790,39,Female,R&D,HR Specialist,4,4272,19,6,No,22,0,3,1,4,1,0.06,0,1
3791,48,Female,Marketing,Engineer,1,6037,16,6,No,15,7,4,2,1,1,0.92,0,0
3792,43,Female,IT,HR Specialist,2,10425,6,0,No,16,8,2,2,4,2,0.45,0,0
3793,37,Male,Marketing,Engineer,1,10457,11,5,No,27,2,2,4,1,1,0.66,0,1
3794,29,Female,IT,Technician,4,2857,3,3,No,32,6,3,3,3,3,0.37,1,0
3795,27,Male,R&D,HR Specialist,4,10690,13,1,Yes,34,1,2,4,1,1,0.27,1,1
3796,45,Male,R&D,Sales Executive,5,11068,3,5,Yes,12,7,4,4,3,4,0.09,0,1
3797,48,Female,IT,Manager,4,12450,15,6,No,18,2,4,2,4,4,0.47,0,1
3798,29,Female,HR,Manager,2,6194,0,1,No,18,9,2,4,4,4,0.42,1,0
3799,36,Male,Sales,Technician,4,11836,17,1,Yes,4,9,3,2,3,1,0.57,1,0
3800,21,Male,Finance,Consultant,4,4392,18,9,No,34,4,4,2,2,1,0.4,0,0
3801,25,Male,R&D,Consultant,1,5324,9,6,Yes,39,6,1,1,2,4,0.45,0,1
3802,24,Female,Sales,Sales Executive,2,13143,4,8,No,19,8,1,4,3,4,0.79,1,0
3803,47,Male,Finance,Manager,3,14811,12,2,Yes,31,0,4,2,1,3,0.13,1,0
3804,24,Male,Marketing,Technician,5,8261,5,2,No,31,4,3,3,1,2,0.41,1,0
3805,37,Female,Finance,Engineer,3,12839,3,7,No,20,0,3,3,2,2,0.14,0,0
3806,45,Male,R&D,Sales Executive,1,6951,15,1,No,20,1,3,1,2,3,0.94,0,0
3807,39,Female,HR,Consultant,4,12448,7,8,No,32,9,3,2,3,1,0.83,0,1
3808,46,Male,HR,Engineer,5,3432,15,6,No,20,3,2,4,3,1,0.85,1,1
3809,31,Female,Sales,Sales Executive,2,2480,10,7,Yes,16,9,3,4,1,4,0.14,0,1
3810,26,Male,Marketing,Engineer,5,10191,0,8,No,19,2,3,4,2,1,0.88,0,0
3811,22,Female,Sales,Engineer,1,4970,17,2,No,31,9,3,1,2,4,0.14,0,0
3812,29,Female,IT,Manager,4,3665,3,5,Yes,13,4,4,2,1,4,0.47,0,0
3813,53,Male,HR,Sales Executive,1,2328,10,7,No,20,5,1,3,4,4,0.1,1,1
3814,44,Female,Sales,HR Specialist,2,5254,19,0,No,12,0,2,2,1,3,0.93,0,1
3815,54,Male,IT,Manager,3,10608,9,5,Yes,26,8,1,1,2,1,0.98,0,0
3816,35,Female,Marketing,Engineer,4,9250,15,2,Yes,35,9,4,4,4,3,0.42,0,1
3817,21,Female,Finance,Engineer,4,4301,9,7,No,10,1,2,1,3,1,0.95,1,0
3818,43,Female,Sales,Consultant,1,2944,4,8,No,12,7,3,3,4,2,0.09,1,0
3819,29,Female,IT,HR Specialist,1,4052,17,4,No,24,8,2,1,3,1,0.91,1,1
3820,57,Female,HR,Consultant,1,12542,10,1,No,9,0,1,3,4,3,0.34,0,0
3821,41,Female,Finance,HR Specialist,4,11171,2,6,Yes,5,1,2,3,3,2,0.67,0,0
3822,45,Female,Sales,Engineer,1,9703,8,5,Yes,31,2,2,4,1,2,0.36,0,1
3823,58,Male,HR,HR Specialist,5,11848,14,5,Yes,34,8,3,4,4,2,0.6,0,1
3824,46,Male,Finance,Analyst,5,12846,18,0,No,11,2,1,1,1,3,0.23,0,1
3825,48,Female,R&D,Consultant,5,3451,18,0,Yes,9,5,3,3,2,1,0.63,0,1
3826,57,Female,HR,Consultant,4,13203,4,5,No,22,8,3,1,1,1,0.51,0,1
3827,39,Female,R&D,Manager,1,12975,5,5,Yes,28,6,2,2,2,4,0.36,0,0
3828,46,Male,Marketing,Sales Executive,2,9918,3,3,No,16,9,2,4,1,4,0.44,0,0
3829,39,Female,Sales,Consultant,1,6003,11,7,Yes,10,5,2,3,2,3,0.5,0,0
3830,38,Male,IT,HR Specialist,4,3586,4,8,Yes,34,1,2,4,4,1,0.42,0,0
3831,39,Female,Sales,HR Specialist,5,2389,2,5,Yes,15,5,3,4,3,4,0.07,0,1
3832,54,Female,HR,Analyst,4,5728,9,9,Yes,18,9,3,2,3,3,0.79,0,1
3833,21,Female,R&D,Sales Executive,1,11041,12,7,Yes,31,0,4,4,4,1,0.66,0,0
3834,49,Female,R&D,Analyst,4,10007,3,7,No,5,6,4,2,3,2,0.68,1,0
3835,53,Female,Finance,Sales Executive,2,11010,7,1,Yes,33,5,3,3,4,2,0.05,0,0
3836,41,Male,Sales,Consultant,4,5635,0,3,Yes,29,7,2,4,2,3,0.77,0,1
3837,22,Female,Sales,Consultant,3,14299,19,0,Yes,3,1,3,4,4,3,0.78,1,1
3838,25,Male,HR,Manager,4,8480,1,0,No,23,0,3,1,4,3,0.79,1,0
3839,34,Male,R&D,HR Specialist,1,4654,3,5,No,10,8,3,1,4,2,0.61,0,0
3840,46,Female,HR,Manager,3,14146,0,6,No,32,8,1,2,4,1,0.51,0,0
3841,29,Female,HR,Sales Executive,5,6106,6,4,Yes,27,9,3,1,2,4,0.87,1,0
3842,28,Female,Marketing,HR Specialist,1,10681,4,7,Yes,36,6,2,3,3,3,0.58,1,0
3843,52,Male,R&D,Consultant,2,4319,12,8,Yes,24,0,3,2,1,4,0.09,1,0
3844,51,Male,HR,Analyst,4,13120,12,3,Yes,20,1,4,1,2,4,0.35,1,0
3845,25,Male,R&D,Consultant,4,13355,7,0,No,3,8,2,4,4,4,0.71,1,0
3846,55,Female,HR,Consultant,1,8152,16,5,No,5,4,4,1,1,3,0.41,1,1
3847,21,Male,IT,Engineer,4,4934,9,0,Yes,3,1,2,2,3,4,0.8,0,0
3848,48,Male,HR,Analyst,4,11338,9,1,Yes,6,4,3,1,4,2,0.47,0,1
3849,23,Male,HR,Engineer,5,4823,1,3,Yes,15,0,3,1,3,4,0.39,0,0
3850,20,Female,IT,Analyst,4,4505,5,3,Yes,6,9,2,2,1,2,0.35,0,1
3851,38,Male,Sales,Sales Executive,4,9079,0,5,Yes,23,4,3,2,2,4,0.31,1,1
3852,45,Male,R&D,Manager,5,9798,17,7,Yes,30,6,3,3,4,3,0.48,1,1
3853,44,Female,Finance,Engineer,4,9869,2,2,Yes,39,7,4,2,1,2,0.6,0,1
3854,29,Female,IT,Sales Executive,5,8934,6,5,No,21,2,2,2,3,2,0.92,0,1
3855,34,Female,Sales,Manager,2,11003,15,2,Yes,37,3,3,2,1,1,0.73,0,1
3856,41,Male,HR,Manager,4,2055,2,1,Yes,22,1,4,3,4,1,0.21,0,1
3857,40,Male,Marketing,HR Specialist,1,10899,5,3,Yes,2,0,3,4,2,3,0.45,0,0
3858,41,Male,Sales,Consultant,3,3009,3,3,No,14,9,3,2,3,2,0.31,0,1
3859,55,Female,IT,HR Specialist,2,6118,15,1,No,18,7,2,2,1,1,0.24,1,0
3860,53,Male,Marketing,Consultant,4,14040,2,2,Yes,15,6,3,2,1,1,0.66,0,0
3861,49,Female,HR,HR Specialist,1,5316,3,8,Yes,37,7,3,4,1,3,0.11,0,0
3862,44,Female,Sales,Engineer,3,5489,10,9,No,2,4,2,2,2,2,0.03,0,1
3863,47,Male,Finance,Engineer,5,6326,16,8,No,20,4,3,3,4,2,0.41,0,0
3864,20,Male,R&D,Consultant,4,6305,18,9,No,10,0,3,1,4,3,0.14,0,0
3865,23,Male,R&D,Manager,5,7281,7,6,No,5,8,3,3,1,4,0.51,0,1
3866,26,Female,IT,Engineer,2,11592,13,1,No,32,2,2,4,1,3,0.55,0,0
3867,28,Female,HR,Manager,3,3193,15,4,No,2,0,2,4,1,1,0.17,0,0
3868,55,Male,HR,Sales Executive,3,6994,18,7,Yes,5,3,3,4,4,1,0.7,0,0
3869,38,Female,R&D,Analyst,5,9506,15,0,No,21,3,3,1,2,3,0.11,0,0
3870,20,Male,Sales,Manager,5,9969,9,0,Yes,18,7,2,1,1,3,0.62,0,1
3871,29,Male,HR,Manager,2,3497,14,5,Yes,4,9,3,3,4,3,0.65,0,0
3872,55,Male,Finance,Sales Executive,1,11442,3,6,Yes,32,9,1,1,4,2,0.81,0,1
3873,28,Female,Finance,Consultant,4,11064,3,6,No,36,4,4,4,2,4,0.89,0,0
3874,51,Female,HR,HR Specialist,1,4410,12,2,Yes,4,9,4,4,2,2,0.67,1,0
3875,51,Male,HR,Technician,3,13742,11,9,No,17,4,3,2,3,1,0.62,1,1
3876,25,Male,R&D,Consultant,4,11770,14,3,Yes,33,0,2,4,3,1,0.68,0,1
3877,57,Female,IT,HR Specialist,2,10666,12,8,No,22,3,4,2,2,3,0.53,0,1
3878,36,Male,R&D,HR Specialist,1,14482,5,9,No,18,7,4,3,2,3,0.62,1,0
3879,29,Female,IT,Consultant,1,7131,13,3,No,27,7,4,1,3,4,0.91,1,1
3880,46,Male,Finance,Consultant,4,5566,2,4,No,15,3,2,2,2,3,0.69,1,1
3881,54,Female,IT,Manager,2,6048,7,5,No,25,2,3,3,4,1,0.3,1,0
3882,40,Male,R&D,Manager,2,8927,11,6,No,10,3,4,3,3,4,0.71,0,1
3883,44,Female,HR,Engineer,1,6624,13,4,Yes,16,5,3,4,1,1,0.09,1,1
3884,47,Male,IT,Engineer,1,10462,4,6,Yes,4,2,3,1,3,1,0.45,0,1
3885,34,Female,R&D,Analyst,5,8681,1,1,No,31,2,3,4,4,3,0.39,0,0
3886,23,Female,Finance,Analyst,4,8017,9,6,Yes,32,8,3,1,1,1,0.33,1,0
3887,48,Female,Marketing,Technician,2,8800,2,4,No,24,2,4,4,2,1,0.62,0,1
3888,28,Female,IT,Consultant,3,9005,9,9,Yes,18,0,3,3,1,2,0.17,1,0
3889,46,Male,Finance,Engineer,4,5551,8,4,No,32,2,4,4,4,4,0.94,0,0
3890,45,Female,Finance,Consultant,5,6585,16,5,Yes,28,7,3,1,4,2,0.26,1,1
3891,38,Female,Sales,Manager,4,6457,5,8,Yes,11,8,2,4,2,3,0.69,0,1
3892,47,Male,Marketing,Sales Executive,1,5883,8,3,No,8,3,1,2,1,2,0.44,1,0
3893,36,Female,IT,Engineer,4,12811,2,4,No,1,5,3,4,3,4,0.2,0,0
3894,39,Male,R&D,Manager,4,11186,6,4,No,2,9,4,3,1,4,0.42,0,0
3895,59,Female,IT,Consultant,4,2768,11,2,No,21,7,4,4,4,4,0.36,0,0
3896,58,Female,IT,Engineer,3,10736,17,2,Yes,19,6,4,3,4,1,0.78,0,0
3897,42,Female,Marketing,HR Specialist,5,7074,9,0,No,30,7,3,3,2,1,0.66,0,1
3898,51,Female,Finance,Engineer,4,11123,1,3,No,25,2,2,3,3,2,0.83,0,0
3899,52,Female,Finance,Consultant,4,10282,16,8,Yes,9,3,3,2,1,2,0.04,0,1
3900,24,Female,Finance,Consultant,3,6333,2,1,No,28,0,4,1,3,2,0.83,0,0
3901,53,Male,Finance,Technician,2,9191,0,9,No,37,3,2,1,1,4,0.41,0,0
3902,59,Male,Marketing,Consultant,4,11042,7,3,No,32,4,3,1,4,4,0.26,1,0
3903,30,Female,R&D,HR Specialist,4,9548,12,8,No,11,1,3,1,2,4,0.2,0,0
3904,22,Female,HR,Manager,2,4968,10,8,No,21,0,2,1,4,1,0.35,1,1
3905,52,Male,Sales,HR Specialist,4,13269,7,7,Yes,24,4,4,3,1,4,0.35,0,1
3906,30,Male,Finance,Engineer,4,4659,19,1,No,1,7,4,4,4,1,0.14,1,0
3907,35,Female,Finance,HR Specialist,4,2633,0,2,Yes,16,7,3,4,2,4,0.6,0,0
3908,37,Female,Sales,Technician,5,5228,1,5,No,24,8,4,1,4,3,0.08,1,1
3909,49,Female,Finance,Sales Executive,1,11416,17,1,Yes,10,7,2,3,3,2,0.5,0,0
3910,29,Female,HR,HR Specialist,5,3248,17,2,Yes,32,6,4,1,4,3,0.39,1,1
3911,37,Female,IT,Consultant,2,2982,8,0,Yes,28,0,2,4,3,3,0.82,0,0
3912,57,Female,Sales,Technician,5,4510,6,3,Yes,33,9,3,2,2,1,0.22,0,1
3913,38,Male,R&D,HR Specialist,5,5850,8,5,No,38,0,3,2,2,2,0.56,0,0
3914,55,Female,Sales,Analyst,3,6758,9,0,No,22,7,3,4,3,4,0.12,0,0
3915,32,Female,HR,Sales Executive,2,5993,1,0,Yes,1,4,3,4,4,3,0.72,1,0
3916,22,Male,Marketing,Manager,2,2989,4,7,Yes,35,5,3,2,2,3,0.32,1,1
3917,29,Male,R&D,Consultant,2,3616,16,6,No,12,3,1,1,1,2,0.96,0,0
3918,57,Male,IT,Technician,5,9021,1,6,No,25,3,4,4,3,3,0.91,0,0
3919,20,Male,Finance,HR Specialist,2,10616,19,6,Yes,28,9,3,1,4,1,0.48,0,0
3920,46,Female,Sales,Sales Executive,3,11622,9,4,No,17,8,3,4,4,2,0.79,1,0
3921,27,Male,R&D,Manager,4,3635,0,3,Yes,16,7,3,1,4,2,0.07,0,0
3922,36,Male,Sales,Sales Executive,5,14392,11,6,No,32,3,3,1,2,2,0.78,0,1
3923,28,Female,IT,Technician,4,8395,14,2,No,4,6,3,1,2,2,0.45,0,1
3924,25,Male,Sales,Analyst,4,7218,5,8,Yes,11,7,1,2,1,3,0.09,1,1
3925,44,Male,R&D,Technician,5,2177,13,1,No,20,6,4,1,1,1,0.28,0,0
3926,58,Female,HR,Technician,5,7251,13,0,No,26,4,4,3,1,4,0.3,1,0
3927,47,Female,Marketing,Manager,2,13968,14,7,No,7,9,1,1,1,3,0.72,0,0
3928,52,Female,R&D,Manager,3,2719,0,5,Yes,31,0,3,2,1,1,0.79,1,0
3929,56,Female,Sales,HR Specialist,5,5128,16,3,No,7,5,3,2,2,1,0.53,1,0
3930,28,Female,IT,Engineer,4,9035,10,9,No,4,7,2,4,3,4,0.33,0,0
3931,37,Female,Finance,Technician,5,14696,14,8,No,8,5,3,1,3,2,0.41,1,0
3932,40,Female,Finance,Manager,3,13193,19,4,No,14,7,3,4,4,1,0.62,0,0
3933,21,Male,IT,Technician,1,4789,15,0,No,22,5,2,1,4,2,0.63,0,0
3934,57,Male,Sales,Technician,4,10845,8,0,Yes,23,1,2,1,4,3,0.18,0,0
3935,59,Female,Marketing,Manager,1,12814,11,6,No,25,5,3,4,2,2,0.5,0,0
3936,55,Male,IT,Analyst,1,8261,1,0,No,36,8,3,2,1,1,0.57,0,0
3937,56,Female,Sales,Analyst,3,13748,14,5,Yes,26,1,4,2,4,1,0.75,0,1
3938,34,Male,R&D,Technician,5,13584,8,6,Yes,24,2,4,4,4,4,0.47,0,0
3939,47,Female,Marketing,Analyst,1,14595,15,9,Yes,18,8,2,1,4,2,0.94,0,1
3940,37,Male,HR,Technician,2,10681,16,4,No,21,6,4,4,1,3,0.67,1,0
3941,53,Female,Sales,HR Specialist,5,11536,19,2,No,5,0,3,4,2,3,0.72,0,1
3942,41,Male,Finance,Manager,4,8900,3,2,Yes,15,3,3,2,3,2,0.59,1,0
3943,30,Female,Finance,Technician,5,9523,7,1,Yes,31,3,2,2,3,3,0.85,0,1
3944,32,Male,Marketing,Analyst,3,2607,6,0,No,26,9,4,1,2,3,0.36,0,1
3945,23,Male,HR,Analyst,3,5591,5,7,No,4,4,4,1,1,3,0.03,0,0
3946,41,Female,Sales,Sales Executive,4,7645,4,8,No,4,6,2,4,3,2,0.11,0,1
3947,26,Male,HR,Sales Executive,4,6119,9,1,Yes,19,4,3,2,1,2,0.43,1,1
3948,43,Male,R&D,Consultant,4,7311,2,3,No,26,9,3,1,4,1,0.39,0,1
3949,23,Male,HR,Analyst,3,10944,19,2,Yes,33,5,2,1,2,1,0.45,0,1
3950,47,Male,R&D,Consultant,5,5048,16,3,Yes,4,8,2,4,3,4,0.54,0,0
3951,34,Male,Finance,Consultant,1,6444,15,3,Yes,38,1,2,2,2,1,0.41,0,0
3952,20,Female,R&D,Consultant,1,6120,10,7,No,24,5,4,3,1,2,0.05,1,0
3953,22,Female,Sales,HR Specialist,2,13653,12,2,No,31,5,3,3,1,2,0.8,1,0
3954,33,Male,Marketing,Engineer,3,3014,17,2,Yes,34,0,4,4,1,4,0.93,0,1
3955,57,Female,Marketing,Technician,4,14886,13,5,Yes,34,5,4,3,4,2,0.58,0,1
3956,20,Male,Sales,Sales Executive,5,11960,1,2,No,2,6,2,2,4,2,0.47,1,0
3957,57,Female,Sales,Technician,3,6896,11,4,Yes,8,6,3,3,4,2,0.11,0,0
3958,57,Male,Sales,Sales Executive,2,9053,9,3,Yes,21,2,1,3,2,3,0.92,0,1
3959,40,Male,IT,Manager,1,11150,6,3,No,12,7,2,2,2,4,0.36,0,1
3960,48,Male,R&D,Manager,5,3591,1,1,No,36,6,2,1,4,1,0.78,1,0
3961,24,Male,Sales,Analyst,1,13453,17,8,No,1,3,4,2,3,2,0.19,0,0
3962,29,Female,Marketing,Manager,5,4588,16,4,Yes,39,3,3,1,1,1,0.91,1,0
3963,47,Female,HR,Manager,4,4538,15,4,Yes,16,9,4,1,2,2,0.71,0,0
3964,40,Female,HR,Engineer,5,10982,1,6,No,6,6,2,4,4,1,0.31,0,0
3965,26,Male,IT,Consultant,4,14459,10,2,No,33,1,2,1,4,2,0.76,0,1
3966,22,Female,R&D,HR Specialist,3,8181,18,5,Yes,13,4,3,4,1,2,0.3,0,0
3967,39,Female,R&D,Analyst,1,14208,6,0,Yes,9,5,4,3,4,4,0.21,1,0
3968,38,Male,R&D,Engineer,5,6394,16,4,No,35,3,3,2,1,1,0.81,0,1
3969,54,Male,Marketing,Analyst,5,5098,14,4,No,28,0,2,1,4,4,0.93,0,0
3970,23,Male,Marketing,HR Specialist,2,10839,8,8,No,34,0,3,4,4,3,0.05,0,0
3971,24,Female,IT,Analyst,1,7876,11,4,No,32,2,4,2,4,2,0.09,1,0
3972,20,Female,R&D,Technician,3,3475,7,7,Yes,1,8,1,2,1,3,0.89,1,1
3973,23,Male,R&D,Technician,4,7204,1,2,No,39,1,2,4,4,3,0.95,1,0
3974,31,Female,Sales,Technician,3,12252,16,5,Yes,25,4,2,2,1,1,0.71,0,0
3975,46,Male,R&D,Manager,2,9737,15,1,Yes,10,6,4,1,4,2,0.43,1,0
3976,42,Female,Marketing,HR Specialist,3,7075,15,8,No,2,1,4,3,1,1,0.52,1,0
3977,44,Male,Sales,Engineer,4,11315,2,5,No,4,0,3,1,3,2,0.37,0,0
3978,40,Female,Sales,Engineer,1,10807,18,4,Yes,25,6,3,2,4,3,0.94,0,0
3979,43,Female,R&D,Sales Executive,2,11476,15,8,Yes,16,4,4,4,1,4,0.68,0,1
3980,44,Female,HR,Engineer,5,12517,10,0,Yes,5,6,2,3,4,3,0.95,0,0
3981,51,Male,Finance,Consultant,5,13329,8,2,Yes,23,0,4,3,2,4,0.9,0,1
3982,51,Male,Marketing,Technician,1,5672,13,1,No,20,5,1,3,4,3,0.69,0,1
3983,24,Male,HR,Consultant,3,4855,1,8,No,3,5,2,2,2,2,0.23,0,0
3984,55,Female,R&D,Consultant,5,3623,12,5,Yes,1,6,3,1,1,2,0.45,0,1
3985,58,Male,R&D,Technician,2,13641,4,5,Yes,25,7,2,4,1,3,0.67,1,0
3986,35,Female,HR,Sales Executive,4,7636,19,4,No,16,8,1,4,3,3,0.47,1,1
3987,52,Male,R&D,Manager,3,12895,13,3,Yes,5,9,2,4,2,3,0.44,0,0
3988,40,Male,Marketing,Engineer,4,11332,0,3,Yes,36,4,3,2,3,3,0.42,1,1
3989,28,Female,Sales,HR Specialist,3,4830,5,1,Yes,6,3,4,2,2,2,0.18,0,0
3990,25,Female,IT,Sales Executive,2,10690,10,6,Yes,12,4,3,1,1,2,0.39,1,1
3991,54,Male,R&D,Engineer,4,6682,16,5,Yes,23,9,3,2,1,4,0.99,0,0
3992,58,Male,R&D,Manager,2,11295,13,2,Yes,38,4,3,2,1,4,0.26,0,1
3993,41,Female,HR,Consultant,4,5089,13,6,No,5,8,3,2,1,2,0.31,0,0
3994,24,Female,Sales,HR Specialist,3,3752,19,8,Yes,2,6,3,1,1,1,0.96,0,1
3995,42,Male,HR,HR Specialist,2,6014,6,9,Yes,3,1,1,1,3,3,0.51,0,1
3996,36,Female,Marketing,Consultant,3,2613,18,0,Yes,7,1,3,4,2,4,0.77,1,1
3997,31,Male,HR,Manager,3,13239,5,9,Yes,26,0,3,3,3,1,0.25,0,1
3998,42,Male,R&D,Engineer,4,2643,12,7,Yes,12,1,3,4,2,3,0.4,0,1
3999,35,Male,Sales,Consultant,4,13060,9,1,No,1,1,3,1,4,1,0.62,1,1
4000,22,Female,Marketing,Analyst,2,14345,18,0,No,1,4,3,1,3,2,0.25,0,0
4001,49,Male,R&D,Engineer,5,3135,9,8,No,33,8,3,4,1,3,0.38,0,0
4002,41,Male,Marketing,Consultant,1,14884,4,1,Yes,39,6,2,4,2,3,0.48,1,1
4003,28,Female,R&D,Consultant,4,5699,12,6,No,9,4,1,4,2,3,0.84,1,0
4004,48,Female,R&D,Sales Executive,3,12554,16,6,Yes,1,9,3,3,3,2,0.69,1,0
4005,56,Female,R&D,Sales Executive,1,2161,4,0,Yes,15,3,3,3,3,4,0.92,0,0
4006,42,Male,IT,Engineer,2,12013,6,9,Yes,25,5,2,2,4,2,0.97,1,0
4007,32,Female,Finance,Technician,1,8069,19,0,No,36,3,2,3,1,3,0.47,0,0
4008,51,Female,Sales,Sales Executive,1,14611,6,6,No,10,9,3,1,4,4,0.42,0,1
4009,42,Male,IT,Analyst,5,12957,14,5,Yes,31,6,2,3,2,4,0.56,0,0
4010,36,Male,Finance,Technician,5,5402,14,3,No,20,2,2,1,1,1,0.9,1,0
4011,59,Male,Marketing,Analyst,1,12819,0,2,Yes,5,7,2,2,3,2,0.02,0,0
4012,40,Male,Finance,HR Specialist,5,5993,11,4,No,28,7,4,2,4,1,0.23,0,0
4013,21,Female,Finance,Sales Executive,5,6855,1,4,Yes,34,2,3,4,4,1,0.84,0,1
4014,56,Male,IT,Consultant,1,14789,17,2,No,39,6,3,3,2,2,0.52,0,0
4015,25,Female,Sales,Technician,4,2056,14,5,No,38,0,3,2,4,2,0.83,0,0
4016,37,Male,HR,Engineer,5,7284,6,2,No,16,4,3,3,1,2,0.65,1,0
4017,49,Male,Finance,Technician,1,5237,8,3,No,15,8,2,3,3,2,0.81,0,0
4018,41,Female,HR,Consultant,4,12536,2,2,Yes,39,1,4,2,3,1,0.42,0,0
4019,52,Female,HR,HR Specialist,5,6902,9,5,No,26,2,2,2,3,3,0.01,0,0
4020,49,Female,R&D,Analyst,1,7996,1,8,No,30,3,3,1,4,3,0.67,0,1
4021,36,Male,HR,HR Specialist,5,2619,11,2,No,2,1,2,3,1,3,0.5,0,1
4022,51,Male,Marketing,Manager,4,6874,6,0,Yes,3,9,3,2,2,1,0.98,1,1
4023,33,Female,Marketing,Sales Executive,1,4613,4,6,No,19,5,3,2,1,2,0.12,0,0
4024,29,Female,R&D,Engineer,4,9141,3,4,No,24,4,4,2,3,1,0.62,0,0
4025,55,Male,Sales,Analyst,3,14453,0,3,Yes,3,4,4,4,3,3,0.3,0,0
4026,53,Female,Sales,HR Specialist,2,7373,14,2,Yes,5,7,4,1,3,3,0.5,0,1
4027,28,Female,Marketing,Engineer,3,4835,8,6,Yes,32,5,2,1,1,2,0.07,0,1
4028,47,Male,R&D,Sales Executive,5,10857,5,1,Yes,31,0,1,2,3,1,0.86,1,0
4029,30,Female,Sales,Consultant,4,10319,13,3,No,12,0,4,2,2,3,0.89,0,0
4030,33,Male,Finance,Engineer,1,5557,1,1,No,36,9,3,2,1,2,0.49,0,0
4031,58,Male,Sales,Sales Executive,4,6171,11,9,Yes,36,9,4,2,2,3,0.08,0,1
4032,38,Male,R&D,Sales Executive,5,6982,5,7,Yes,31,4,3,3,3,2,0.58,0,1
4033,34,Female,Marketing,Sales Executive,1,8925,12,2,Yes,33,2,3,1,1,4,0.29,0,0
4034,47,Female,Finance,HR Specialist,3,2634,3,4,No,7,7,3,1,3,4,0.02,1,1
4035,43,Female,HR,Consultant,4,5608,15,3,Yes,26,1,3,4,1,1,0.83,0,0
4036,27,Female,HR,Sales Executive,2,9606,10,4,No,26,4,4,4,3,2,0.13,0,0
4037,28,Male,HR,Engineer,5,13881,5,3,Yes,20,5,1,1,1,3,0.93,0,1
4038,52,Male,Marketing,Consultant,5,7737,4,7,No,34,2,4,4,1,4,0.66,0,1
4039,52,Female,R&D,Manager,4,14902,0,5,No,33,7,3,4,1,3,0.14,0,1
4040,38,Female,HR,Engineer,3,11177,18,0,Yes,19,7,3,4,3,4,0.27,0,0
4041,22,Female,Sales,HR Specialist,3,9945,6,4,Yes,17,5,3,4,3,2,0.98,0,1
4042,29,Female,HR,Sales Executive,2,4573,17,0,No,37,8,3,3,3,3,0.65,1,0
4043,59,Male,IT,Consultant,2,3156,9,2,Yes,6,2,1,4,1,3,0.48,0,1
4044,20,Female,Marketing,Manager,4,14728,9,5,Yes,22,2,3,1,3,3,0.95,0,1
4045,48,Male,IT,HR Specialist,1,7653,16,8,No,38,7,1,1,2,4,0.03,1,0
4046,53,Female,HR,Analyst,3,5868,6,2,No,17,9,3,4,1,3,0.38,0,0
4047,32,Female,HR,Analyst,1,8534,0,3,Yes,20,3,2,3,2,2,0.82,0,1
4048,20,Female,IT,Analyst,1,10435,11,9,Yes,26,9,4,4,2,4,0.96,0,1
4049,53,Male,Marketing,Manager,4,2767,16,0,No,28,0,1,1,4,4,0.78,0,0
4050,48,Female,Marketing,Consultant,2,13409,15,9,Yes,8,7,2,4,2,2,0.64,0,1
4051,32,Male,HR,Engineer,1,10606,19,1,No,7,7,3,2,4,4,0.13,0,1
4052,48,Male,Marketing,Manager,4,8570,14,6,No,7,4,3,2,4,1,0.54,0,1
4053,58,Female,Finance,Consultant,2,13475,18,7,No,29,1,4,2,1,3,0.57,0,1
4054,43,Male,Marketing,Manager,1,14536,19,0,No,3,6,2,4,1,1,0.83,0,0
4055,45,Male,IT,Consultant,1,13298,16,8,No,16,3,3,4,3,4,0.67,0,0
4056,36,Male,R&D,Manager,2,4886,3,5,Yes,13,7,3,3,2,4,0.85,0,1
4057,26,Female,IT,Analyst,2,2861,3,0,No,18,9,3,3,4,2,0.58,0,0
4058,32,Male,Sales,Technician,5,6914,2,3,No,13,5,2,1,1,3,0.14,0,1
4059,24,Male,Finance,Consultant,5,6957,7,3,No,31,6,4,1,3,3,0.75,0,0
4060,45,Female,R&D,Consultant,4,13549,8,6,Yes,3,9,2,2,4,2,0.64,0,0
4061,22,Female,HR,Consultant,4,5933,1,0,Yes,30,1,3,3,3,4,0.35,0,0
4062,26,Male,Sales,Engineer,3,13956,18,9,No,3,4,2,1,3,2,0.82,1,0
4063,58,Male,Sales,Technician,5,2209,17,8,No,26,3,4,4,4,2,0.88,0,0
4064,20,Male,Finance,Technician,2,8122,15,0,Yes,2,2,4,4,1,1,0.73,0,1
4065,36,Male,R&D,Manager,5,4157,17,9,No,39,6,3,2,2,2,0.48,1,1
4066,44,Female,Sales,Engineer,4,4377,17,2,No,34,0,4,4,1,1,0.31,0,1
4067,22,Female,R&D,Technician,4,4189,11,0,No,38,5,3,1,1,2,0.23,1,0
4068,34,Male,R&D,Sales Executive,4,10867,1,0,Yes,13,2,3,2,4,4,0.83,1,1
4069,48,Female,Marketing,Manager,2,8230,0,3,Yes,11,6,2,2,3,1,0.65,0,1
4070,51,Male,Sales,Manager,1,8283,15,1,Yes,37,8,3,1,2,4,0.64,0,1
4071,45,Female,R&D,Manager,4,3355,16,8,Yes,7,2,3,2,1,3,0.2,0,1
4072,35,Female,Finance,Sales Executive,5,10217,0,0,Yes,27,0,2,1,2,4,0.56,0,1
4073,44,Male,Sales,Sales Executive,1,12885,2,2,No,7,2,2,4,1,2,0.99,0,0
4074,47,Male,Finance,Analyst,5,3650,19,1,Yes,8,8,3,4,2,1,0.45,0,1
4075,28,Male,Finance,HR Specialist,4,4958,15,0,No,36,9,3,1,3,3,0.55,1,0
4076,20,Male,R&D,Engineer,2,6457,13,8,Yes,29,3,3,4,3,2,0.88,0,1
4077,48,Female,R&D,HR Specialist,1,7990,15,4,No,21,2,4,1,2,1,0.87,1,1
4078,41,Female,Marketing,Manager,1,3682,8,5,No,26,6,3,2,4,4,0.07,0,0
4079,35,Male,Marketing,Technician,4,14647,1,7,Yes,20,6,4,3,3,4,0.9,0,0
4080,26,Female,Sales,Manager,4,3966,12,6,Yes,29,3,2,3,1,2,0.66,1,0
4081,33,Female,Marketing,Technician,4,5286,4,6,No,15,8,3,1,1,4,0.34,0,1
4082,48,Male,HR,Analyst,3,2995,19,8,No,23,8,4,4,2,4,0.77,0,1
4083,38,Male,Sales,Consultant,2,10268,16,2,Yes,15,1,4,2,2,3,0.49,0,0
4084,38,Female,Finance,HR Specialist,2,4142,5,9,No,10,6,3,4,3,3,0.55,1,0
4085,21,Male,Marketing,Consultant,4,2956,16,7,No,2,7,2,3,2,2,0.64,0,0
4086,34,Male,Marketing,Consultant,3,13236,1,5,No,30,7,4,4,4,1,0.81,1,1
4087,22,Female,Marketing,Manager,4,2217,6,7,No,37,9,3,4,3,1,0.47,0,0
4088,30,Female,R&D,HR Specialist,4,5946,16,3,Yes,27,0,4,3,4,2,0.26,1,0
4089,49,Male,Finance,Analyst,2,4415,7,0,No,17,1,3,3,4,4,0.61,0,1
4090,59,Female,Marketing,HR Specialist,3,8195,0,2,Yes,3,7,3,4,1,1,0.97,0,0
4091,37,Male,IT,Technician,2,13537,18,9,No,8,6,1,4,1,1,0.1,0,1
4092,21,Male,IT,Engineer,4,3467,4,2,No,37,6,1,2,2,3,0.01,1,1
4093,51,Female,Finance,Consultant,5,14974,4,0,Yes,4,0,3,1,4,4,0.39,0,1
4094,27,Female,Marketing,Analyst,1,4872,0,4,No,24,1,2,2,4,1,0.54,0,1
4095,41,Male,HR,HR Specialist,4,2032,9,5,Yes,29,1,3,2,1,2,0.51,1,0
4096,25,Male,HR,Manager,3,13111,9,8,No,8,2,4,4,3,3,0.32,1,0
4097,31,Male,Sales,Sales Executive,5,5487,2,7,Yes,34,2,3,2,2,2,0.93,0,1
4098,59,Female,Sales,Sales Executive,3,8787,11,3,No,9,2,3,2,1,3,0.24,1,0
4099,55,Male,Marketing,Analyst,4,10616,11,5,No,17,3,4,2,4,1,0.12,0,1
4100,34,Female,Sales,Sales Executive,4,6882,6,2,No,10,3,4,2,1,2,0.22,0,1
4101,47,Male,R&D,Engineer,1,5078,15,0,No,24,8,1,4,1,2,0.1,0,0
4102,37,Female,HR,Analyst,3,8638,19,8,No,22,2,3,3,1,1,0.85,1,1
4103,21,Male,Finance,Manager,5,6862,2,7,Yes,17,2,3,4,4,3,0.4,0,0
4104,32,Female,Marketing,Manager,1,3817,6,5,No,31,8,4,2,4,2,0.83,0,1
4105,34,Male,Marketing,Analyst,3,7867,13,2,No,9,3,2,1,2,2,0.64,0,1
4106,39,Male,IT,Sales Executive,4,14118,3,4,No,15,5,2,1,3,1,0.47,0,0
4107,48,Male,HR,Sales Executive,1,7473,9,8,Yes,30,9,3,3,2,2,0.1,0,0
4108,48,Male,HR,Manager,4,14210,1,6,Yes,17,4,3,1,2,3,0.04,0,1
4109,22,Female,HR,Engineer,2,6294,15,1,Yes,7,9,3,2,1,3,0.56,0,1
4110,38,Female,Sales,Technician,2,2714,2,5,No,26,2,3,4,2,4,0.2,0,0
4111,22,Female,R&D,Sales Executive,1,5207,14,8,Yes,2,7,2,4,3,2,0.44,0,1
4112,33,Female,Finance,Engineer,1,5980,7,9,No,29,4,1,1,2,1,0.95,0,1
4113,59,Female,Sales,Consultant,3,6383,15,0,Yes,6,7,2,3,2,1,0.13,0,1
4114,23,Male,R&D,Sales Executive,5,4024,10,4,No,33,5,3,4,3,1,0.71,1,0
4115,30,Female,HR,Technician,5,14065,10,8,Yes,38,8,3,3,3,3,0.21,0,1
4116,50,Female,R&D,Analyst,2,13921,10,2,Yes,1,1,3,4,1,3,0.24,1,0
4117,51,Female,Sales,HR Specialist,2,8862,0,2,No,10,6,3,1,3,1,0.64,1,1
4118,46,Female,HR,Manager,2,4614,1,9,No,31,9,3,4,3,4,0.13,0,0
4119,49,Male,Sales,Analyst,4,2810,19,8,Yes,24,3,2,2,1,1,0.39,0,1
4120,21,Male,Finance,Sales Executive,5,12647,0,2,Yes,8,9,3,1,1,1,0.38,1,1
4121,28,Male,HR,Technician,1,4030,18,8,No,28,6,3,4,1,2,0.46,0,0
4122,47,Male,R&D,Manager,2,8033,19,9,Yes,28,8,3,3,4,4,0.32,0,0
4123,50,Female,Sales,HR Specialist,3,11977,9,2,Yes,8,9,2,4,3,2,0.27,0,0
4124,53,Female,IT,HR Specialist,1,3972,18,7,Yes,29,0,4,2,2,3,0.78,0,1
4125,34,Male,R&D,Technician,1,9954,10,9,Yes,19,4,4,3,2,1,0.08,1,1
4126,44,Male,R&D,Technician,1,10908,11,8,No,29,5,4,2,4,1,0.85,0,0
4127,55,Female,HR,Sales Executive,5,2824,9,2,Yes,15,3,2,3,2,4,0.84,1,0
4128,27,Female,Marketing,Manager,2,3727,6,0,Yes,31,9,3,1,3,3,0.93,0,0
4129,28,Male,R&D,Consultant,3,9503,7,8,Yes,5,5,2,2,4,1,0.24,0,1
4130,56,Male,Sales,Consultant,4,7121,10,6,No,28,0,4,4,1,4,0.92,1,0
4131,58,Male,IT,Sales Executive,3,4232,17,5,No,15,7,2,3,4,3,0.45,0,1
4132,51,Male,Finance,HR Specialist,3,7680,15,3,No,8,5,3,3,2,4,0.68,0,0
4133,36,Female,IT,Analyst,3,8745,0,4,No,36,9,3,3,4,3,0.85,0,1
4134,54,Female,Sales,Analyst,4,9605,5,6,No,32,3,3,1,2,3,0.06,1,1
4135,56,Female,HR,Engineer,3,2762,16,8,Yes,39,4,2,1,2,1,0.03,0,1
4136,38,Male,Sales,HR Specialist,3,2021,12,5,Yes,39,7,3,3,1,2,0.2,0,0
4137,48,Female,Marketing,Consultant,2,4259,9,3,Yes,22,1,4,4,3,1,0.56,0,0
4138,26,Female,Marketing,Consultant,2,6561,9,3,Yes,5,3,3,3,1,1,0.78,0,1
4139,47,Male,Marketing,HR Specialist,2,9132,0,9,Yes,10,6,2,1,3,3,0.78,1,1
4140,28,Male,R&D,Sales Executive,1,5305,6,2,Yes,31,1,3,1,1,4,0.89,1,1
4141,47,Male,HR,Engineer,3,14459,19,1,No,37,5,4,2,1,1,0.56,0,0
4142,25,Male,Marketing,Technician,5,9770,8,3,No,23,8,4,4,1,3,0.56,0,1
4143,48,Male,Finance,Engineer,5,6892,10,5,No,32,1,3,4,2,2,0.08,0,0
4144,36,Male,Finance,Manager,5,11733,19,0,Yes,24,3,1,3,3,3,0.77,0,0
4145,35,Female,Sales,Sales Executive,4,14531,1,1,No,4,9,4,4,3,4,0.48,1,1
4146,42,Female,Marketing,Technician,2,10612,0,7,No,38,9,4,1,2,1,0.21,0,1
4147,50,Female,R&D,Technician,2,13736,11,2,No,15,4,2,4,1,4,0.13,0,0
4148,22,Female,Finance,Consultant,2,6436,6,0,No,11,9,3,3,3,4,0.89,0,1
4149,40,Female,IT,Analyst,4,9097,18,1,Yes,25,7,3,2,3,2,0.58,1,1
4150,45,Female,HR,Manager,3,12175,4,2,Yes,26,4,2,2,2,3,0.62,0,1
4151,55,Male,IT,Engineer,1,8814,11,1,No,39,4,1,3,4,1,0.24,1,1
4152,56,Male,Finance,Analyst,2,10314,13,3,No,37,9,3,1,1,1,0.55,0,0
4153,41,Male,Finance,HR Specialist,3,6967,6,3,No,36,8,2,2,2,3,0.16,0,1
4154,31,Female,Sales,Sales Executive,5,10625,7,9,No,33,9,1,3,2,2,0.42,1,0
4155,32,Female,Sales,Engineer,1,8331,13,1,No,20,5,3,1,1,1,0.25,1,1
4156,30,Male,Marketing,HR Specialist,5,6165,11,0,Yes,34,4,2,4,4,3,0.17,0,0
4157,35,Male,HR,Technician,3,14938,8,2,No,12,2,3,3,2,2,0.8,1,0
4158,27,Male,Marketing,Consultant,3,5482,9,3,No,36,0,3,3,2,4,0.66,1,0
4159,59,Male,Sales,Engineer,5,10037,9,5,Yes,4,5,3,1,2,1,0.8,1,1
4160,59,Male,R&D,Analyst,1,4884,0,4,No,13,9,3,3,3,4,0.84,1,1
4161,21,Female,HR,Manager,5,4638,5,1,Yes,3,8,3,4,3,1,0.39,0,1
4162,49,Female,R&D,Analyst,5,5877,13,3,No,17,3,4,3,4,2,0.76,1,0
4163,49,Female,Marketing,Sales Executive,5,3615,8,5,No,7,7,3,4,3,3,0.73,0,0
4164,31,Male,Sales,Consultant,1,8004,11,3,No,14,1,2,1,4,2,0.25,0,0
4165,29,Female,HR,Sales Executive,4,5808,18,6,Yes,32,1,3,3,1,2,0.69,0,0
4166,30,Male,Marketing,Engineer,1,2226,19,5,No,26,3,3,1,1,2,0.93,0,0
4167,34,Female,Finance,Analyst,5,2535,11,5,No,31,1,3,4,4,2,0.69,1,1
4168,35,Male,Marketing,Manager,2,3122,12,9,Yes,31,5,3,1,1,4,0.33,0,1
4169,36,Male,IT,Technician,2,6365,2,1,No,16,7,1,2,1,4,0.7,1,1
4170,45,Female,Finance,Sales Executive,3,9089,10,6,No,1,2,4,2,4,2,0.58,0,0
4171,21,Female,R&D,Manager,4,7213,1,8,No,34,2,2,3,1,3,0.81,1,1
4172,31,Female,Finance,HR Specialist,3,5534,17,5,No,26,3,4,3,1,4,0.27,1,1
4173,45,Female,Marketing,Engineer,3,2658,17,7,Yes,30,4,2,3,1,4,0.16,0,1
4174,42,Female,Finance,Manager,2,13299,8,5,No,5,2,4,1,2,3,0.43,1,0
4175,37,Male,IT,Engineer,1,12513,0,5,No,24,5,3,4,3,4,0.63,0,0
4176,51,Female,Marketing,HR Specialist,3,9218,15,3,Yes,10,4,2,1,3,1,0.1,1,0
4177,57,Female,IT,Manager,3,11358,0,5,No,38,7,3,2,3,3,0.26,0,0
4178,22,Male,Finance,Consultant,4,6991,19,9,Yes,35,9,4,2,1,2,0.17,0,1
4179,57,Female,IT,Manager,2,12163,4,3,No,2,3,4,3,3,2,0.77,0,0
4180,22,Male,Finance,Technician,1,10208,16,9,Yes,29,5,4,1,4,2,0.7,0,1
4181,49,Female,HR,HR Specialist,4,3903,7,5,Yes,19,8,4,4,3,4,0.63,1,0
4182,20,Female,Finance,Consultant,1,3612,5,0,Yes,38,5,1,1,4,1,0.46,0,1
4183,49,Male,Sales,Consultant,1,7397,0,6,Yes,14,9,3,1,4,3,0.45,0,1
4184,51,Female,IT,Analyst,3,13898,12,1,Yes,28,4,4,2,1,4,0.52,0,0
4185,47,Female,IT,Manager,4,10627,17,5,Yes,34,7,1,4,3,4,0.82,1,0
4186,40,Female,R&D,Technician,3,14263,3,8,Yes,4,3,3,2,2,2,0.6,0,1
4187,32,Female,R&D,Manager,5,5455,14,9,Yes,25,5,3,1,2,1,0.75,0,1
4188,46,Male,Sales,Technician,1,4004,13,2,No,6,6,3,4,4,3,0.26,0,0
4189,55,Male,IT,Consultant,4,4733,15,3,Yes,28,9,2,1,4,1,0.48,0,1
4190,26,Female,IT,Sales Executive,2,7251,4,4,Yes,38,5,4,1,2,4,0.63,1,1
4191,41,Female,R&D,Consultant,3,10454,0,7,No,9,7,2,3,1,3,0.32,0,0
4192,29,Male,R&D,Analyst,5,4441,3,9,No,18,1,4,4,1,4,0.52,0,1
4193,58,Male,Finance,Manager,5,9950,16,5,Yes,31,4,3,1,4,1,0.84,0,1
4194,34,Female,Marketing,HR Specialist,5,8041,5,7,No,22,2,2,1,4,4,0.08,0,1
4195,34,Male,IT,Engineer,3,8351,3,2,Yes,4,3,3,2,2,1,0.81,0,1
4196,23,Male,IT,HR Specialist,2,2807,6,2,Yes,33,9,3,1,4,3,0.6,0,1
4197,51,Male,Finance,Analyst,4,4512,0,8,No,36,7,3,2,3,1,0.41,0,1
4198,42,Male,IT,Sales Executive,1,2357,9,5,No,35,1,3,4,4,1,0.56,0,0
4199,25,Female,Sales,Sales Executive,2,9311,12,7,Yes,13,8,3,2,1,2,0.61,1,1
4200,43,Male,R&D,Sales Executive,3,4401,8,3,No,15,6,3,2,2,2,0.78,1,0
4201,39,Female,R&D,Technician,4,3274,13,4,No,33,0,2,1,3,4,0.8,1,0
4202,56,Female,Marketing,HR Specialist,1,14663,0,8,Yes,28,2,3,4,4,2,0.74,1,1
4203,39,Male,R&D,Engineer,4,2988,8,6,Yes,34,7,3,3,2,2,0.02,0,1
4204,31,Female,HR,Consultant,1,2017,5,4,No,38,1,2,3,4,3,0.56,0,0
4205,52,Female,Sales,Consultant,1,3738,9,6,No,1,9,2,4,2,2,0.43,0,0
4206,47,Male,Sales,Engineer,5,4763,10,8,Yes,31,6,2,1,3,2,0.58,1,0
4207,27,Male,Finance,Consultant,3,8628,6,2,Yes,17,0,3,4,4,2,0.61,1,0
4208,20,Male,HR,Technician,2,7121,19,2,No,22,2,3,2,1,2,0.62,0,1
4209,56,Female,IT,Manager,5,13189,11,3,No,32,9,3,2,3,4,0.35,1,0
4210,41,Female,Marketing,Technician,5,2913,11,9,Yes,29,1,3,3,4,3,0.45,0,0
4211,25,Female,Sales,Engineer,4,10757,13,6,No,1,1,3,4,3,1,0.02,0,0
4212,40,Female,HR,Engineer,1,9333,9,4,Yes,28,9,3,1,4,1,0.94,0,1
4213,51,Male,HR,Manager,1,4912,15,4,No,2,1,3,2,4,3,0.99,0,0
4214,54,Female,Sales,HR Specialist,4,11544,3,3,No,25,3,3,1,4,3,0.4,1,1
4215,34,Male,Finance,HR Specialist,3,3471,13,7,No,21,5,1,1,3,1,0.42,0,0
4216,24,Male,HR,Analyst,1,5163,1,2,Yes,37,0,3,4,3,4,0.46,0,1
4217,25,Male,R&D,HR Specialist,5,7371,1,1,Yes,26,9,2,3,1,2,0.29,0,0
4218,44,Male,HR,Sales Executive,5,10803,10,3,No,1,6,3,2,2,2,0.44,0,1
4219,59,Female,IT,Sales Executive,1,11254,10,7,No,32,6,2,1,1,3,0.36,0,1
4220,48,Male,Sales,Analyst,1,10627,5,3,Yes,9,0,2,3,1,3,0.02,1,0
4221,26,Female,IT,Engineer,3,10839,2,7,No,5,9,3,2,2,4,0.13,0,0
4222,59,Male,Finance,Analyst,1,12601,8,4,Yes,17,8,4,2,3,3,0.08,0,0
4223,32,Male,Marketing,Manager,3,6017,2,8,Yes,29,7,3,3,1,2,0.24,0,1
4224,57,Male,R&D,Analyst,5,4609,0,1,No,19,1,3,3,4,1,0.1,1,0
4225,37,Female,Sales,Analyst,3,2082,1,7,Yes,29,6,3,2,1,2,0.23,0,1
4226,21,Male,HR,Technician,1,3789,14,6,Yes,12,1,2,3,2,4,0.0,0,0
4227,27,Male,R&D,Sales Executive,2,11242,10,1,No,8,3,4,4,3,1,0.99,0,0
4228,30,Male,HR,Manager,1,7708,7,4,No,31,4,3,1,2,4,0.11,0,1
4229,52,Male,Finance,Technician,2,9973,15,5,No,15,9,1,3,4,4,0.84,0,0
4230,57,Female,Marketing,Manager,5,14030,16,8,No,34,2,3,1,4,4,0.1,0,0
4231,46,Female,Sales,Analyst,4,6116,2,7,No,26,6,1,4,3,3,0.31,0,0
4232,39,Male,Finance,Technician,5,7526,7,6,No,35,6,3,1,1,4,0.94,0,1
4233,31,Male,Finance,Technician,5,4741,6,0,No,29,5,3,4,3,4,0.31,1,0
4234,50,Female,Marketing,Manager,5,2797,2,9,No,33,6,3,3,3,1,0.65,0,0
4235,46,Female,Finance,Manager,3,4526,6,2,No,33,2,3,4,1,4,0.32,0,1
4236,51,Female,Finance,HR Specialist,5,6751,4,0,Yes,36,6,1,1,1,1,0.94,0,1
4237,29,Male,HR,Consultant,4,9731,0,9,Yes,21,6,3,3,1,2,0.01,1,0
4238,22,Female,IT,Manager,1,2762,4,5,Yes,30,8,3,4,1,4,0.25,0,0
4239,46,Male,HR,Technician,2,10809,2,2,No,19,1,3,1,1,2,0.41,0,0
4240,54,Female,Marketing,Engineer,5,14072,17,1,Yes,32,2,3,2,1,4,0.82,0,1
4241,50,Female,R&D,Manager,2,6806,18,9,No,1,3,3,3,1,1,0.57,0,1
4242,34,Male,Marketing,Sales Executive,5,14624,9,1,Yes,33,7,3,3,3,4,0.89,0,0
4243,35,Female,Marketing,HR Specialist,3,5863,3,7,Yes,26,0,3,4,4,3,0.88,0,0
4244,32,Male,Marketing,Sales Executive,2,5686,12,0,Yes,27,1,3,2,1,4,0.96,1,0
4245,54,Female,Marketing,Consultant,5,2767,0,8,No,28,1,2,2,2,2,0.18,0,1
4246,30,Male,Finance,Sales Executive,5,7601,3,6,No,20,1,1,2,2,2,0.42,0,0
4247,40,Female,Marketing,Engineer,4,5185,8,0,Yes,8,1,2,2,1,4,0.43,0,1
4248,30,Female,R&D,HR Specialist,4,11212,16,4,No,26,6,1,4,1,4,0.12,0,0
4249,49,Male,Marketing,Consultant,4,9429,10,4,No,31,5,2,3,3,2,0.95,0,0
4250,54,Male,HR,Analyst,3,13685,6,1,No,5,6,1,1,2,4,0.36,0,0
4251,41,Male,Finance,Technician,2,3077,6,0,No,11,5,3,2,3,2,0.64,0,0
4252,57,Male,HR,Technician,3,13451,12,6,Yes,21,9,3,2,1,2,0.6,0,1
4253,50,Female,Finance,Manager,1,13802,18,8,Yes,8,0,2,3,2,1,0.24,1,0
4254,33,Female,HR,Technician,5,11967,16,7,No,26,5,1,1,4,1,0.57,0,0
4255,43,Female,Sales,Engineer,5,13070,17,6,No,12,3,2,1,3,1,0.26,0,1
4256,51,Female,IT,Technician,5,3890,12,3,No,13,8,3,3,3,4,0.29,1,0
4257,55,Female,IT,Engineer,4,3626,16,9,Yes,10,5,2,3,3,3,0.55,1,0
4258,51,Female,Finance,Analyst,5,13810,17,6,Yes,29,8,3,4,2,2,0.46,1,1
4259,34,Male,Sales,Engineer,4,8646,19,7,No,8,7,1,1,3,2,0.42,1,1
4260,54,Female,R&D,Analyst,1,14476,1,8,Yes,38,4,3,1,4,4,0.39,0,1
4261,22,Female,Sales,Analyst,3,3571,18,8,No,1,9,4,4,3,3,0.75,1,0
4262,35,Male,Finance,Analyst,3,5675,14,4,No,9,6,3,3,2,4,0.28,0,0
4263,24,Female,Sales,Engineer,3,11783,8,4,No,4,7,2,4,1,3,0.31,0,0
4264,40,Female,R&D,Consultant,4,12818,13,5,No,33,4,4,2,3,2,0.58,1,0
4265,29,Female,Finance,Analyst,2,7432,18,7,No,21,7,3,2,1,2,0.96,0,0
4266,38,Male,IT,Consultant,2,11384,7,2,Yes,7,9,1,1,2,1,0.29,1,0
4267,44,Male,Marketing,Engineer,1,6773,11,2,Yes,32,8,3,3,2,1,0.42,0,1
4268,23,Female,Sales,HR Specialist,2,7044,16,4,Yes,39,4,1,2,3,2,0.13,0,1
4269,48,Male,IT,Analyst,1,14439,11,0,Yes,28,7,1,3,3,2,0.64,0,0
4270,38,Female,IT,Engineer,5,11320,14,4,Yes,26,8,3,3,2,2,0.25,1,0
4271,21,Female,HR,Engineer,3,13630,4,8,No,37,0,3,1,3,3,0.53,0,1
4272,29,Female,R&D,Consultant,4,11307,1,4,Yes,34,6,3,3,3,1,0.42,0,1
4273,44,Male,Marketing,Engineer,1,6808,19,6,No,9,6,4,3,1,2,0.78,0,1
4274,39,Female,Sales,Manager,4,12100,17,9,Yes,6,1,2,3,1,4,0.83,0,0
4275,38,Female,IT,Consultant,4,14719,2,8,Yes,22,1,3,1,4,2,0.74,0,0
4276,42,Female,IT,Consultant,3,5752,4,7,Yes,9,7,3,4,2,3,0.45,0,0
4277,43,Female,R&D,Manager,5,3328,1,4,Yes,15,6,3,1,4,4,0.41,0,0
4278,30,Female,Marketing,Analyst,5,6123,8,1,Yes,1,2,4,1,3,2,0.41,0,1
4279,53,Male,Marketing,Technician,2,3311,4,4,Yes,32,9,4,1,3,1,0.5,0,0
4280,47,Female,IT,HR Specialist,5,6450,16,9,No,18,3,3,1,4,1,0.62,1,0
4281,24,Male,IT,Technician,3,14230,19,7,No,11,2,3,3,1,2,0.32,0,1
4282,24,Female,IT,Analyst,4,12054,14,0,Yes,35,3,1,4,3,2,0.73,0,0
4283,40,Male,IT,Sales Executive,1,12196,12,9,Yes,33,9,3,1,1,1,0.91,0,1
4284,31,Female,HR,Sales Executive,1,13807,8,3,Yes,4,4,1,4,2,3,0.07,0,0
4285,23,Female,HR,HR Specialist,5,4725,1,0,No,34,9,4,4,2,2,0.02,1,1
4286,39,Male,Marketing,Consultant,2,9571,1,4,Yes,19,0,3,2,2,2,0.68,1,0
4287,57,Male,Finance,HR Specialist,1,4183,10,1,Yes,12,5,1,2,2,3,0.65,0,0
4288,44,Female,Sales,HR Specialist,2,2153,2,1,No,36,4,3,4,2,2,0.46,0,0
4289,33,Male,R&D,Manager,1,7582,2,6,Yes,22,4,3,1,3,3,0.83,0,0
4290,30,Male,Finance,Manager,2,2815,9,3,No,12,8,2,3,3,1,0.75,0,0
4291,51,Female,HR,Sales Executive,2,3119,1,1,Yes,28,2,2,2,3,3,0.97,0,1
4292,30,Female,HR,HR Specialist,4,13460,0,2,Yes,15,2,3,1,4,2,0.84,0,0
4293,37,Female,HR,Engineer,3,4155,5,2,No,4,8,3,4,1,4,0.08,0,1
4294,46,Female,Finance,Technician,1,7165,5,1,Yes,8,7,3,1,3,2,0.42,0,1
4295,37,Female,HR,Sales Executive,5,3209,10,6,Yes,31,8,1,3,1,2,0.36,0,0
4296,42,Male,Finance,HR Specialist,3,10645,15,0,No,26,9,3,4,3,3,0.84,0,0
4297,30,Female,HR,Engineer,4,8428,0,8,No,3,9,3,3,4,2,0.24,0,0
4298,40,Male,IT,HR Specialist,4,3106,4,4,No,39,7,3,1,2,2,0.11,0,0
4299,24,Female,IT,Consultant,4,12988,9,3,Yes,7,6,4,2,1,4,0.08,1,0
4300,42,Female,Sales,Analyst,5,14736,5,2,Yes,15,1,3,4,1,2,0.56,0,1
4301,44,Male,HR,Engineer,1,6416,10,2,Yes,20,4,3,4,4,3,0.31,0,1
4302,29,Female,Sales,Consultant,1,7264,15,2,No,17,9,3,3,4,1,0.19,0,0
4303,41,Male,Finance,Technician,2,14565,19,0,No,32,6,1,1,3,4,0.91,1,1
4304,38,Male,Sales,Analyst,2,12851,12,1,No,10,4,4,4,3,4,0.02,0,0
4305,20,Male,HR,Consultant,2,3037,11,6,Yes,16,0,4,1,1,3,0.44,1,1
4306,26,Female,Finance,Manager,5,5333,17,2,No,26,9,2,1,3,3,0.49,0,0
4307,23,Female,Finance,Sales Executive,3,2413,12,5,No,22,5,2,4,4,1,0.54,0,0
4308,20,Female,IT,HR Specialist,1,12733,4,3,Yes,15,5,1,4,1,4,0.76,0,0
4309,34,Female,Finance,Sales Executive,2,14334,12,9,No,12,5,3,1,4,2,0.01,0,1
4310,59,Female,Finance,Technician,5,9904,12,4,No,39,2,4,1,4,4,0.24,0,1
4311,31,Female,Sales,HR Specialist,5,3939,18,7,No,3,0,1,3,1,2,0.78,0,0
4312,41,Male,Marketing,Analyst,2,2655,18,1,Yes,24,6,3,2,4,4,0.34,0,1
4313,41,Female,Finance,Engineer,4,9457,12,9,No,2,5,2,3,2,3,0.58,1,0
4314,36,Female,R&D,Engineer,4,14236,10,4,Yes,4,4,4,1,3,2,0.28,0,1
4315,48,Female,Marketing,HR Specialist,4,4479,15,1,No,23,2,3,3,2,4,0.08,1,1
4316,33,Female,IT,Analyst,2,7639,13,8,No,23,5,4,4,3,4,0.25,0,0
4317,39,Male,IT,HR Specialist,5,14053,9,1,Yes,8,9,4,4,1,1,0.82,1,0
4318,52,Male,Finance,HR Specialist,5,11539,1,0,No,12,8,3,3,1,4,0.34,0,1
4319,34,Male,Sales,Consultant,1,7921,7,3,No,9,7,2,3,2,2,0.55,0,1
4320,31,Male,Marketing,HR Specialist,4,11508,7,6,Yes,11,7,3,4,4,4,0.01,0,1
4321,59,Male,IT,Engineer,2,8520,19,1,No,31,7,3,2,4,1,0.52,0,0
4322,39,Female,IT,Technician,1,5606,13,9,Yes,1,0,3,1,4,1,0.72,0,0
4323,49,Male,R&D,HR Specialist,5,7203,13,8,Yes,35,6,1,1,3,2,0.58,1,0
4324,57,Male,Finance,Engineer,1,14030,17,0,No,15,0,3,3,3,3,0.02,0,0
4325,22,Female,Marketing,Manager,4,6058,14,0,Yes,7,6,3,3,2,2,0.02,0,0
4326,47,Female,IT,Analyst,3,7004,15,7,Yes,28,1,3,4,1,3,0.89,0,1
4327,45,Male,IT,Manager,4,8468,13,4,No,6,2,3,4,2,4,0.21,0,1
4328,49,Female,IT,HR Specialist,4,10015,9,8,No,20,9,2,3,2,2,0.68,0,0
4329,32,Female,IT,Engineer,2,2315,1,7,Yes,24,1,1,3,1,2,0.03,1,1
4330,32,Male,Sales,Analyst,3,8063,4,5,Yes,36,9,3,3,4,3,0.3,0,1
4331,21,Female,HR,Sales Executive,3,10412,2,3,No,38,0,3,1,2,2,0.32,0,0
4332,56,Male,R&D,Analyst,3,8041,6,5,No,12,4,1,2,3,3,0.85,0,0
4333,57,Male,Sales,Analyst,5,4261,11,1,Yes,3,7,3,3,3,1,0.8,0,0
4334,21,Female,R&D,HR Specialist,1,9639,9,4,No,28,5,3,4,2,1,0.83,0,0
4335,55,Male,IT,Consultant,5,2844,10,9,Yes,12,3,4,2,1,2,0.94,0,0
4336,45,Male,R&D,Manager,3,3514,16,2,No,16,9,3,3,4,3,0.37,0,0
4337,30,Female,Finance,Manager,2,3108,3,2,No,15,0,2,3,3,3,0.22,1,0
4338,27,Female,Finance,Sales Executive,4,7123,5,0,No,31,9,4,4,3,4,0.74,0,0
4339,59,Female,HR,HR Specialist,4,3730,6,7,No,21,1,2,4,2,1,0.08,1,0
4340,41,Female,HR,Analyst,5,5185,4,9,No,18,1,2,2,4,1,0.98,0,1
4341,39,Male,R&D,Consultant,5,3238,5,2,Yes,6,2,1,3,1,1,0.75,0,1
4342,27,Female,Sales,Technician,2,7455,16,0,Yes,17,1,3,2,3,1,0.29,0,0
4343,48,Female,Sales,Manager,4,4924,13,3,No,23,3,3,1,4,1,0.79,0,1
4344,59,Male,IT,Manager,5,8796,10,0,Yes,35,3,4,1,1,4,0.91,0,0
4345,45,Male,Sales,Engineer,1,11382,4,0,No,18,4,3,1,3,3,0.15,1,0
4346,49,Male,HR,Analyst,5,14574,1,0,Yes,11,8,2,2,1,1,0.66,0,1
4347,36,Male,Sales,HR Specialist,5,8039,13,1,No,23,2,3,3,3,4,0.14,0,0
4348,39,Female,IT,Manager,3,5566,15,0,Yes,17,5,3,3,2,1,0.57,0,1
4349,35,Female,Finance,Consultant,1,12623,1,5,No,6,9,3,1,1,4,0.18,0,1
4350,26,Male,Sales,HR Specialist,1,13086,16,6,Yes,24,3,3,2,1,1,0.51,1,1
4351,35,Male,Sales,Analyst,2,3456,15,0,No,37,6,2,4,3,2,0.5,0,0
4352,46,Male,HR,Analyst,3,3109,8,9,Yes,16,3,3,1,4,3,0.3,0,1
4353,42,Male,R&D,Manager,1,3930,19,0,No,29,6,2,4,1,3,0.05,0,1
4354,43,Female,Finance,Sales Executive,3,9703,19,9,No,29,0,3,2,1,3,0.79,0,0
4355,28,Male,R&D,HR Specialist,3,13308,8,8,Yes,28,8,2,3,3,2,0.48,1,0
4356,54,Female,IT,HR Specialist,4,2622,4,8,Yes,16,0,4,3,4,1,0.68,0,1
4357,39,Male,IT,Engineer,1,4337,3,0,Yes,3,4,3,3,2,1,0.87,0,1
4358,56,Female,R&D,Consultant,4,12122,6,7,No,24,7,3,1,4,4,0.26,1,0
4359,36,Female,HR,Analyst,5,12936,4,2,Yes,18,7,2,4,2,4,0.58,0,0
4360,50,Female,Marketing,Analyst,5,3258,2,6,Yes,17,5,3,3,2,3,0.82,1,1
4361,27,Female,HR,Manager,4,8300,7,0,Yes,10,5,3,2,4,1,0.93,0,1
4362,34,Male,Marketing,Manager,5,6501,15,6,Yes,37,1,1,4,4,1,0.07,0,0
4363,50,Female,Marketing,Manager,4,9840,5,0,No,25,3,3,2,3,2,0.15,0,0
4364,49,Male,HR,Engineer,2,9289,8,2,Yes,36,7,2,1,4,4,0.12,0,0
4365,39,Female,Marketing,Consultant,3,12160,19,6,No,23,1,2,1,2,3,0.11,0,1
4366,58,Female,Marketing,Sales Executive,2,13487,17,0,No,19,5,3,1,1,3,0.92,0,1
4367,31,Male,Marketing,Manager,1,4023,10,8,No,10,2,4,2,1,4,0.64,0,1
4368,36,Male,Finance,Manager,2,2876,18,4,Yes,11,6,2,3,4,4,0.88,1,0
4369,49,Female,IT,Technician,2,9190,6,1,No,5,8,3,2,2,1,0.43,0,0
4370,48,Female,Marketing,Consultant,5,12436,9,3,No,6,7,4,1,1,1,0.89,0,1
4371,38,Male,IT,Manager,4,4526,4,7,Yes,3,7,2,2,4,1,0.64,0,1
4372,30,Female,IT,Engineer,1,13781,6,3,No,38,8,4,3,1,3,0.8,1,1
4373,53,Male,Finance,HR Specialist,5,14595,5,9,Yes,11,1,2,3,2,2,0.58,1,1
4374,26,Male,IT,Sales Executive,1,10536,17,4,Yes,24,5,2,1,4,4,0.3,1,0
4375,53,Male,R&D,HR Specialist,3,5672,14,1,No,26,8,3,2,3,1,0.56,0,0
4376,39,Female,Sales,Technician,4,13260,9,4,Yes,26,1,2,4,2,4,0.73,1,0
4377,57,Female,Finance,Analyst,5,3913,5,6,No,24,8,3,1,4,1,0.67,0,0
4378,43,Male,Sales,Analyst,2,4445,0,8,No,4,1,3,1,3,1,0.47,0,0
4379,29,Male,R&D,Manager,3,10976,9,7,No,10,8,3,1,4,4,0.02,0,0
4380,51,Male,HR,Technician,2,3487,14,9,Yes,34,0,3,4,1,3,0.58,1,1
4381,34,Male,HR,HR Specialist,1,6891,13,5,Yes,29,5,1,1,4,2,0.93,0,1
4382,56,Female,Marketing,Engineer,3,14040,15,8,Yes,26,5,2,2,2,4,0.93,0,0
4383,39,Male,HR,Sales Executive,5,7234,4,6,Yes,19,1,3,1,1,4,0.86,0,1
4384,22,Female,Finance,Consultant,2,2449,13,2,No,21,6,1,3,1,1,0.62,0,1
4385,56,Male,HR,HR Specialist,2,3427,15,0,No,19,9,3,1,3,1,0.51,0,0
4386,59,Female,Finance,Technician,1,4595,13,4,No,38,3,3,3,1,1,0.02,1,1
4387,27,Female,Finance,Technician,1,4276,6,8,Yes,19,3,3,2,3,3,0.35,0,0
4388,59,Female,Sales,Consultant,4,7765,18,7,No,18,8,2,1,2,2,0.85,0,0
4389,42,Female,HR,HR Specialist,4,10435,3,5,No,14,1,2,2,1,1,0.16,0,0
4390,59,Female,IT,Sales Executive,1,4112,17,7,No,35,8,3,3,4,1,0.81,0,0
4391,30,Male,HR,HR Specialist,4,13500,14,7,Yes,18,8,1,3,3,3,0.27,0,1
4392,27,Male,HR,HR Specialist,2,11137,16,2,Yes,28,5,4,2,2,1,0.55,1,0
4393,48,Female,HR,Sales Executive,1,3026,0,5,Yes,19,9,3,1,1,4,0.29,0,1
4394,49,Male,Marketing,Engineer,3,11715,14,6,Yes,25,6,4,2,2,3,0.27,0,1
4395,29,Male,IT,Consultant,1,13300,15,1,Yes,15,3,1,1,1,2,0.87,0,0
4396,58,Male,IT,Technician,5,5692,10,6,Yes,3,0,4,3,1,3,0.69,1,0
4397,47,Male,Finance,Sales Executive,5,5049,8,9,No,23,8,3,1,2,2,0.22,0,0
4398,55,Male,IT,Manager,1,13513,16,5,No,12,8,2,4,1,1,0.48,0,0
4399,32,Male,Finance,Manager,3,8146,14,1,No,32,0,2,3,4,2,0.51,0,0
4400,51,Male,Sales,Manager,1,13498,7,1,No,28,3,4,3,2,1,0.73,0,0
4401,55,Female,Finance,Manager,3,9584,17,5,Yes,34,6,3,2,4,3,0.68,0,0
4402,56,Male,HR,Consultant,2,9098,7,2,No,1,2,4,1,4,4,0.67,0,0
4403,45,Male,R&D,Analyst,2,14430,2,5,Yes,10,4,3,2,1,2,0.38,1,0
4404,41,Male,R&D,Engineer,3,7879,18,8,Yes,27,4,3,4,4,4,0.23,0,0
4405,23,Female,Marketing,Analyst,4,10252,13,9,No,12,7,3,2,1,4,0.5,0,1
4406,50,Female,HR,HR Specialist,2,14366,1,0,Yes,36,8,3,1,1,4,0.75,1,0
4407,37,Male,Finance,HR Specialist,5,13590,0,2,Yes,33,0,4,3,3,1,0.9,0,1
4408,57,Female,HR,Sales Executive,1,12606,4,1,No,4,1,3,1,1,3,0.73,0,0
4409,43,Female,Marketing,Manager,4,7053,16,2,No,21,4,3,1,1,3,0.4,0,0
4410,42,Male,IT,Sales Executive,5,13970,0,1,No,20,0,3,3,4,4,0.96,0,0
4411,41,Female,Finance,HR Specialist,1,5606,15,2,No,17,5,2,3,3,1,0.87,0,0
4412,21,Male,HR,Manager,5,8669,2,3,No,34,5,4,4,3,3,0.9,0,0
4413,50,Female,IT,Consultant,4,2389,9,6,No,14,2,2,3,4,4,0.28,0,1
4414,30,Male,Marketing,Technician,3,6616,18,1,No,10,3,3,1,1,1,0.98,1,1
4415,47,Female,IT,Engineer,1,11867,10,1,Yes,20,2,3,3,1,3,0.27,1,1
4416,51,Male,Finance,HR Specialist,5,11969,2,1,Yes,35,4,3,1,4,3,0.16,1,0
4417,24,Male,Marketing,Technician,5,2252,1,5,No,15,8,3,3,1,2,0.21,0,1
4418,57,Female,Marketing,Sales Executive,4,10052,2,7,Yes,39,9,1,3,2,3,0.65,0,0
4419,29,Male,Marketing,Technician,4,5166,14,3,Yes,27,2,4,4,2,2,0.4,0,0
4420,59,Male,Sales,Sales Executive,4,11906,19,9,Yes,15,1,3,3,4,4,0.16,0,0
4421,43,Female,Marketing,HR Specialist,3,12242,8,2,No,19,5,2,4,2,1,0.75,1,0
4422,54,Male,Sales,Analyst,2,2695,14,8,Yes,26,9,3,1,1,4,0.14,0,0
4423,42,Male,IT,Consultant,5,12285,1,0,Yes,12,0,3,4,1,1,0.07,0,0
4424,36,Female,Sales,Consultant,3,7923,5,9,No,24,8,3,2,4,4,0.86,0,0
4425,20,Male,IT,Engineer,5,6748,4,1,Yes,36,9,3,1,4,1,0.54,0,0
4426,50,Female,Sales,Consultant,3,12764,5,6,No,33,2,3,1,2,4,0.64,0,0
4427,50,Male,IT,Technician,1,9865,4,2,Yes,5,2,1,2,4,4,1.0,0,0
4428,53,Female,IT,Consultant,2,3505,11,8,Yes,9,7,3,2,4,1,0.96,0,1
4429,28,Female,Marketing,Technician,5,13860,3,0,Yes,14,5,3,2,4,3,0.42,0,1
4430,41,Male,Marketing,HR Specialist,4,14705,13,8,Yes,36,2,3,1,3,1,0.49,0,1
4431,32,Female,IT,Consultant,2,4743,13,5,Yes,25,5,3,4,4,3,0.06,1,0
4432,44,Male,Marketing,HR Specialist,5,6654,10,0,No,7,5,2,3,3,3,0.49,0,0
4433,37,Male,IT,Consultant,1,13469,0,8,Yes,34,2,1,2,1,1,0.28,0,1
4434,31,Female,Marketing,Sales Executive,5,9889,4,8,No,7,5,4,3,1,1,0.76,0,1
4435,59,Male,R&D,Manager,5,3298,4,9,No,31,9,3,1,1,1,0.36,0,1
4436,36,Male,Sales,Manager,5,6690,11,4,No,32,7,2,4,2,3,0.01,0,0
4437,34,Female,IT,Manager,2,13442,4,6,No,21,8,4,2,2,4,0.71,1,0
4438,34,Male,HR,Sales Executive,5,13106,12,2,Yes,15,2,4,3,2,3,0.21,1,0
4439,34,Male,Marketing,Manager,4,5868,10,7,No,30,1,3,3,1,1,0.27,0,0
4440,58,Female,Marketing,HR Specialist,3,12456,0,2,No,4,9,2,2,3,2,0.08,1,0
4441,32,Male,Finance,Analyst,4,13984,11,9,Yes,34,9,3,1,2,4,0.78,0,0
4442,36,Male,HR,Analyst,1,13072,5,6,Yes,9,6,4,4,4,2,0.25,0,1
4443,51,Female,HR,Consultant,2,13045,10,3,No,12,7,2,2,3,1,0.76,0,0
4444,28,Male,R&D,Analyst,3,9600,11,4,No,30,8,3,3,3,4,0.02,1,0
4445,59,Male,Sales,Manager,2,13899,5,6,Yes,24,0,2,3,3,1,0.64,0,1
4446,39,Female,R&D,Analyst,2,9200,4,1,No,29,0,1,4,3,4,0.12,1,0
4447,45,Male,Sales,Technician,5,13020,17,3,No,22,0,3,3,3,3,0.42,1,0
4448,46,Male,IT,Manager,4,2215,15,6,No,35,3,2,1,4,2,0.31,0,0
4449,40,Female,R&D,Technician,3,8244,12,2,No,20,2,3,4,2,3,0.78,1,0
4450,37,Female,Finance,HR Specialist,5,14757,6,3,Yes,37,6,3,3,3,4,0.79,0,0
4451,32,Male,Sales,Technician,3,2179,13,9,Yes,9,5,2,4,4,1,0.85,1,0
4452,35,Male,R&D,HR Specialist,4,4686,0,7,Yes,22,2,4,2,1,3,0.02,0,0
4453,28,Female,Finance,Sales Executive,5,9655,11,2,No,16,2,3,1,2,1,0.85,0,0
4454,31,Male,HR,Sales Executive,3,7579,2,8,Yes,2,4,4,3,3,1,0.24,0,1
4455,57,Male,Marketing,Consultant,5,2376,17,4,Yes,23,3,4,1,3,1,0.84,0,0
4456,38,Male,IT,Technician,2,12920,10,1,No,29,8,3,1,2,4,0.84,0,1
4457,26,Female,IT,Engineer,1,8960,19,7,No,11,0,3,2,3,1,0.22,0,1
4458,54,Male,HR,HR Specialist,3,10045,6,9,No,35,0,3,2,1,3,0.25,0,0
4459,37,Male,R&D,Manager,4,3827,9,7,No,22,4,3,2,3,3,0.16,0,1
4460,35,Female,Marketing,Engineer,3,9772,18,0,Yes,3,7,3,1,2,3,0.18,1,1
4461,58,Female,HR,HR Specialist,1,7852,12,8,No,12,3,3,3,4,3,0.95,0,0
4462,23,Female,Finance,Manager,3,9577,13,1,No,1,8,2,1,4,2,0.38,1,0
4463,44,Male,Marketing,HR Specialist,3,13418,14,3,Yes,26,6,3,2,2,2,0.04,0,0
4464,51,Male,Sales,HR Specialist,3,4327,5,5,Yes,34,2,4,1,2,4,0.33,0,1
4465,59,Female,R&D,Manager,4,11694,6,8,Yes,29,5,3,4,1,3,0.05,1,0
4466,32,Male,Marketing,HR Specialist,1,10944,12,0,Yes,33,5,4,3,3,3,0.98,0,1
4467,36,Male,Sales,HR Specialist,1,9584,15,8,No,32,4,3,1,2,1,0.67,0,0
4468,56,Male,HR,HR Specialist,4,13361,14,7,Yes,25,7,2,1,1,2,0.51,0,1
4469,25,Male,IT,Consultant,3,10441,17,6,Yes,36,0,3,3,1,2,0.11,0,0
4470,38,Female,Marketing,Sales Executive,3,9272,2,1,Yes,2,9,4,3,4,3,0.27,1,1
4471,32,Female,Marketing,Analyst,1,4820,15,6,Yes,15,3,3,1,2,3,0.77,0,0
4472,45,Male,Sales,HR Specialist,3,6736,0,1,Yes,13,6,2,1,4,3,0.9,0,0
4473,33,Female,Sales,Consultant,2,8470,0,8,Yes,15,5,2,3,2,4,0.82,0,0
4474,50,Male,IT,Manager,3,11081,18,3,No,6,6,3,1,1,1,0.67,0,0
4475,23,Male,Sales,Technician,3,7601,5,1,No,21,2,4,2,2,1,0.54,0,0
4476,58,Female,Sales,HR Specialist,5,6866,10,4,Yes,26,2,2,2,2,2,0.46,0,1
4477,27,Female,Marketing,Consultant,1,14194,6,8,Yes,35,0,3,2,4,2,0.16,0,1
4478,44,Male,IT,Sales Executive,1,8520,2,3,Yes,18,6,2,2,4,1,0.12,0,0
4479,32,Male,IT,Consultant,2,13915,5,4,No,6,3,3,2,4,1,0.81,0,1
4480,51,Male,Marketing,Sales Executive,2,13278,0,7,Yes,14,8,3,3,1,3,0.79,0,1
4481,57,Male,HR,Technician,2,4743,7,2,Yes,18,4,2,1,3,1,0.02,0,0
4482,57,Female,HR,HR Specialist,1,6576,13,5,Yes,20,4,3,2,2,1,0.52,1,1
4483,47,Female,Marketing,Engineer,5,9183,3,0,Yes,15,8,3,1,1,3,0.15,1,1
4484,49,Male,Sales,Technician,5,11948,3,2,Yes,27,0,1,3,2,1,0.77,0,0
4485,22,Male,R&D,Analyst,4,12814,15,7,No,24,5,3,3,2,3,0.18,0,1
4486,47,Female,HR,Manager,1,11968,10,9,Yes,12,7,3,2,3,4,0.51,0,1
4487,22,Male,HR,Consultant,4,14772,6,9,No,1,0,2,1,2,1,0.67,0,1
4488,53,Female,Marketing,Manager,3,13596,0,5,Yes,14,9,1,4,4,3,0.39,1,1
4489,35,Male,Marketing,Manager,2,8400,8,9,Yes,32,8,2,3,2,2,0.67,0,1
4490,41,Female,R&D,Manager,4,9755,5,3,No,3,7,4,3,2,3,0.91,0,0
4491,51,Male,R&D,Sales Executive,4,12266,12,7,No,10,5,3,3,1,3,0.72,0,0
4492,57,Male,IT,Consultant,1,5096,11,2,Yes,26,8,3,4,2,3,0.32,0,0
4493,27,Male,Marketing,Analyst,2,10021,18,1,Yes,31,2,3,2,2,3,0.35,1,1
4494,27,Female,HR,HR Specialist,2,10190,16,9,No,10,3,4,2,4,2,0.33,1,1
4495,25,Female,Finance,HR Specialist,5,3085,0,7,No,1,2,4,3,1,1,0.48,0,0
4496,33,Male,Finance,Engineer,4,5729,8,3,No,32,4,4,1,2,4,0.09,0,0
4497,51,Male,Sales,HR Specialist,5,6328,7,8,No,19,0,1,2,4,4,0.02,1,0
4498,54,Male,HR,Analyst,4,3487,1,2,Yes,1,0,2,2,4,4,0.31,1,1
4499,29,Male,Finance,HR Specialist,1,10540,17,8,Yes,26,1,4,4,4,1,0.82,0,0
4500,22,Female,HR,Sales Executive,1,9453,3,9,No,5,0,3,3,2,3,0.87,1,0
4501,31,Female,Marketing,Technician,3,10605,0,5,Yes,26,2,1,3,2,3,0.75,0,1
4502,50,Female,HR,HR Specialist,4,12645,11,4,No,38,1,4,2,4,1,0.18,0,0
4503,48,Male,Finance,Manager,4,13644,15,1,Yes,1,9,3,4,4,2,0.49,1,0
4504,24,Male,HR,Manager,2,9337,17,5,No,30,6,1,4,3,3,0.51,1,1
4505,44,Female,R&D,Technician,2,9102,4,3,Yes,12,7,2,3,1,3,0.19,1,0
4506,50,Male,Sales,Manager,5,12755,15,4,No,36,1,4,4,1,2,0.37,1,0
4507,40,Female,IT,Manager,3,3009,8,5,No,36,3,3,1,1,3,0.29,0,0
4508,39,Female,Finance,Sales Executive,1,6382,8,6,No,24,7,4,1,3,2,0.25,0,1
4509,58,Female,Marketing,Sales Executive,4,8705,1,3,No,25,9,3,4,4,2,0.41,0,0
4510,41,Female,IT,Sales Executive,5,10973,13,7,Yes,8,0,3,3,1,1,0.32,0,1
4511,23,Male,Sales,HR Specialist,3,5079,10,4,No,12,7,2,4,1,2,0.93,0,0
4512,32,Female,R&D,Technician,2,6452,1,6,Yes,27,7,2,2,1,2,0.63,0,1
4513,39,Male,R&D,Manager,3,12820,15,5,Yes,12,1,2,1,2,2,0.58,0,1
4514,32,Female,R&D,Engineer,5,14167,18,4,No,32,2,3,2,3,4,0.42,0,0
4515,36,Female,R&D,Technician,1,4186,12,6,No,35,8,3,1,2,3,0.45,0,0
4516,55,Female,Finance,Engineer,2,7630,16,3,Yes,16,9,4,2,1,1,0.45,0,0
4517,52,Female,Finance,Manager,2,13511,0,6,Yes,36,4,3,1,2,3,0.02,0,1
4518,20,Male,HR,Analyst,1,11398,18,2,Yes,30,6,3,3,1,3,0.96,0,0
4519,34,Male,Marketing,Technician,2,13988,15,7,Yes,37,4,3,2,2,1,0.72,0,1
4520,32,Male,HR,HR Specialist,5,6518,12,9,No,32,9,2,3,4,1,0.55,1,0
4521,36,Male,Marketing,Engineer,2,14684,18,3,Yes,15,1,3,2,4,4,0.24,0,1
4522,43,Female,Sales,Technician,4,2304,2,3,No,21,1,3,1,2,2,0.0,1,0
4523,27,Male,HR,Technician,3,7138,2,0,Yes,29,0,2,2,4,1,0.28,1,0
4524,46,Male,Sales,Sales Executive,5,5454,0,7,Yes,30,5,4,2,4,3,0.78,1,1
4525,42,Female,Sales,Analyst,1,8082,2,4,Yes,25,6,3,4,3,4,0.97,1,0
4526,27,Male,Sales,Sales Executive,5,12465,15,8,No,20,4,3,4,1,2,0.76,1,0
4527,27,Male,R&D,Analyst,4,7349,7,2,No,10,2,2,2,3,2,0.43,0,0
4528,45,Male,IT,Analyst,2,2850,15,4,Yes,31,9,3,2,1,1,0.85,1,0
4529,32,Male,IT,HR Specialist,2,7727,12,3,Yes,1,9,2,2,1,3,1.0,0,1
4530,58,Female,Finance,Technician,5,10686,12,6,Yes,10,8,3,1,1,2,0.31,0,1
4531,56,Female,Sales,Sales Executive,2,5555,10,9,No,18,7,2,4,2,1,0.41,1,0
4532,47,Male,R&D,Sales Executive,2,4674,3,4,Yes,36,1,3,3,4,2,0.43,0,1
4533,44,Female,HR,Engineer,4,5430,3,1,No,13,2,3,2,3,1,0.38,0,0
4534,35,Male,HR,Technician,1,9540,14,5,No,32,6,4,4,4,3,0.64,0,0
4535,21,Male,Finance,Manager,3,5149,3,3,Yes,22,8,3,1,1,1,0.87,0,1
4536,37,Male,Finance,Manager,5,5347,7,5,Yes,6,1,2,4,1,1,0.87,0,0
4537,36,Female,Sales,Engineer,1,5949,1,0,No,33,9,4,2,2,3,0.1,0,1
4538,49,Female,Sales,Analyst,3,2504,14,0,No,1,6,3,3,1,3,0.03,0,0
4539,58,Female,HR,Engineer,1,14894,13,3,Yes,3,7,3,4,1,1,0.44,0,1
4540,32,Female,HR,Engineer,5,9765,1,6,No,5,5,2,4,2,1,0.14,0,1
4541,51,Female,HR,Sales Executive,4,4654,2,6,Yes,27,5,3,4,2,3,0.07,0,1
4542,48,Female,HR,Engineer,4,5406,10,0,Yes,12,7,1,1,2,4,0.11,1,1
4543,49,Male,IT,Consultant,4,5517,6,4,No,33,2,2,4,3,2,0.63,1,1
4544,37,Female,Sales,Analyst,1,12896,15,5,Yes,27,7,3,2,3,4,0.35,0,0
4545,32,Male,Sales,Manager,5,13956,6,4,No,13,9,3,2,3,2,0.63,0,0
4546,40,Male,HR,HR Specialist,2,7412,10,6,No,11,0,3,3,1,4,0.05,1,1
4547,49,Female,R&D,Technician,2,7257,1,5,Yes,11,1,4,4,3,1,0.93,0,0
4548,40,Male,HR,Engineer,4,3579,7,4,Yes,36,5,2,4,1,3,0.97,0,0
4549,36,Male,Marketing,Technician,1,11953,6,4,No,4,1,3,4,4,2,0.93,0,0
4550,59,Male,Finance,Engineer,2,14324,5,8,No,18,9,3,4,3,4,0.24,1,0
4551,38,Female,Marketing,Consultant,1,2313,15,2,Yes,18,1,4,2,4,3,0.86,0,1
4552,34,Female,R&D,Technician,5,6315,10,8,No,28,2,2,1,1,2,0.39,0,0
4553,28,Male,Finance,Sales Executive,4,4687,2,1,No,6,2,4,1,1,1,0.7,0,0
4554,29,Female,R&D,Sales Executive,3,9310,17,9,Yes,5,3,3,3,4,4,0.19,1,0
4555,50,Male,Finance,Technician,4,7523,8,6,No,11,8,1,4,2,2,0.42,0,1
4556,42,Female,HR,Engineer,3,11910,16,5,Yes,5,8,1,1,3,3,0.89,1,1
4557,49,Male,HR,Consultant,2,6499,1,7,Yes,9,1,4,3,2,4,0.46,0,1
4558,52,Male,R&D,Consultant,3,13818,9,8,No,23,1,2,1,4,4,0.93,0,1
4559,28,Female,Finance,Engineer,1,6574,9,5,Yes,11,5,2,4,1,2,0.36,0,1
4560,20,Female,IT,Analyst,3,8865,16,1,Yes,15,4,3,4,4,3,0.59,0,1
4561,54,Female,R&D,Manager,2,9727,7,9,No,25,4,2,4,1,4,0.44,0,0
4562,30,Female,R&D,Manager,2,11015,19,3,Yes,17,6,2,2,3,1,0.13,0,0
4563,53,Female,Marketing,Consultant,4,6315,5,2,No,26,8,3,4,4,1,0.48,1,0
4564,35,Male,Sales,HR Specialist,2,4414,10,2,No,14,0,4,4,1,1,0.36,1,1
4565,28,Male,R&D,Manager,1,7315,4,4,Yes,39,4,2,2,3,4,0.2,0,0
4566,51,Male,IT,HR Specialist,3,6779,9,9,No,9,4,1,4,3,3,0.42,0,1
4567,34,Female,HR,Sales Executive,5,5820,0,0,No,27,4,3,2,3,3,0.28,0,1
4568,31,Female,Finance,HR Specialist,2,7806,7,8,No,35,8,3,1,2,2,0.26,0,1
4569,52,Male,Sales,HR Specialist,3,3969,3,3,Yes,27,5,3,1,3,3,0.86,0,1
4570,33,Male,Finance,Manager,4,13295,6,6,Yes,16,7,2,1,3,2,0.77,0,1
4571,27,Male,HR,Consultant,5,13258,18,6,Yes,22,7,4,3,3,2,0.68,1,1
4572,27,Male,R&D,Engineer,4,3759,14,6,No,30,5,3,2,3,2,0.36,0,1
4573,46,Female,Marketing,Consultant,1,5125,1,4,No,26,5,3,3,3,4,0.23,1,0
4574,31,Male,IT,Sales Executive,4,8566,16,3,No,39,9,3,4,2,1,0.63,0,1
4575,20,Female,Sales,Analyst,3,14244,15,3,Yes,39,7,3,3,3,4,0.28,0,0
4576,59,Male,IT,HR Specialist,5,9865,13,4,Yes,33,0,4,1,1,1,0.75,1,1
4577,30,Female,IT,HR Specialist,4,4281,2,5,No,1,8,3,1,1,4,0.48,0,0
4578,58,Female,IT,Technician,4,7229,18,9,No,12,8,4,1,3,2,0.91,1,0
4579,50,Female,IT,HR Specialist,1,13226,7,6,No,17,7,3,2,3,3,0.9,0,1
4580,36,Female,HR,Consultant,3,3123,16,4,Yes,25,3,3,3,3,3,0.44,0,0
4581,52,Male,IT,Engineer,4,7831,17,8,Yes,29,0,1,1,3,3,0.95,0,1
4582,51,Male,Marketing,Analyst,3,3234,0,8,Yes,28,1,3,2,3,2,0.66,0,1
4583,48,Male,IT,Consultant,2,8876,6,0,No,19,0,3,3,1,2,0.61,0,0
4584,40,Female,HR,Technician,1,9570,3,4,Yes,10,2,4,4,3,2,0.09,1,0
4585,40,Male,Finance,Consultant,1,7956,2,1,No,11,8,3,2,4,3,0.98,0,0
4586,59,Male,HR,Manager,1,2674,18,3,Yes,10,5,4,2,3,1,0.09,1,1
4587,42,Male,Marketing,Sales Executive,3,7513,9,6,Yes,30,4,2,2,3,4,0.27,1,0
4588,25,Female,Marketing,Engineer,4,12894,2,9,Yes,7,7,3,4,4,3,0.17,1,0
4589,41,Female,R&D,Analyst,4,4305,1,5,Yes,5,9,3,4,4,2,0.06,1,1
4590,57,Female,HR,Sales Executive,3,3268,4,6,No,28,2,4,3,1,1,1.0,0,1
4591,56,Male,Finance,Manager,3,7097,16,2,No,20,9,3,2,4,4,0.32,0,0
4592,27,Male,R&D,Sales Executive,2,5221,4,4,No,32,2,3,3,4,3,0.05,0,0
4593,54,Male,R&D,Technician,5,6719,13,5,Yes,12,4,3,4,1,3,0.12,0,0
4594,30,Female,Sales,HR Specialist,5,6194,15,5,No,5,0,3,2,4,3,0.24,0,0
4595,43,Male,IT,HR Specialist,1,13986,13,5,Yes,30,6,3,1,3,4,0.04,1,1
4596,40,Female,R&D,Engineer,4,14270,18,8,No,33,2,3,2,4,4,0.15,1,0
4597,21,Female,R&D,Sales Executive,1,12251,12,5,No,10,1,3,4,4,2,0.03,1,0
4598,59,Female,Marketing,Consultant,4,3249,11,1,Yes,39,6,2,4,4,4,0.17,1,1
4599,38,Female,Finance,HR Specialist,4,6029,15,8,No,27,0,3,1,1,4,0.45,0,1
4600,58,Male,R&D,Engineer,2,4860,16,3,Yes,12,0,3,4,4,2,0.98,1,0
4601,47,Male,Finance,Engineer,3,5513,19,6,No,2,8,4,1,4,4,0.68,1,1
4602,36,Female,IT,Technician,3,5219,5,5,Yes,30,6,4,4,3,4,0.54,0,0
4603,25,Male,Marketing,Engineer,3,10370,13,8,Yes,5,2,3,1,1,4,0.99,0,1
4604,38,Female,Sales,Manager,5,4199,15,9,No,37,4,3,4,3,4,0.7,0,0
4605,57,Male,Sales,Consultant,3,6930,2,2,No,14,1,3,1,2,2,0.37,1,1
4606,47,Male,IT,HR Specialist,5,6677,18,7,Yes,26,4,2,4,1,1,0.79,0,1
4607,21,Female,IT,HR Specialist,1,7472,6,4,Yes,8,8,3,3,4,3,0.48,0,1
4608,57,Female,Marketing,Analyst,5,8708,4,5,Yes,31,9,1,1,2,3,0.04,0,0
4609,56,Female,Marketing,Manager,4,9841,19,2,No,3,4,1,4,4,3,0.64,1,0
4610,23,Female,HR,HR Specialist,2,9830,9,2,No,28,0,3,4,4,4,0.73,1,0
4611,41,Male,R&D,Technician,2,14483,8,6,No,14,7,3,1,1,2,0.98,0,1
4612,45,Female,R&D,HR Specialist,4,4529,2,5,Yes,11,5,3,3,2,3,0.1,1,0
4613,55,Male,R&D,Analyst,1,12447,9,1,Yes,29,1,4,1,1,1,0.32,1,1
4614,32,Female,Finance,Sales Executive,2,11127,15,9,Yes,12,5,3,4,4,4,0.72,0,0
4615,51,Male,HR,Sales Executive,4,9470,8,7,No,9,8,3,1,1,1,0.65,0,1
4616,36,Female,R&D,Manager,2,11148,1,4,No,36,2,2,3,3,1,0.52,0,0
4617,55,Male,Finance,Engineer,5,4473,5,6,Yes,19,4,3,4,1,3,0.19,0,0
4618,38,Male,Finance,Analyst,2,3085,4,2,Yes,7,6,2,1,4,1,0.21,1,1
4619,54,Male,Sales,Analyst,5,9362,2,9,Yes,17,9,4,3,4,3,0.97,0,1
4620,59,Female,Finance,HR Specialist,5,6662,6,4,No,23,1,3,3,4,4,0.11,1,0
4621,47,Female,IT,Technician,2,5434,14,2,No,12,0,3,4,1,1,0.73,0,0
4622,20,Female,Marketing,HR Specialist,2,9728,5,2,No,7,4,3,2,4,4,0.0,1,1
4623,37,Female,Finance,Technician,5,4665,3,0,No,25,3,2,3,4,3,0.12,0,0
4624,59,Male,IT,Analyst,2,13184,12,2,No,14,8,3,4,2,1,0.85,1,1
4625,52,Male,IT,Engineer,1,11293,4,6,Yes,31,9,3,4,2,1,0.31,0,1
4626,31,Male,Sales,Sales Executive,3,13168,14,8,Yes,25,3,3,3,4,1,0.99,0,1
4627,27,Female,Sales,Manager,3,10475,6,0,Yes,11,6,3,1,4,3,0.73,1,0
4628,43,Male,Finance,Consultant,4,6471,6,3,No,11,4,1,3,2,1,0.37,0,1
4629,35,Male,Sales,Technician,3,8519,9,9,No,7,4,1,4,2,4,0.43,1,0
4630,23,Female,Sales,Sales Executive,1,13982,12,6,No,3,5,4,2,4,2,0.24,0,0
4631,57,Female,Marketing,Manager,3,13011,10,5,No,15,7,3,4,3,1,0.82,1,0
4632,46,Male,R&D,Engineer,3,2787,0,3,Yes,3,3,1,4,2,4,0.01,1,0
4633,28,Female,Finance,Analyst,1,14660,19,2,No,17,8,2,1,3,4,0.24,0,0
4634,35,Female,Finance,Engineer,5,11048,10,5,Yes,7,5,2,4,4,1,0.87,0,0
4635,31,Female,Finance,Technician,3,11890,0,3,No,11,7,2,3,3,1,0.97,0,0
4636,50,Female,Sales,Analyst,4,8905,2,4,Yes,20,3,1,3,2,1,0.44,0,1
4637,43,Male,Marketing,HR Specialist,3,9988,7,1,No,1,8,2,3,2,1,0.83,1,1
4638,33,Male,Sales,Manager,3,9206,12,8,Yes,32,8,4,2,2,1,0.82,0,1
4639,44,Male,IT,HR Specialist,1,12872,6,1,No,38,0,3,1,1,3,0.77,0,0
4640,53,Male,HR,Analyst,1,4133,2,3,Yes,21,0,3,1,4,3,0.84,1,0
4641,22,Male,HR,Consultant,4,14386,19,7,Yes,31,6,3,1,2,2,0.95,1,1
4642,43,Female,HR,Manager,2,4421,1,6,Yes,17,2,4,3,2,4,0.05,1,0
4643,28,Male,R&D,Manager,1,12997,17,3,No,25,6,1,2,3,4,0.36,1,1
4644,45,Male,Sales,HR Specialist,2,5931,4,7,Yes,33,0,3,3,2,4,0.7,0,0
4645,39,Female,IT,Manager,4,8025,17,5,Yes,12,0,4,3,4,2,0.19,0,0
4646,59,Female,IT,Analyst,3,7327,15,7,Yes,28,6,3,1,1,3,0.53,1,1
4647,29,Female,HR,Consultant,3,10816,6,3,No,26,3,3,2,2,2,0.62,0,1
4648,38,Male,Marketing,Technician,2,9126,0,4,No,36,1,3,4,2,1,0.17,0,0
4649,22,Female,R&D,Technician,4,14370,8,3,No,8,4,1,1,3,3,0.68,0,0
4650,43,Female,R&D,Analyst,4,11792,14,6,No,32,4,4,2,1,1,0.04,0,1
4651,24,Female,HR,HR Specialist,1,10192,0,3,No,26,3,2,4,1,2,0.03,1,0
4652,22,Male,HR,Engineer,2,14973,16,4,No,5,8,2,3,2,4,0.74,0,0
4653,46,Female,Sales,Analyst,1,14537,8,8,Yes,38,1,3,3,1,1,0.65,0,1
4654,35,Female,Marketing,Technician,2,6505,14,7,No,13,3,3,1,2,2,0.76,0,1
4655,34,Male,R&D,Analyst,1,8881,9,1,No,19,1,4,2,4,3,0.01,0,0
4656,54,Female,IT,Manager,1,11601,19,6,No,6,9,3,2,3,1,0.08,0,1
4657,31,Male,HR,Manager,4,14059,2,1,No,6,3,3,2,4,3,0.31,1,0
4658,45,Male,Sales,Analyst,4,14777,4,9,No,16,5,3,3,1,2,0.1,0,0
4659,53,Female,IT,HR Specialist,3,13162,1,2,Yes,29,4,3,4,4,1,0.33,0,0
4660,42,Male,R&D,Engineer,3,12779,5,0,No,18,9,4,1,2,2,0.56,0,0
4661,50,Female,HR,Manager,4,8523,15,1,Yes,32,9,2,1,3,1,0.55,1,1
4662,39,Female,Marketing,Technician,4,2798,11,2,No,29,5,2,3,4,1,0.09,0,0
4663,31,Female,HR,Consultant,1,11134,16,4,Yes,17,1,3,1,3,2,0.07,0,1
4664,42,Female,Marketing,Manager,3,5462,11,5,No,5,0,3,4,2,3,0.04,0,0
4665,23,Male,Sales,Technician,4,9495,16,6,No,32,4,3,3,3,4,0.88,0,1
4666,42,Female,Sales,Consultant,2,3327,6,4,No,29,2,3,2,3,1,0.76,0,0
4667,20,Female,R&D,Engineer,2,9449,15,4,No,29,2,1,2,2,3,0.82,0,0
4668,44,Female,Marketing,Consultant,3,10886,17,7,Yes,3,9,3,4,1,3,0.02,0,0
4669,21,Male,HR,Manager,2,13608,7,0,Yes,4,4,2,3,4,3,0.72,0,0
4670,49,Male,Sales,Consultant,1,14422,17,8,Yes,25,2,3,4,1,3,0.63,0,1
4671,22,Female,HR,HR Specialist,3,2185,1,2,No,22,5,1,2,4,1,0.1,1,0
4672,40,Male,R&D,Technician,4,10669,8,5,No,11,6,1,3,3,4,0.58,0,0
4673,44,Male,Marketing,Manager,2,9031,15,3,No,8,5,4,2,2,4,0.06,0,1
4674,39,Female,HR,Manager,1,14288,16,1,Yes,27,9,3,1,1,3,0.45,0,1
4675,41,Female,IT,Analyst,4,13089,9,5,No,22,7,3,3,4,1,0.68,0,0
4676,40,Female,HR,HR Specialist,5,13207,0,9,Yes,3,3,3,1,4,4,0.06,0,1
4677,52,Female,Finance,HR Specialist,1,8684,17,7,No,27,5,3,4,1,3,0.51,1,0
4678,57,Female,Finance,Analyst,2,14007,14,3,No,11,2,3,4,3,3,0.69,0,0
4679,34,Male,R&D,Consultant,1,11877,8,7,No,27,9,3,3,3,2,0.05,0,1
4680,34,Female,R&D,Technician,5,11183,2,6,Yes,7,6,4,1,1,2,0.87,0,1
4681,44,Female,R&D,Sales Executive,5,9591,15,0,No,27,5,3,4,2,2,0.35,0,0
4682,40,Female,IT,Engineer,1,4749,14,4,Yes,11,5,2,3,2,1,0.31,0,0
4683,43,Female,Marketing,HR Specialist,4,14557,1,7,Yes,25,2,1,1,4,3,0.12,0,1
4684,24,Female,IT,Sales Executive,4,4945,9,5,No,39,0,2,4,3,4,0.99,0,0
4685,25,Male,HR,Technician,5,8562,3,8,No,16,1,2,3,4,4,0.58,0,0
4686,42,Female,Sales,Engineer,3,5398,18,6,Yes,21,9,3,2,1,2,0.58,1,1
4687,23,Male,Marketing,HR Specialist,3,10386,16,1,Yes,26,9,2,4,4,3,0.61,1,0
4688,46,Female,Finance,Manager,4,10060,9,0,No,27,2,3,3,1,1,0.42,0,0
4689,37,Female,Finance,HR Specialist,3,12494,5,8,No,17,0,1,3,3,1,0.38,0,1
4690,40,Female,Finance,Engineer,4,2078,0,4,Yes,31,7,3,3,3,1,0.55,0,0
4691,47,Male,HR,Consultant,2,14138,10,1,Yes,14,8,4,2,1,4,0.17,0,1
4692,54,Female,HR,Sales Executive,4,3121,15,3,Yes,23,6,3,4,2,2,0.59,1,1
4693,41,Female,R&D,Consultant,2,5221,19,9,No,2,6,3,4,3,1,0.5,0,0
4694,59,Female,Sales,Manager,5,10977,6,5,No,26,2,3,4,4,2,0.15,0,0
4695,42,Female,R&D,Engineer,3,4861,2,8,No,26,8,3,1,2,4,0.78,0,1
4696,22,Female,HR,Technician,5,10638,13,7,No,22,8,4,2,4,3,0.08,0,0
4697,59,Female,IT,Consultant,1,6218,3,5,Yes,28,4,3,2,2,1,0.24,0,1
4698,29,Female,R&D,Engineer,1,7729,8,3,Yes,6,6,3,1,1,2,0.17,0,0
4699,44,Male,Marketing,HR Specialist,5,4723,14,9,No,39,0,2,3,2,4,0.46,0,1
4700,27,Female,HR,Technician,4,11773,11,4,Yes,19,5,2,3,4,4,0.71,0,1
4701,30,Female,HR,Analyst,4,2358,15,3,Yes,21,9,3,1,4,2,0.24,0,0
4702,24,Female,IT,Analyst,3,4286,18,3,Yes,20,0,3,2,2,2,0.15,0,0
4703,56,Male,IT,Consultant,5,3765,13,7,Yes,31,9,4,1,1,2,0.57,1,0
4704,57,Male,IT,Manager,1,2804,3,3,No,27,5,4,3,3,4,0.67,0,0
4705,48,Female,Sales,Engineer,5,7649,5,2,No,15,5,4,1,4,3,0.95,0,0
4706,24,Male,Marketing,Sales Executive,5,4730,10,1,No,31,6,3,4,2,1,0.61,0,1
4707,28,Female,HR,Manager,3,7991,3,9,Yes,9,6,3,1,4,2,0.57,0,0
4708,21,Female,IT,Technician,4,14956,7,0,Yes,17,9,1,3,4,4,0.47,1,1
4709,20,Male,Sales,Consultant,1,9825,8,4,Yes,19,2,3,2,4,1,0.28,1,0
4710,59,Female,Finance,Manager,3,14254,1,3,No,32,6,1,4,3,4,0.95,0,1
4711,49,Male,Marketing,Consultant,1,2142,19,9,Yes,10,9,1,1,1,4,0.71,0,1
4712,30,Male,Finance,HR Specialist,1,12426,2,8,Yes,5,1,3,4,4,2,0.47,0,0
4713,47,Male,Finance,Technician,4,13751,5,8,Yes,13,1,4,3,1,2,0.53,1,0
4714,31,Female,HR,Sales Executive,4,12361,1,4,Yes,27,0,4,3,1,2,0.96,0,0
4715,58,Female,Sales,Engineer,3,13613,7,4,Yes,2,1,3,2,4,2,0.49,1,0
4716,45,Female,Sales,Technician,2,11315,19,5,Yes,1,1,3,3,1,2,0.99,0,0
4717,32,Female,Finance,Engineer,3,2283,7,3,No,8,8,3,2,4,1,0.57,0,0
4718,27,Female,Marketing,Engineer,3,9092,2,5,No,10,2,3,4,4,3,0.92,0,0
4719,47,Female,R&D,Manager,2,2383,16,7,Yes,28,0,3,3,4,1,0.72,0,0
4720,49,Female,Finance,HR Specialist,1,3578,10,4,Yes,5,1,1,1,4,1,0.11,0,0
4721,28,Male,HR,Manager,5,14064,2,7,Yes,2,9,1,1,1,4,0.62,0,1
4722,58,Female,Finance,Analyst,2,4945,11,7,Yes,17,7,2,1,3,1,0.95,0,1
4723,50,Female,Marketing,Analyst,5,14474,13,2,Yes,33,9,3,3,3,2,0.33,0,0
4724,40,Female,Marketing,Engineer,1,2623,0,5,No,25,1,3,1,1,1,0.36,0,0
4725,53,Male,Finance,HR Specialist,2,2544,11,0,Yes,5,3,3,4,2,3,0.12,0,0
4726,50,Male,Sales,Technician,4,9586,17,4,Yes,28,8,3,2,1,2,0.51,0,0
4727,44,Male,Finance,Engineer,3,2913,3,6,Yes,18,8,4,1,1,4,0.3,0,0
4728,31,Female,IT,Technician,2,12329,2,4,No,23,6,4,1,2,1,0.77,0,1
4729,20,Male,IT,Engineer,2,4543,16,2,Yes,35,0,2,3,4,4,0.21,0,1
4730,41,Male,R&D,Manager,1,13924,12,1,Yes,18,9,3,2,2,3,0.74,0,1
4731,59,Female,HR,Engineer,4,14187,16,1,Yes,11,4,3,2,1,4,0.41,0,1
4732,56,Female,HR,Engineer,2,3747,16,8,Yes,10,4,4,4,4,3,0.94,0,0
4733,20,Female,Sales,HR Specialist,4,4163,18,1,Yes,10,1,3,1,1,1,0.57,0,1
4734,20,Male,HR,HR Specialist,5,11235,4,6,Yes,36,6,3,4,2,1,0.89,0,1
4735,40,Female,R&D,Consultant,2,12371,7,8,Yes,9,0,3,2,2,2,0.26,0,0
4736,34,Female,IT,Technician,4,11507,1,2,No,13,0,4,1,1,1,0.95,1,1
4737,36,Female,Sales,HR Specialist,3,3377,8,6,No,23,9,2,2,4,2,0.22,0,0
4738,41,Female,Marketing,Engineer,1,13500,6,0,No,1,0,3,4,1,2,0.95,1,1
4739,57,Female,IT,HR Specialist,4,7708,15,5,No,16,9,2,4,2,1,0.88,1,0
4740,54,Female,R&D,HR Specialist,1,10414,11,1,No,19,6,3,3,4,3,0.2,0,1
4741,35,Male,Sales,Sales Executive,2,6531,4,9,Yes,12,3,3,4,1,3,0.66,0,1
4742,27,Female,Finance,Sales Executive,2,14614,5,0,Yes,5,3,2,1,3,3,0.37,1,0
4743,36,Male,HR,Analyst,5,4153,16,4,Yes,5,8,4,1,1,1,0.4,0,0
4744,36,Male,R&D,Manager,1,4699,14,5,Yes,7,3,2,4,4,2,0.04,0,1
4745,45,Female,Sales,Consultant,3,5320,9,1,No,14,7,2,2,2,3,0.83,0,0
4746,32,Male,IT,Consultant,3,2566,2,3,No,33,0,2,1,3,4,0.26,0,1
4747,36,Male,Sales,Manager,4,4042,6,2,No,6,2,4,3,4,4,0.77,0,1
4748,57,Male,Finance,HR Specialist,3,10821,1,0,Yes,18,0,2,1,1,1,0.59,0,1
4749,36,Female,R&D,Analyst,1,4735,12,0,No,6,0,2,3,4,3,0.97,0,0
4750,33,Male,Sales,Analyst,2,7473,13,2,Yes,30,2,3,1,2,3,0.2,0,0
4751,25,Male,Marketing,Technician,1,12709,3,1,No,12,3,4,4,3,3,0.32,0,0
4752,54,Male,R&D,Consultant,1,2724,7,1,No,35,5,3,4,2,1,0.17,0,0
4753,33,Male,R&D,Sales Executive,2,14552,4,9,Yes,11,2,3,2,1,2,0.83,1,0
4754,27,Female,IT,Analyst,1,9819,11,4,Yes,4,7,3,4,3,3,0.33,0,0
4755,34,Female,HR,Engineer,3,6048,11,4,Yes,13,7,3,3,1,4,0.2,0,0
4756,46,Male,Marketing,Technician,4,8980,10,6,Yes,1,2,3,4,3,1,0.59,0,0
4757,32,Female,Finance,Consultant,4,4898,1,4,Yes,38,2,3,2,1,3,0.38,1,0
4758,50,Female,Sales,HR Specialist,1,3464,4,2,No,29,5,3,1,3,2,0.81,0,0
4759,54,Male,HR,Engineer,2,11499,12,9,Yes,14,0,3,1,2,2,0.76,0,0
4760,25,Female,IT,Manager,5,12146,17,5,No,21,0,3,1,1,1,0.12,0,1
4761,24,Female,HR,Consultant,1,14986,16,2,Yes,31,4,2,2,1,1,0.86,0,1
4762,41,Male,R&D,Sales Executive,1,7614,5,7,Yes,7,9,4,4,2,3,0.98,0,1
4763,42,Male,R&D,Engineer,5,9089,18,5,No,15,6,4,2,1,3,0.75,1,1
4764,44,Female,Finance,HR Specialist,4,2153,16,6,Yes,9,0,3,4,3,1,0.82,1,1
4765,53,Female,Marketing,Engineer,4,8763,16,2,Yes,29,1,2,1,2,3,0.92,0,1
4766,45,Female,Sales,Engineer,5,8459,17,6,No,24,8,3,1,3,1,0.79,0,1
4767,24,Female,Sales,Analyst,2,13703,14,8,Yes,15,0,3,4,2,4,0.58,1,1
4768,45,Male,IT,Sales Executive,1,6066,19,7,Yes,21,2,2,3,3,1,0.07,0,0
4769,39,Male,Finance,Manager,3,2810,3,1,Yes,24,7,3,1,4,2,0.48,0,1
4770,25,Male,Sales,HR Specialist,4,2150,3,9,Yes,7,1,2,3,1,1,0.78,1,1
4771,25,Male,Marketing,Technician,4,10137,4,9,Yes,24,9,4,2,3,2,0.26,0,1
4772,37,Male,R&D,Technician,4,12414,14,1,No,23,6,4,4,1,3,0.65,0,0
4773,23,Female,Finance,HR Specialist,2,11270,1,6,Yes,25,1,4,1,2,3,0.32,0,0
4774,36,Female,HR,Manager,5,2778,10,9,Yes,8,2,3,2,4,4,0.86,1,1
4775,33,Male,Finance,HR Specialist,2,6249,2,3,No,34,9,1,1,3,3,0.36,0,0
4776,33,Male,Finance,Analyst,4,5968,10,8,No,35,8,1,3,3,2,0.05,0,1
4777,32,Male,Marketing,Technician,1,9667,2,5,No,22,3,3,3,1,1,0.58,0,0
4778,26,Female,Marketing,Consultant,4,6596,10,8,Yes,34,6,3,1,4,1,0.05,0,1
4779,34,Female,Sales,Technician,1,9357,1,2,No,28,5,3,4,2,4,0.22,0,1
4780,38,Female,IT,Consultant,1,4553,19,5,No,1,6,3,3,1,4,0.5,0,1
4781,54,Male,IT,Engineer,4,14436,19,5,Yes,37,6,3,1,2,3,0.79,1,1
4782,36,Male,Marketing,Analyst,4,6103,14,7,Yes,30,1,1,2,1,1,0.32,0,1
4783,54,Male,Sales,Technician,1,7804,7,6,Yes,25,0,4,2,4,2,0.29,1,1
4784,38,Male,Sales,Analyst,2,14880,1,2,Yes,2,9,3,3,1,4,0.11,0,0
4785,39,Male,Sales,Analyst,2,6564,17,0,No,28,5,2,2,1,3,0.59,0,0
4786,55,Female,Marketing,Manager,2,8464,7,1,Yes,28,6,3,3,3,2,0.53,1,1
4787,54,Male,IT,Technician,3,8715,11,9,Yes,23,1,1,4,3,1,0.01,1,0
4788,51,Female,Sales,Consultant,1,14738,5,1,No,38,1,4,1,1,4,0.7,0,0
4789,59,Female,Marketing,Sales Executive,3,5678,1,0,No,24,8,3,4,2,2,0.46,1,0
4790,43,Female,HR,Consultant,3,14415,11,3,Yes,35,4,2,3,4,1,0.29,0,1
4791,36,Female,HR,Manager,1,5705,11,5,No,8,6,2,3,3,4,0.71,0,1
4792,26,Female,R&D,Manager,3,5358,12,3,No,36,0,3,1,1,2,0.81,0,1
4793,20,Male,HR,Analyst,1,11044,8,3,Yes,18,3,3,2,2,2,0.6,1,1
4794,54,Male,Finance,Sales Executive,5,6182,14,8,Yes,20,1,3,2,2,3,0.09,0,0
4795,51,Male,R&D,Manager,5,5965,10,1,No,4,4,2,2,2,1,0.91,0,0
4796,55,Female,HR,Sales Executive,1,7200,8,0,No,8,0,3,3,1,3,0.02,0,0
4797,32,Female,Finance,Technician,1,6629,7,6,No,26,9,4,1,4,3,0.21,0,1
4798,25,Female,HR,Analyst,1,13515,19,4,No,39,6,3,2,3,4,0.26,0,0
4799,33,Female,Marketing,Manager,2,8333,17,4,Yes,20,1,3,3,2,3,0.37,0,0
4800,56,Female,Finance,Sales Executive,1,9765,10,1,No,18,2,3,3,1,3,0.36,1,0
4801,34,Female,Sales,HR Specialist,4,7603,4,5,No,33,4,3,3,1,2,0.9,0,0
4802,23,Male,Marketing,Consultant,5,6474,3,4,Yes,18,8,2,1,1,1,0.8,0,1
4803,59,Female,Finance,Manager,5,10647,4,4,Yes,34,9,4,4,4,3,0.2,0,1
4804,35,Female,Marketing,Manager,1,9175,6,5,Yes,19,3,3,1,4,2,0.95,0,1
4805,47,Male,Sales,Manager,5,14605,16,1,Yes,33,7,3,3,1,2,0.36,1,0
4806,35,Female,Finance,Sales Executive,1,2229,17,4,No,21,7,4,4,1,2,0.22,0,1
4807,23,Male,Finance,Engineer,1,8807,0,0,No,7,9,4,2,4,3,0.95,0,1
4808,45,Male,Marketing,Technician,5,14795,15,7,Yes,14,3,4,3,4,1,0.57,0,1
4809,47,Male,HR,Consultant,5,7594,8,0,Yes,33,3,3,2,3,4,0.59,0,1
4810,51,Female,Finance,Manager,4,7019,11,6,No,4,1,3,3,3,4,0.66,1,0
4811,21,Male,HR,HR Specialist,3,5477,18,5,No,2,7,2,1,1,2,0.63,0,0
4812,50,Male,Finance,HR Specialist,4,5358,10,7,Yes,31,0,3,2,4,1,0.63,0,1
4813,22,Female,IT,Analyst,4,2759,5,4,No,30,4,3,1,3,1,0.0,0,0
4814,27,Male,R&D,Engineer,5,11982,3,5,No,10,7,2,4,1,2,0.69,0,0
4815,43,Female,HR,Engineer,4,14733,15,3,No,21,5,3,1,4,3,0.74,1,0
4816,34,Female,HR,Sales Executive,5,3366,2,9,No,23,9,2,1,2,4,0.03,0,1
4817,50,Male,Sales,Analyst,2,10516,7,9,Yes,37,3,3,1,4,3,0.62,0,1
4818,28,Female,IT,Consultant,1,2876,15,0,Yes,8,8,3,2,3,3,0.26,0,1
4819,58,Female,Sales,Sales Executive,3,2166,1,6,Yes,10,2,3,1,4,2,0.63,0,1
4820,21,Male,IT,Analyst,2,5664,12,1,No,25,8,3,2,3,1,0.26,0,1
4821,27,Male,IT,Technician,1,9463,18,0,Yes,33,0,3,3,1,3,0.1,1,1
4822,26,Male,Marketing,Engineer,1,10772,15,0,No,17,3,3,3,4,1,0.18,0,0
4823,58,Male,Marketing,Consultant,3,9350,18,0,No,24,9,3,4,1,2,0.92,0,0
4824,35,Female,Marketing,Technician,4,7695,7,1,Yes,30,2,2,3,3,1,0.44,1,0
4825,54,Male,Finance,Consultant,1,11991,1,0,No,1,1,1,3,2,2,0.92,0,0
4826,49,Male,Sales,Sales Executive,3,11301,0,3,No,17,3,3,4,4,4,0.48,0,0
4827,29,Male,R&D,Analyst,5,13819,16,9,Yes,28,3,4,3,3,4,0.9,0,0
4828,57,Female,IT,Engineer,1,13045,17,9,Yes,13,8,3,4,3,1,0.57,1,1
4829,37,Female,IT,Engineer,1,10052,6,6,Yes,10,9,4,1,3,4,0.35,0,1
4830,24,Female,HR,Consultant,4,11364,8,9,Yes,1,5,2,3,2,2,0.22,0,1
4831,48,Female,Finance,Consultant,4,10963,2,2,Yes,20,5,3,1,2,1,0.37,0,1
4832,58,Female,R&D,Consultant,5,2927,10,8,No,7,5,3,1,4,2,0.18,1,1
4833,53,Male,Marketing,Manager,1,13100,15,1,Yes,32,5,1,2,1,1,0.98,0,1
4834,42,Female,IT,Sales Executive,4,10797,8,1,No,21,7,2,1,3,4,0.35,0,1
4835,24,Female,HR,Manager,3,14098,11,6,Yes,26,3,3,4,1,3,0.56,1,0
4836,49,Female,Sales,Consultant,1,6100,13,8,No,7,0,2,2,4,2,1.0,0,0
4837,25,Male,IT,Consultant,3,6094,3,5,No,38,2,3,1,4,3,0.52,0,1
4838,23,Male,HR,Engineer,2,8983,3,0,Yes,27,7,3,3,2,2,0.31,1,0
4839,48,Female,Sales,Sales Executive,5,9194,10,5,No,34,0,3,1,3,2,0.61,1,0
4840,42,Male,Finance,Sales Executive,4,11193,1,3,Yes,12,4,3,1,3,4,0.82,0,1
4841,25,Female,Marketing,Technician,2,5973,17,4,No,12,1,3,1,3,3,0.62,1,0
4842,51,Male,Sales,HR Specialist,4,9744,2,3,No,15,9,4,1,4,1,0.22,0,0
4843,37,Male,IT,Analyst,2,2413,1,2,No,20,3,3,3,3,4,0.19,1,0
4844,34,Female,R&D,HR Specialist,4,7928,0,1,Yes,10,2,2,2,1,1,0.72,0,1
4845,59,Male,Sales,HR Specialist,5,4014,4,1,Yes,26,0,2,4,3,1,0.85,0,0
4846,51,Female,R&D,Consultant,1,11679,6,9,No,17,4,3,4,2,1,0.7,0,1
4847,28,Female,R&D,Engineer,3,10974,19,3,Yes,10,8,2,2,4,1,0.09,0,0
4848,56,Female,Sales,Technician,2,10718,3,2,No,11,2,2,3,1,1,0.32,0,1
4849,29,Male,Finance,Analyst,3,2000,2,5,Yes,17,0,1,2,3,4,0.69,0,0
4850,39,Male,Sales,Consultant,3,10462,5,9,No,11,0,3,3,1,4,0.71,0,1
4851,25,Female,HR,Consultant,4,4531,11,2,Yes,15,0,3,2,1,3,0.46,0,0
4852,22,Female,Marketing,HR Specialist,1,3071,15,2,Yes,4,3,3,1,3,2,0.3,0,0
4853,30,Male,R&D,HR Specialist,4,10885,7,3,Yes,25,4,2,4,4,2,0.09,0,0
4854,36,Female,Marketing,Sales Executive,3,4887,10,4,No,36,7,4,1,2,3,0.05,0,0
4855,51,Male,IT,Engineer,5,8516,12,8,No,31,9,3,3,3,1,0.11,0,0
4856,23,Male,R&D,HR Specialist,1,13770,13,4,No,29,6,3,1,3,1,0.34,1,0
4857,23,Male,IT,Analyst,1,9905,17,0,Yes,31,9,4,1,2,3,0.61,0,1
4858,36,Female,HR,Manager,3,3995,7,8,No,9,3,4,3,3,4,0.85,0,0
4859,38,Female,HR,Consultant,4,5577,0,1,Yes,1,1,4,3,2,4,0.25,0,0
4860,24,Male,Marketing,Manager,5,8209,3,3,Yes,3,1,2,3,1,2,0.08,1,1
4861,51,Female,HR,Engineer,2,3709,16,9,Yes,4,1,3,1,2,3,0.97,0,1
4862,41,Female,Sales,Manager,4,4099,19,5,Yes,19,0,4,4,1,1,0.62,0,1
4863,25,Male,R&D,Sales Executive,1,8117,5,8,No,22,5,3,4,2,2,0.14,0,1
4864,54,Male,IT,Sales Executive,4,10661,4,1,Yes,8,3,1,3,1,3,0.25,0,0
4865,41,Female,Marketing,Analyst,2,4290,13,8,Yes,25,2,1,3,2,1,0.42,0,0
4866,20,Male,Marketing,Technician,5,10528,18,8,No,4,0,4,2,1,3,0.97,1,1
4867,39,Female,HR,Engineer,5,9970,13,0,No,14,6,3,1,3,4,0.12,0,0
4868,41,Male,HR,Engineer,2,2755,1,5,No,5,8,2,3,2,3,0.43,0,0
4869,30,Male,IT,Consultant,2,12793,8,5,No,29,3,3,2,2,3,0.44,0,1
4870,32,Female,R&D,Manager,3,11911,6,8,Yes,21,0,3,1,1,4,0.99,0,1
4871,22,Female,R&D,HR Specialist,1,9212,17,5,Yes,15,2,4,1,2,3,0.19,0,1
4872,28,Female,Marketing,HR Specialist,3,4099,19,1,No,23,8,3,3,2,3,0.47,0,0
4873,31,Female,IT,Technician,4,2412,10,7,Yes,17,0,4,2,2,2,0.99,1,0
4874,42,Female,Marketing,Consultant,2,13804,7,0,No,3,0,2,1,2,2,0.66,1,0
4875,33,Male,Finance,HR Specialist,3,13472,9,4,No,33,4,3,2,4,3,0.17,1,0
4876,52,Male,R&D,Technician,1,6103,17,9,No,27,4,3,4,2,2,0.94,0,1
4877,37,Female,IT,Consultant,1,4993,16,2,No,16,7,3,4,1,1,0.54,0,0
4878,28,Male,IT,Analyst,2,13654,16,5,No,6,0,2,2,2,3,0.81,0,0
4879,42,Female,Marketing,Engineer,3,2246,0,4,No,10,7,4,3,4,2,0.81,0,0
4880,29,Male,HR,Manager,5,9562,3,9,No,29,1,4,3,3,3,0.55,0,0
4881,38,Male,IT,Analyst,2,13970,10,3,Yes,17,0,2,4,3,3,0.82,0,1
4882,24,Female,Marketing,Sales Executive,4,8977,8,2,No,39,7,3,1,3,1,0.88,0,0
4883,42,Female,Sales,Sales Executive,3,9506,8,0,Yes,14,9,2,2,4,2,0.81,0,1
4884,49,Female,HR,Sales Executive,3,10603,2,7,No,12,1,4,1,1,2,0.63,0,0
4885,44,Male,HR,Technician,2,9095,5,4,No,38,4,1,1,2,3,0.59,0,0
4886,47,Female,R&D,Technician,3,5367,5,7,Yes,29,9,3,1,2,1,0.46,0,0
4887,53,Female,Finance,Consultant,3,14522,9,8,Yes,14,5,3,1,2,1,0.08,0,1
4888,44,Female,R&D,Engineer,4,4689,9,7,No,8,2,4,3,4,1,0.48,1,0
4889,29,Female,Sales,Sales Executive,4,2587,16,5,Yes,17,8,3,1,2,3,0.63,0,1
4890,33,Female,Marketing,Technician,5,3468,14,9,Yes,39,8,3,2,1,1,0.45,0,0
4891,49,Female,HR,Consultant,4,2232,3,7,Yes,23,7,4,3,3,2,0.42,1,1
4892,44,Male,HR,Technician,5,8885,9,4,No,7,6,1,3,1,1,0.24,0,0
4893,33,Male,IT,HR Specialist,4,10011,7,8,Yes,12,4,4,1,2,4,0.37,1,0
4894,54,Male,Finance,Technician,5,9140,0,5,Yes,16,9,3,4,2,1,0.2,0,1
4895,53,Male,Finance,Sales Executive,4,3886,16,1,No,13,1,3,3,2,2,0.08,0,0
4896,29,Female,IT,Analyst,4,2309,11,6,No,19,2,2,2,3,4,0.72,0,1
4897,54,Female,Sales,Sales Executive,2,10080,11,0,No,3,4,3,4,2,2,0.7,0,0
4898,30,Male,Finance,Consultant,4,11135,12,9,No,8,7,4,4,2,4,0.52,0,1
4899,30,Male,HR,Consultant,5,11099,13,0,No,12,0,3,1,1,2,0.08,0,0
4900,40,Male,Sales,Consultant,2,4748,7,7,No,31,0,4,4,4,2,0.62,0,0
4901,40,Female,R&D,HR Specialist,5,12717,13,4,No,35,6,3,2,2,1,0.28,0,0
4902,41,Female,R&D,Sales Executive,4,3600,6,9,Yes,20,0,2,2,3,1,0.95,0,1
4903,26,Female,Sales,Manager,4,12291,16,8,Yes,28,2,3,4,1,2,0.05,1,0
4904,36,Male,HR,HR Specialist,5,2545,10,5,Yes,2,7,1,3,4,4,0.0,0,0
4905,21,Male,R&D,Engineer,3,12540,0,0,Yes,27,8,3,2,4,2,0.83,0,1
4906,31,Male,Marketing,Sales Executive,2,5823,7,5,No,3,4,3,3,2,1,0.23,0,0
4907,37,Male,HR,Technician,2,12880,12,0,Yes,21,5,1,4,4,4,0.67,0,0
4908,30,Male,IT,Analyst,4,5314,16,4,No,7,7,2,4,3,1,0.35,0,0
4909,35,Female,Finance,Sales Executive,2,14643,11,2,No,33,2,3,4,1,3,0.82,1,0
4910,37,Female,Sales,Analyst,5,6930,15,9,Yes,33,0,3,3,4,4,0.85,0,1
4911,54,Female,Finance,Consultant,4,7729,9,9,Yes,36,8,3,3,2,4,0.94,0,0
4912,45,Female,IT,Consultant,2,9991,15,8,No,17,1,4,1,2,2,0.39,0,1
4913,35,Female,R&D,Manager,1,7561,2,0,Yes,6,8,2,3,1,1,0.01,1,0
4914,25,Male,Marketing,Engineer,2,3841,0,5,No,21,1,2,2,3,4,0.14,1,0
4915,31,Female,HR,Technician,5,3636,18,2,No,38,7,3,4,1,1,0.31,0,0
4916,32,Male,HR,HR Specialist,2,9576,7,8,No,34,2,2,3,1,2,0.81,0,1
4917,23,Female,IT,HR Specialist,3,3675,15,1,No,12,8,3,3,3,2,0.91,0,0
4918,58,Male,Sales,Engineer,3,3790,14,6,No,12,9,3,3,3,4,0.21,0,0
4919,21,Male,Finance,Manager,4,5144,6,8,No,18,3,2,2,2,4,0.39,0,0
4920,45,Male,Marketing,Manager,3,13712,1,2,Yes,6,7,3,3,1,2,0.57,1,0
4921,46,Male,R&D,Consultant,5,8967,12,2,Yes,13,3,4,2,2,4,0.28,1,0
4922,46,Male,Sales,Sales Executive,1,12033,4,2,No,31,2,1,4,3,3,0.34,0,0
4923,34,Male,Marketing,Manager,1,2155,9,0,Yes,25,0,2,2,1,3,0.79,1,0
4924,27,Female,Marketing,Sales Executive,4,8914,7,8,No,24,3,3,1,1,3,0.17,0,0
4925,26,Male,IT,Analyst,4,11125,12,8,No,11,1,2,1,1,3,0.54,1,0
4926,59,Male,IT,Engineer,3,10767,18,5,No,33,8,3,4,3,2,0.58,0,0
4927,31,Female,HR,Analyst,5,11525,5,8,Yes,21,1,3,1,3,3,0.14,0,0
4928,32,Male,R&D,Analyst,3,5107,17,8,Yes,39,7,3,4,4,4,0.7,1,0
4929,36,Female,Sales,Analyst,5,6343,7,0,Yes,24,9,3,2,1,2,0.2,1,1
4930,36,Female,HR,Analyst,5,11643,8,2,Yes,20,9,4,1,4,2,0.7,0,0
4931,55,Male,R&D,HR Specialist,1,7163,16,2,No,9,6,4,3,1,1,0.4,0,0
4932,40,Male,Finance,Manager,5,6548,3,0,No,31,5,3,4,3,1,0.61,1,1
4933,27,Female,Finance,Engineer,2,7238,17,5,No,28,3,3,1,3,2,0.58,1,0
4934,24,Male,HR,Engineer,5,9516,5,3,Yes,38,2,3,1,4,3,0.98,0,0
4935,45,Female,Sales,Technician,1,8836,10,7,Yes,5,9,4,1,4,3,0.06,0,1
4936,35,Male,R&D,Analyst,3,2939,9,5,Yes,37,4,3,1,4,2,0.28,0,1
4937,55,Female,Finance,Engineer,5,13651,10,3,Yes,34,1,1,3,3,4,0.59,0,1
4938,47,Male,Finance,Consultant,2,11285,7,4,No,10,1,3,3,1,3,0.76,1,0
4939,48,Male,Sales,Sales Executive,4,9090,2,1,No,32,7,2,4,2,3,0.89,0,0
4940,31,Female,HR,Engineer,3,5941,1,9,Yes,37,2,1,2,4,3,0.1,0,0
4941,56,Female,IT,Consultant,4,12693,17,0,Yes,17,6,3,4,4,3,0.28,1,0
4942,49,Female,Marketing,Analyst,2,6362,1,6,Yes,36,5,3,1,2,3,0.11,1,0
4943,42,Female,R&D,Engineer,1,3461,11,9,No,36,7,4,4,1,1,0.07,0,1
4944,35,Male,Finance,Manager,1,12605,4,2,Yes,13,2,3,2,2,2,0.02,0,0
4945,33,Female,Marketing,Analyst,3,13965,3,2,Yes,20,0,4,3,1,1,0.8,0,0
4946,29,Female,Marketing,HR Specialist,5,9935,15,5,Yes,38,5,3,2,4,3,0.16,0,1
4947,26,Male,IT,Consultant,5,11402,13,2,Yes,19,5,2,1,2,3,0.39,0,1
4948,56,Male,Marketing,Manager,4,5298,1,6,Yes,22,7,3,4,4,4,0.01,0,0
4949,48,Female,Sales,Engineer,1,2060,6,6,No,16,9,3,4,1,4,0.83,0,1
4950,22,Male,HR,HR Specialist,5,4215,10,4,No,6,2,3,4,3,2,0.11,0,0
4951,34,Female,R&D,Technician,5,8275,11,0,Yes,11,8,3,4,4,1,0.44,1,0
4952,55,Male,Sales,Manager,1,14442,4,8,Yes,10,5,4,3,2,4,0.36,0,0
4953,38,Female,HR,Technician,1,13023,15,1,Yes,31,0,2,2,2,2,0.25,0,1
4954,32,Male,Sales,Sales Executive,2,6817,6,3,Yes,18,2,3,1,4,1,0.46,0,0
4955,40,Female,Finance,Manager,4,6102,7,9,Yes,32,3,1,4,3,1,0.04,0,0
4956,56,Female,Finance,HR Specialist,1,14810,3,9,No,24,2,2,3,4,3,0.36,1,1
4957,46,Male,IT,Technician,2,7831,3,1,Yes,16,5,1,2,2,4,0.54,0,0
4958,48,Male,Sales,Sales Executive,1,2250,5,0,Yes,29,6,4,2,1,3,0.61,1,0
4959,39,Female,Marketing,Technician,3,3599,1,0,Yes,39,1,3,3,1,3,0.55,1,1
4960,44,Female,Finance,Engineer,3,9429,8,0,Yes,25,5,3,1,3,1,0.45,0,0
4961,25,Male,HR,Analyst,3,4167,7,6,No,25,3,3,1,2,2,0.58,0,0
4962,55,Male,IT,Technician,1,8191,17,8,No,19,0,2,1,1,1,0.09,0,1
4963,21,Male,Marketing,Engineer,5,13332,11,0,Yes,10,1,2,4,3,1,0.31,0,1
4964,41,Male,R&D,Analyst,5,11477,15,9,Yes,1,4,3,4,4,2,0.97,0,0
4965,51,Male,Sales,Analyst,3,11979,0,5,Yes,27,8,3,3,2,1,0.96,0,0
4966,35,Male,Finance,HR Specialist,4,3468,19,4,Yes,22,4,3,4,1,2,0.63,0,1
4967,37,Male,Marketing,Consultant,2,6033,3,2,Yes,28,7,3,1,4,3,0.5,0,1
4968,24,Male,HR,Sales Executive,3,3502,13,1,Yes,35,9,3,1,2,2,0.23,0,0
4969,55,Male,Sales,Consultant,2,11446,17,1,Yes,3,1,4,1,2,4,0.36,0,0
4970,49,Female,HR,Sales Executive,2,14511,4,1,No,38,4,3,1,4,3,0.65,0,0
4971,38,Male,IT,Manager,3,8600,2,6,No,26,0,3,3,1,4,0.81,1,1
4972,42,Male,Finance,Engineer,5,6814,18,3,Yes,5,1,3,3,4,1,0.83,0,0
4973,53,Female,Finance,HR Specialist,4,13092,11,6,No,10,2,3,2,2,4,0.14,0,1
4974,32,Female,IT,Technician,3,13629,18,9,Yes,7,7,3,4,4,1,0.51,1,1
4975,48,Female,HR,Engineer,2,7044,19,0,Yes,30,9,3,2,1,4,0.71,0,0
4976,55,Female,Sales,Technician,1,2027,10,9,Yes,25,2,1,3,1,4,0.7,0,1
4977,41,Female,HR,Consultant,1,9898,19,3,Yes,34,3,3,4,1,4,0.97,1,0
4978,55,Female,Sales,Technician,2,11092,8,8,Yes,21,3,3,1,4,4,0.13,1,0
4979,28,Male,Marketing,Consultant,3,11040,19,6,Yes,29,8,1,4,3,4,0.46,1,0
4980,58,Female,IT,Consultant,5,2100,4,9,Yes,17,3,3,2,4,4,0.08,0,0
4981,38,Female,R&D,Technician,3,12297,9,5,Yes,36,8,4,2,3,4,0.57,0,0
4982,57,Female,Sales,Manager,4,6510,8,6,Yes,21,7,3,1,2,4,0.68,0,1
4983,25,Male,Finance,Consultant,1,9394,12,1,Yes,34,3,2,2,1,3,0.07,0,0
4984,34,Female,Marketing,Manager,2,5240,7,0,No,16,2,1,1,1,3,0.53,0,1
4985,39,Male,Finance,HR Specialist,5,13509,12,9,Yes,9,1,4,4,1,1,0.97,0,0
4986,28,Female,Marketing,Manager,3,3488,17,8,No,3,7,2,4,3,3,0.04,1,0
4987,51,Female,Finance,HR Specialist,4,3453,8,1,Yes,23,7,1,1,4,2,0.18,0,1
4988,23,Male,HR,Manager,3,3801,8,1,Yes,13,0,3,3,1,4,0.55,1,0
4989,37,Male,HR,Sales Executive,4,14708,1,2,Yes,38,6,3,4,2,3,0.71,0,1
4990,24,Female,HR,HR Specialist,3,10084,6,2,Yes,34,7,4,3,4,2,0.82,1,1
4991,39,Male,Marketing,Sales Executive,5,14308,4,2,Yes,30,6,3,4,2,2,0.3,1,1
4992,42,Male,Marketing,Consultant,5,14923,5,3,No,39,2,4,4,1,1,0.34,0,1
4993,30,Female,Finance,Sales Executive,2,13632,12,0,No,26,3,4,3,2,1,0.79,1,0
4994,56,Female,Sales,HR Specialist,5,6559,17,0,Yes,32,4,2,2,2,1,0.42,0,1
4995,41,Female,Marketing,Engineer,4,8240,2,3,No,20,0,3,1,2,4,0.88,0,0
4996,23,Male,Finance,Consultant,2,9817,9,0,Yes,38,9,4,2,1,3,0.92,0,1
4997,48,Female,Sales,Consultant,5,3515,2,3,No,9,2,3,2,1,1,0.85,0,1
4998,53,Female,HR,Analyst,1,14113,0,1,Yes,39,5,3,3,4,3,0.08,0,1
4999,32,Male,Marketing,Manager,4,13358,5,6,No,16,2,3,2,4,4,0.54,0,1
5000,28,Male,R&D,Technician,2,10215,15,5,No,38,4,3,3,1,2,0.95,0,0
5001,50,Female,HR,Manager,4,10587,16,1,No,4,3,3,4,1,3,0.96,0,1
5002,26,Male,IT,Technician,2,3427,15,1,No,12,1,4,1,2,4,0.53,0,0
5003,23,Female,Sales,Engineer,4,8085,9,0,Yes,26,3,4,1,1,2,0.43,1,1
5004,38,Male,R&D,Analyst,1,13396,6,3,Yes,10,3,3,2,3,2,0.19,1,1
5005,49,Female,HR,Engineer,5,3013,7,1,Yes,16,2,3,3,3,1,1.0,0,0
5006,50,Male,Marketing,Analyst,3,9279,2,4,Yes,1,7,1,2,3,4,0.62,1,0
5007,54,Male,R&D,HR Specialist,3,14709,4,3,Yes,12,5,3,4,4,1,0.08,1,1
5008,40,Male,Finance,HR Specialist,3,6226,18,0,No,22,0,3,3,1,3,0.88,1,0
5009,50,Male,Sales,Technician,2,10611,6,4,Yes,29,8,4,1,3,4,0.66,0,0
5010,38,Female,IT,Sales Executive,5,5349,17,4,Yes,19,2,4,1,1,1,0.33,1,0
5011,50,Male,Finance,Sales Executive,2,8076,17,4,No,30,3,3,2,4,2,0.19,0,0
5012,51,Female,R&D,Technician,2,14157,5,1,Yes,28,9,4,1,2,3,0.67,1,0
5013,21,Male,HR,HR Specialist,2,9757,4,3,Yes,21,9,3,1,1,4,0.01,1,1
5014,29,Male,Sales,Technician,2,7187,5,4,Yes,18,6,3,1,1,3,0.86,1,1
5015,21,Female,Marketing,Sales Executive,5,11618,5,5,No,24,4,1,2,2,4,0.63,1,1
5016,21,Male,IT,Technician,3,9018,10,6,Yes,26,3,3,2,2,2,0.21,1,0
5017,43,Male,HR,HR Specialist,4,6270,16,9,No,36,1,4,4,1,1,0.7,0,1
5018,36,Female,IT,Engineer,2,10655,8,2,No,16,4,3,3,1,3,0.26,0,1
5019,51,Male,Marketing,Manager,5,2389,15,2,No,32,7,3,1,3,3,0.88,0,0
5020,35,Female,Sales,HR Specialist,1,8891,9,9,No,2,1,3,4,3,4,0.66,0,1
5021,35,Male,R&D,Technician,4,2135,14,1,Yes,9,0,3,3,2,3,0.89,0,1
5022,58,Male,IT,HR Specialist,2,4456,7,8,Yes,18,5,2,4,1,1,0.73,1,1
5023,50,Male,Sales,HR Specialist,2,4271,13,0,Yes,19,0,2,4,3,3,0.39,0,1
5024,43,Female,IT,Sales Executive,4,10792,15,2,Yes,38,8,3,1,2,2,0.82,0,0
5025,20,Male,HR,Technician,4,9113,18,2,No,12,7,1,3,1,1,0.82,0,0
5026,30,Male,IT,Sales Executive,2,10810,2,7,Yes,13,3,3,1,3,2,0.97,1,1
5027,40,Male,HR,Technician,5,11768,12,5,Yes,35,6,3,2,1,3,0.62,0,1
5028,23,Male,HR,Sales Executive,1,13961,8,2,No,10,9,4,1,2,1,0.69,0,1
5029,26,Male,Sales,Sales Executive,5,8096,11,0,No,22,3,3,4,2,3,0.48,1,0
5030,45,Male,Finance,Engineer,3,9355,4,2,Yes,10,5,3,4,2,4,0.27,0,1
5031,31,Male,Marketing,HR Specialist,3,13117,18,3,Yes,35,9,3,2,4,2,0.08,0,1
5032,50,Male,IT,Engineer,3,7506,6,0,No,16,6,3,2,3,3,0.75,0,1
5033,36,Male,R&D,Sales Executive,2,10200,6,2,No,36,8,4,2,3,1,0.47,0,0
5034,52,Female,HR,Engineer,1,11395,18,3,No,11,1,4,4,4,3,0.84,0,1
5035,30,Male,Finance,Consultant,1,11913,7,6,No,17,9,3,1,1,2,0.43,0,0
5036,47,Female,HR,Consultant,2,9611,5,3,No,25,7,3,3,2,1,0.94,0,0
5037,51,Female,Finance,HR Specialist,2,10785,2,0,Yes,1,8,4,3,4,1,0.37,0,0
5038,20,Female,Finance,HR Specialist,2,13952,0,8,No,12,3,3,2,2,1,0.44,1,1
5039,47,Male,R&D,Sales Executive,1,10797,5,5,Yes,3,7,3,3,2,3,0.66,1,1
5040,26,Female,Finance,HR Specialist,2,8020,19,8,Yes,9,9,3,4,1,4,0.32,0,1
5041,21,Female,R&D,Engineer,4,3469,19,6,Yes,19,4,3,1,3,2,0.63,0,0
5042,43,Female,Sales,Analyst,4,3695,18,3,No,19,8,4,3,4,3,0.01,1,0
5043,23,Male,HR,HR Specialist,4,3306,12,0,Yes,20,1,2,2,1,4,0.24,0,1
5044,38,Female,R&D,Engineer,2,7332,16,6,Yes,11,0,3,1,4,1,0.23,0,1
5045,45,Male,Marketing,Consultant,4,11879,17,8,No,24,9,1,4,2,1,0.11,0,0
5046,30,Female,HR,Consultant,2,7797,19,5,Yes,22,5,3,3,4,3,0.93,0,0
5047,59,Female,Marketing,Engineer,4,5983,5,0,Yes,1,3,3,3,4,2,0.98,0,0
5048,30,Male,IT,Consultant,2,13918,10,8,Yes,10,5,3,1,2,2,0.04,0,0
5049,22,Male,Marketing,Engineer,5,11240,5,6,Yes,11,6,4,3,3,4,0.44,1,1
5050,31,Female,Sales,HR Specialist,3,3735,6,0,No,8,8,1,1,3,4,0.17,0,1
5051,22,Female,IT,Analyst,5,6328,0,3,No,17,0,2,2,1,1,0.83,0,1
5052,46,Female,IT,Sales Executive,3,5359,7,4,Yes,6,2,3,1,1,2,0.15,0,1
5053,21,Male,Finance,Sales Executive,3,10876,13,1,No,7,1,3,3,3,3,0.18,0,0
5054,35,Male,Marketing,HR Specialist,4,8327,19,2,Yes,31,4,2,4,4,4,0.73,0,0
5055,21,Female,Finance,HR Specialist,3,12530,0,1,Yes,37,9,4,3,2,4,0.09,0,0
5056,49,Female,Marketing,Consultant,3,11140,4,3,No,4,7,3,2,2,1,0.95,0,0
5057,39,Male,IT,Manager,5,8941,4,6,No,7,4,3,3,3,4,0.73,0,0
5058,57,Male,Finance,Technician,3,13622,13,4,Yes,16,7,3,4,4,3,0.98,1,0
5059,47,Female,HR,Analyst,2,12863,6,6,Yes,25,2,3,4,3,1,0.45,0,0
5060,44,Male,Marketing,Engineer,2,2304,16,0,Yes,36,9,4,3,2,4,0.23,0,0
5061,51,Female,Marketing,Technician,4,4397,10,2,Yes,35,0,4,3,4,1,0.94,1,0
5062,29,Male,Finance,Engineer,5,12192,6,1,Yes,14,3,3,3,2,3,0.51,0,0
5063,59,Female,Marketing,Technician,1,8067,0,0,No,36,2,3,4,2,1,0.95,1,0
5064,52,Female,IT,Sales Executive,5,4526,14,4,Yes,9,7,3,3,3,2,0.95,0,1
5065,32,Female,Finance,Technician,1,9159,18,2,No,11,7,1,1,1,4,0.8,1,1
5066,56,Male,Finance,HR Specialist,3,14417,9,7,No,1,7,1,4,2,4,0.23,0,0
5067,35,Female,R&D,Analyst,1,2186,8,4,Yes,9,2,2,2,3,1,0.23,0,0
5068,41,Female,R&D,Sales Executive,3,3564,12,4,No,25,7,2,3,3,2,0.65,0,0
5069,39,Male,IT,Consultant,5,8813,12,6,No,15,5,3,4,2,1,0.48,0,1
5070,46,Female,HR,Technician,5,3909,5,7,Yes,24,7,3,3,3,4,0.42,0,1
5071,35,Female,Marketing,Analyst,4,12474,7,0,No,8,8,3,1,4,2,0.2,1,0
5072,53,Female,Sales,HR Specialist,4,10469,11,4,No,29,0,1,1,3,2,0.22,0,0
5073,51,Male,Marketing,Consultant,3,3482,1,8,Yes,7,0,1,3,4,3,0.36,1,1
5074,45,Male,Sales,Engineer,3,9904,15,8,Yes,18,3,3,2,4,2,0.63,0,1
5075,44,Male,IT,Consultant,2,6882,11,6,No,3,0,2,1,1,1,0.04,1,0
5076,21,Male,HR,Manager,2,8978,17,3,Yes,24,8,3,2,4,3,0.39,0,1
5077,31,Female,HR,Analyst,2,12069,2,1,No,20,8,3,3,4,1,0.75,0,0
5078,59,Male,HR,Engineer,5,14652,17,4,No,31,6,4,3,4,1,0.42,0,0
5079,28,Male,R&D,Analyst,1,14755,10,3,No,26,1,4,3,1,3,0.6,1,0
5080,31,Male,IT,Analyst,3,11840,4,0,Yes,38,3,3,3,1,4,0.1,0,1
5081,45,Female,Sales,Analyst,4,3924,12,6,Yes,8,3,4,1,3,3,0.94,1,0
5082,28,Female,HR,HR Specialist,3,4698,9,2,Yes,32,9,4,3,4,1,0.14,1,1
5083,29,Female,IT,Sales Executive,1,13991,14,5,Yes,8,4,2,4,2,1,0.65,1,0
5084,51,Male,Marketing,Analyst,3,11489,5,4,No,5,4,4,4,2,2,0.17,1,0
5085,53,Female,Sales,HR Specialist,4,11543,15,3,Yes,16,7,4,3,4,4,0.98,1,1
5086,39,Female,R&D,Manager,4,13100,7,2,Yes,27,2,1,3,4,2,0.63,0,0
5087,58,Male,Finance,Sales Executive,1,12423,19,8,Yes,39,6,1,4,1,3,0.52,0,0
5088,21,Female,Sales,HR Specialist,4,12220,2,4,No,1,0,1,1,2,2,0.85,0,0
5089,20,Male,Marketing,Consultant,5,11409,4,9,No,5,0,3,3,3,1,0.17,1,0
5090,55,Male,Sales,Manager,4,2271,14,6,No,3,2,4,3,1,2,0.42,0,0
5091,43,Female,Sales,Consultant,1,3323,2,3,Yes,17,0,3,2,1,4,0.98,1,1
5092,46,Male,Finance,Sales Executive,1,9751,14,0,No,33,0,2,1,3,4,0.51,0,0
5093,21,Male,HR,HR Specialist,3,4243,1,1,No,19,2,1,2,3,1,0.63,0,1
5094,50,Male,Marketing,Manager,4,4952,11,9,Yes,4,8,3,2,4,2,0.07,0,0
5095,33,Male,Finance,HR Specialist,4,2330,4,4,No,13,4,1,2,4,1,0.07,1,0
5096,21,Male,Sales,Manager,1,7871,8,7,No,26,3,2,4,1,3,0.06,1,0
5097,48,Male,Marketing,Analyst,3,5557,3,7,No,31,6,4,3,4,1,0.49,1,0
5098,34,Female,R&D,Analyst,3,12859,6,7,No,35,1,3,4,1,1,0.72,0,0
5099,31,Male,Sales,Sales Executive,5,12738,15,8,Yes,16,5,4,2,2,3,0.32,0,0
5100,56,Male,R&D,Manager,5,13663,12,1,Yes,24,9,4,4,4,1,0.58,1,1
5101,47,Male,IT,Analyst,1,9564,1,3,No,30,0,4,1,1,3,0.58,0,1
5102,39,Male,R&D,Sales Executive,3,3827,1,9,Yes,17,3,2,1,3,1,0.16,1,1
5103,58,Female,Sales,Engineer,3,12027,8,5,No,13,5,3,2,1,1,0.75,1,0
5104,43,Female,Finance,Analyst,5,12320,14,5,Yes,38,9,3,3,1,4,0.55,0,1
5105,40,Male,Sales,Analyst,5,9949,3,4,No,7,3,4,4,2,1,0.12,0,0
5106,29,Female,Sales,Technician,1,9184,16,1,No,9,6,3,1,2,3,0.95,1,1
5107,33,Male,IT,HR Specialist,3,9872,8,7,Yes,21,2,3,3,4,2,0.25,0,0
5108,56,Male,HR,Engineer,1,14128,14,0,No,30,2,3,4,2,2,0.41,0,0
5109,37,Male,Sales,Manager,5,4173,0,0,Yes,37,9,2,1,1,3,0.94,1,1
5110,43,Male,IT,Sales Executive,4,5709,1,0,Yes,37,7,3,4,3,3,0.33,0,0
5111,33,Female,Finance,Engineer,5,2129,8,8,No,22,1,2,4,3,4,0.19,0,0
5112,53,Female,IT,Manager,3,7887,10,4,Yes,31,0,3,4,2,1,0.98,1,1
5113,31,Male,IT,Analyst,1,3558,18,1,Yes,4,4,3,2,2,3,1.0,0,0
5114,41,Male,R&D,Consultant,3,12453,0,0,No,10,6,2,1,3,3,0.69,1,0
5115,25,Female,HR,Technician,5,5200,18,3,No,30,3,3,2,4,1,0.89,0,1
5116,55,Female,HR,Consultant,5,5724,8,1,Yes,30,7,1,2,2,2,1.0,0,1
5117,55,Male,Marketing,Sales Executive,2,5533,1,2,No,7,0,4,3,1,1,0.15,1,0
5118,41,Female,Finance,Sales Executive,5,7065,4,1,Yes,15,4,3,4,2,1,0.84,0,1
5119,33,Male,Marketing,Engineer,3,11995,16,7,No,19,1,3,1,3,2,0.05,0,0
5120,35,Female,IT,HR Specialist,1,13320,0,2,No,10,2,2,4,2,2,0.64,0,0
5121,55,Female,Finance,Manager,1,6693,13,1,No,39,5,3,4,4,1,0.62,0,1
5122,44,Female,Finance,Technician,2,10806,11,5,No,27,1,2,2,2,3,0.49,1,0
5123,51,Female,HR,Technician,3,13602,9,6,Yes,3,7,3,2,2,3,0.58,0,1
5124,52,Male,HR,Consultant,5,7262,18,8,No,35,3,4,1,1,4,0.28,1,1
5125,55,Male,HR,Engineer,4,14710,14,9,No,18,9,2,3,4,2,0.01,0,0
5126,39,Female,Sales,HR Specialist,1,12573,0,3,No,24,6,3,3,3,1,0.19,1,1
5127,37,Male,IT,HR Specialist,3,3864,0,4,Yes,13,4,3,3,4,3,0.93,0,0
5128,57,Female,Finance,HR Specialist,2,12144,10,5,No,17,6,3,4,2,1,0.27,0,0
5129,22,Female,IT,Sales Executive,4,2687,10,2,Yes,17,6,2,3,4,2,0.71,0,0
5130,42,Male,Finance,Manager,3,9300,4,2,No,11,9,4,2,4,1,0.46,0,0
5131,51,Male,Finance,Manager,5,14119,2,2,Yes,17,1,1,2,1,2,0.98,1,0
5132,35,Male,Marketing,Consultant,1,8407,10,4,Yes,19,5,1,2,3,4,0.98,1,0
5133,24,Female,Finance,Engineer,5,6242,3,5,Yes,7,7,3,4,3,4,0.53,1,0
5134,23,Male,Finance,Analyst,2,13699,5,8,Yes,19,7,3,3,1,2,0.34,1,1
5135,40,Male,R&D,Engineer,1,12251,17,8,Yes,34,8,3,3,1,4,0.4,0,0
5136,59,Male,R&D,Manager,4,7959,6,4,Yes,29,4,3,2,3,3,0.36,0,1
5137,33,Male,Marketing,Consultant,1,8023,3,7,No,30,9,2,4,2,2,0.06,1,1
5138,58,Female,Sales,Sales Executive,5,8198,13,6,No,29,2,4,2,1,2,0.05,1,0
5139,50,Female,HR,Engineer,3,13100,7,3,Yes,38,4,3,2,1,3,0.56,0,1
5140,33,Female,Finance,Consultant,3,13496,19,0,No,8,5,4,1,1,3,0.58,0,0
5141,25,Female,IT,Analyst,3,12401,10,2,Yes,4,8,3,4,1,2,0.07,1,1
5142,31,Female,R&D,Technician,2,3617,13,9,Yes,28,8,3,2,1,4,0.39,1,1
5143,35,Female,HR,Engineer,2,8080,2,4,No,11,3,3,1,1,3,0.92,0,1
5144,36,Female,Sales,Consultant,3,14234,10,9,Yes,18,9,4,3,3,1,0.44,0,0
5145,42,Male,HR,HR Specialist,4,3899,3,2,No,21,4,4,3,2,1,0.36,1,0
5146,33,Female,Finance,Analyst,5,4034,8,3,No,32,7,2,3,2,2,0.07,1,0
5147,26,Female,HR,HR Specialist,4,13763,4,8,No,17,8,4,1,4,3,0.83,0,1
5148,51,Female,Finance,Sales Executive,3,8322,12,8,Yes,34,0,2,4,4,1,0.59,1,0
5149,34,Female,Marketing,Manager,5,9529,19,8,Yes,17,2,3,3,4,3,0.17,1,1
5150,36,Male,R&D,Engineer,2,9375,3,8,No,15,3,4,1,2,1,0.42,0,1
5151,53,Female,R&D,Consultant,1,5973,6,0,Yes,20,8,3,2,4,1,0.73,0,1
5152,24,Female,Finance,Engineer,1,13144,1,8,No,39,0,3,4,4,2,0.27,0,0
5153,46,Male,IT,HR Specialist,5,14839,19,1,No,11,9,4,4,3,3,0.49,0,0
5154,42,Female,R&D,HR Specialist,4,2725,18,7,Yes,19,7,3,1,3,3,0.54,0,1
5155,59,Female,IT,Manager,5,5503,6,8,Yes,32,1,4,4,3,2,0.71,1,1
5156,33,Female,Finance,Consultant,4,13719,19,7,No,24,0,2,3,1,3,0.57,0,0
5157,34,Female,Marketing,Engineer,4,10031,8,8,No,6,9,3,4,1,3,0.46,1,0
5158,52,Female,Finance,Consultant,1,11369,18,4,Yes,18,6,3,3,1,1,0.17,0,0
5159,50,Female,Marketing,Manager,2,14277,19,9,No,13,3,3,3,3,1,0.31,0,0
5160,54,Female,R&D,HR Specialist,3,13601,1,6,Yes,26,1,4,1,2,3,0.39,1,1
5161,36,Male,IT,Technician,2,4340,15,2,No,8,3,4,3,1,3,0.91,1,0
5162,47,Male,Finance,Consultant,3,12675,5,3,No,26,9,3,2,3,3,0.66,0,0
5163,38,Female,R&D,HR Specialist,1,8539,18,3,No,14,1,2,3,1,1,0.54,1,0
5164,42,Male,Marketing,Analyst,3,14453,17,9,No,6,3,1,3,2,1,0.51,0,0
5165,51,Female,Finance,HR Specialist,4,5041,16,3,No,16,1,2,1,2,1,0.66,1,0
5166,59,Male,Marketing,HR Specialist,5,13715,10,7,No,35,6,3,4,4,2,0.23,1,0
5167,32,Female,HR,Consultant,3,9100,3,1,No,34,2,3,3,3,4,0.43,1,0
5168,39,Male,Marketing,Technician,2,3559,7,1,Yes,27,6,3,4,1,2,0.56,1,0
5169,54,Female,HR,Manager,1,2400,17,4,No,36,1,4,1,4,3,0.37,1,0
5170,24,Male,R&D,Analyst,1,6210,12,5,Yes,12,3,3,2,1,4,0.05,0,1
5171,28,Male,Finance,Analyst,5,14638,7,3,No,1,6,3,3,2,4,0.43,1,0
5172,48,Female,R&D,Engineer,4,5331,9,6,No,29,5,3,4,3,3,0.14,0,0
5173,25,Female,Sales,Technician,4,13057,17,9,No,17,2,3,2,3,4,0.78,0,0
5174,44,Male,Marketing,Sales Executive,1,6971,17,3,No,18,7,4,1,1,1,0.51,1,1
5175,50,Male,R&D,Engineer,4,3249,16,7,Yes,16,8,3,2,1,3,0.97,0,1
5176,41,Female,R&D,Engineer,5,10805,15,1,Yes,35,3,3,1,3,2,0.37,0,0
5177,21,Male,HR,Engineer,1,6226,5,9,No,9,8,2,2,2,4,0.27,0,0
5178,24,Female,Marketing,Analyst,4,8407,13,3,Yes,39,2,3,3,4,4,1.0,1,1
5179,46,Male,HR,Manager,3,7643,4,6,Yes,38,1,2,3,1,4,0.32,1,0
5180,44,Male,Finance,Consultant,3,3954,14,4,Yes,6,7,3,3,3,4,0.4,1,1
5181,27,Female,R&D,HR Specialist,4,8977,12,9,No,26,9,3,1,3,2,0.01,0,1
5182,20,Female,Marketing,Analyst,3,14468,15,1,No,17,5,2,2,3,3,0.21,0,0
5183,39,Female,R&D,HR Specialist,5,10540,15,2,Yes,24,7,4,1,4,4,0.78,0,0
5184,42,Male,Finance,HR Specialist,2,12710,16,3,No,10,2,3,3,3,1,0.71,0,1
5185,51,Male,IT,Sales Executive,5,10352,4,4,No,32,7,4,2,4,3,0.4,1,1
5186,30,Male,Finance,Consultant,5,10305,10,6,No,3,9,4,1,3,4,0.92,0,0
5187,58,Female,HR,Engineer,4,8161,14,2,Yes,19,9,3,2,2,2,0.54,1,1
5188,43,Male,HR,Sales Executive,5,9271,2,8,Yes,35,1,3,3,4,4,0.63,0,0
5189,30,Male,R&D,Engineer,4,7461,7,9,Yes,27,6,4,4,1,3,0.8,1,1
5190,48,Female,HR,Analyst,1,11677,2,2,No,25,1,3,2,2,2,0.7,0,1
5191,45,Male,Marketing,HR Specialist,4,3628,3,4,No,21,1,2,3,3,1,0.15,0,0
5192,35,Male,Finance,Sales Executive,4,9980,13,4,No,2,4,2,4,1,1,0.48,0,1
5193,54,Female,R&D,Technician,1,6238,19,6,No,20,8,3,3,4,4,0.6,0,1
5194,39,Female,Finance,Analyst,2,13875,5,5,No,23,1,1,2,1,4,0.05,0,0
5195,22,Female,Finance,Analyst,1,8596,3,2,No,33,8,3,1,3,4,0.25,1,0
5196,20,Female,R&D,Technician,4,4498,11,0,No,8,7,2,2,2,4,0.78,0,0
5197,20,Female,IT,Engineer,3,3995,1,5,No,37,9,4,2,2,1,0.96,0,1
5198,36,Female,HR,HR Specialist,4,12301,17,5,Yes,30,3,3,1,1,1,0.98,0,0
5199,21,Female,Sales,Engineer,1,2595,13,3,Yes,31,4,2,3,1,4,0.72,0,1
5200,48,Female,Sales,Engineer,4,2939,7,1,No,18,5,2,1,3,1,0.7,0,0
5201,39,Female,Sales,Analyst,1,3299,7,8,No,31,8,3,4,2,3,0.71,0,0
5202,25,Male,HR,Engineer,5,13942,11,5,No,26,9,2,3,2,2,0.3,1,0
5203,27,Female,IT,Manager,2,7414,0,0,No,24,5,1,3,3,4,0.41,0,0
5204,48,Female,Finance,Technician,2,11344,0,7,No,5,5,3,2,2,1,0.18,1,0
5205,52,Male,R&D,Consultant,1,14651,3,9,Yes,11,5,1,4,4,1,0.47,0,0
5206,22,Female,IT,Technician,2,12286,16,6,Yes,24,9,3,4,2,2,0.04,1,1
5207,54,Male,Sales,HR Specialist,3,5016,9,5,Yes,1,0,2,2,3,3,0.83,0,0
5208,24,Male,Marketing,Technician,3,11589,0,0,No,12,0,1,1,4,2,0.95,0,1
5209,46,Female,HR,Engineer,2,4869,10,9,No,38,8,3,2,2,4,0.14,1,0
5210,31,Male,HR,Engineer,1,14947,16,4,No,23,9,2,2,1,4,0.48,0,0
5211,39,Female,R&D,Sales Executive,3,11352,9,3,No,25,1,2,3,2,4,0.44,0,0
5212,39,Female,Marketing,HR Specialist,2,8381,5,6,No,12,4,3,2,1,3,0.75,0,0
5213,28,Male,Finance,HR Specialist,4,10987,3,1,Yes,3,8,3,4,2,2,0.51,0,1
5214,58,Male,IT,Technician,3,6130,12,0,No,24,5,3,3,3,3,0.45,1,0
5215,23,Male,Marketing,Engineer,5,9463,10,6,Yes,26,8,1,4,3,1,0.14,0,0
5216,38,Female,IT,Manager,3,4917,4,7,No,15,1,3,4,1,3,0.29,0,0
5217,57,Female,IT,Sales Executive,2,12731,13,4,Yes,31,9,2,2,4,3,0.59,0,0
5218,46,Male,Finance,Manager,2,6353,1,7,Yes,21,0,4,3,2,4,0.04,1,1
5219,32,Female,Finance,Engineer,2,12626,2,3,No,21,1,2,2,4,2,0.33,0,1
5220,32,Female,Finance,HR Specialist,1,6365,2,7,Yes,21,1,1,3,2,1,0.14,1,1
5221,41,Male,R&D,HR Specialist,1,12192,10,2,No,25,4,2,1,4,3,0.08,0,0
5222,47,Male,HR,Consultant,4,5118,8,6,Yes,12,0,3,1,1,2,0.43,0,1
5223,41,Male,Sales,Manager,4,8749,18,5,Yes,37,1,4,2,4,2,0.31,0,0
5224,38,Male,Finance,Consultant,3,12933,9,0,No,18,4,3,1,4,4,0.57,0,1
5225,27,Male,HR,Consultant,2,11145,5,4,Yes,10,4,3,1,1,2,0.2,0,1
5226,27,Male,Finance,Analyst,4,11917,5,3,Yes,6,6,4,4,1,2,0.06,1,0
5227,45,Male,Sales,Engineer,2,11702,0,5,Yes,29,3,2,2,3,1,0.04,0,1
5228,45,Male,Marketing,HR Specialist,3,11778,0,8,Yes,29,5,2,1,4,2,0.43,0,0
5229,42,Male,Finance,Technician,1,3741,18,3,No,29,5,3,4,2,3,0.01,0,0
5230,32,Male,HR,Analyst,4,4458,2,1,No,9,8,3,3,4,1,0.06,0,0
5231,47,Female,R&D,HR Specialist,5,13084,5,7,Yes,32,2,3,2,3,2,0.34,0,0
5232,28,Female,Marketing,Technician,5,12166,1,0,No,13,8,3,2,3,4,0.94,0,0
5233,39,Male,Marketing,HR Specialist,5,8355,14,5,No,11,8,4,4,4,1,0.72,1,0
5234,38,Female,Marketing,Analyst,5,11584,11,3,No,34,1,4,4,1,1,0.74,0,1
5235,58,Female,Sales,Manager,5,9063,9,5,No,29,1,4,4,1,2,0.17,0,0
5236,31,Female,HR,Engineer,5,5337,18,2,No,12,6,2,4,3,4,0.57,0,0
5237,34,Female,IT,Consultant,5,8278,12,8,Yes,31,7,3,3,4,1,0.23,0,0
5238,50,Female,IT,Analyst,4,8003,2,2,No,22,2,3,3,2,2,0.52,1,0
5239,33,Female,IT,Analyst,5,13024,17,2,Yes,26,6,3,1,1,2,0.81,1,1
5240,30,Male,R&D,Consultant,5,2789,19,4,Yes,12,6,3,2,2,3,0.43,1,0
5241,45,Male,Finance,HR Specialist,3,8458,4,6,Yes,35,6,4,1,1,1,0.23,1,1
5242,46,Female,Finance,Technician,4,10491,12,5,No,38,1,1,2,4,1,0.31,1,1
5243,30,Female,Finance,Consultant,3,14042,13,6,No,4,7,2,2,4,1,0.49,0,1
5244,57,Male,R&D,Analyst,2,3321,14,8,Yes,10,9,3,2,1,1,0.81,1,1
5245,53,Female,IT,Engineer,5,8422,17,2,Yes,18,7,3,1,4,2,0.63,0,0
5246,38,Female,Marketing,Consultant,1,6469,13,4,Yes,19,4,4,2,4,2,0.96,0,0
5247,25,Female,Finance,Consultant,5,9655,18,4,Yes,15,6,3,1,2,3,0.98,1,1
5248,57,Female,Marketing,Manager,5,4109,2,2,Yes,23,6,3,2,4,2,0.31,1,1
5249,47,Female,Marketing,Technician,3,9022,0,9,No,23,9,3,4,3,4,0.66,0,1
5250,20,Male,R&D,Manager,2,4385,6,8,No,21,3,4,3,3,4,0.71,0,0
5251,54,Male,R&D,Manager,3,5446,19,8,Yes,26,4,4,4,3,2,0.56,1,1
5252,59,Female,HR,Engineer,4,14761,6,5,No,34,5,4,1,3,1,0.8,1,1
5253,27,Male,Finance,HR Specialist,2,14399,16,4,Yes,13,5,2,2,3,1,0.28,0,0
5254,26,Female,IT,Technician,2,7085,14,3,Yes,25,9,3,3,2,4,0.76,0,1
5255,30,Female,Sales,Technician,2,9436,12,3,No,33,8,3,4,1,2,0.25,0,0
5256,58,Female,R&D,Consultant,3,2618,14,4,No,28,2,1,1,1,3,0.54,0,1
5257,23,Female,Marketing,Engineer,5,6890,2,1,No,13,4,2,4,1,3,0.11,1,0
5258,44,Female,HR,Technician,5,11074,16,7,Yes,27,0,3,4,3,4,0.69,0,0
5259,31,Female,Sales,Analyst,5,3703,15,6,No,8,0,3,3,3,3,0.86,0,0
5260,45,Female,R&D,Sales Executive,5,9753,0,6,No,36,9,4,4,4,4,0.74,1,0
5261,57,Female,HR,Consultant,5,12987,13,0,Yes,6,4,1,4,1,3,0.95,0,1
5262,31,Female,Marketing,Sales Executive,4,4419,2,7,No,13,0,3,2,4,4,0.99,0,0
5263,56,Male,Finance,Sales Executive,1,14883,19,0,Yes,20,6,3,2,2,4,0.46,1,1
5264,43,Female,HR,Manager,2,14020,3,8,Yes,5,9,2,1,2,1,0.15,0,1
5265,35,Male,R&D,Technician,1,10699,8,5,Yes,27,7,3,3,3,4,0.71,0,1
5266,32,Male,Finance,Consultant,4,8371,0,7,No,19,9,1,3,4,1,0.42,0,0
5267,44,Female,Marketing,Engineer,5,12227,13,0,Yes,1,1,2,2,1,3,0.38,0,1
5268,23,Male,IT,Technician,4,3417,12,5,Yes,4,2,4,3,1,3,0.18,1,0
5269,30,Female,HR,Engineer,4,8158,14,0,Yes,2,9,3,3,1,2,0.04,0,0
5270,51,Female,Sales,Technician,1,9148,17,2,No,26,7,3,1,4,1,0.76,0,0
5271,26,Female,Marketing,Consultant,2,4860,15,1,No,33,0,2,3,3,4,0.48,1,0
5272,30,Female,Finance,Consultant,3,13771,5,1,Yes,38,8,2,2,1,2,0.4,0,1
5273,47,Male,Marketing,Manager,3,4385,15,3,Yes,7,4,2,2,3,4,0.37,1,0
5274,42,Male,Finance,Consultant,2,11478,10,6,No,29,9,2,3,1,4,0.5,1,1
5275,42,Female,Marketing,Analyst,5,2925,6,2,Yes,5,0,2,2,3,3,0.74,0,0
5276,47,Male,IT,Sales Executive,4,8221,8,6,Yes,9,9,3,4,4,3,0.43,1,0
5277,45,Male,HR,Sales Executive,5,2228,0,8,No,13,7,3,3,3,2,0.1,0,1
5278,44,Male,Sales,Technician,4,3768,9,3,No,29,8,3,3,1,2,0.26,0,1
5279,48,Female,IT,Manager,3,12613,7,6,Yes,18,8,2,1,2,2,0.13,1,0
5280,38,Male,HR,Sales Executive,2,13448,10,0,Yes,30,8,3,4,2,3,0.19,0,0
5281,52,Male,Sales,Technician,1,8591,4,1,Yes,10,5,3,4,2,1,0.87,1,0
5282,55,Male,Marketing,Consultant,1,6542,5,7,Yes,19,6,3,1,2,3,0.17,0,1
5283,33,Female,Sales,HR Specialist,2,8575,11,2,Yes,9,6,2,3,3,4,0.73,1,1
5284,33,Male,R&D,Technician,3,9336,10,4,Yes,21,3,4,1,2,2,0.3,0,0
5285,54,Male,Sales,Engineer,4,13344,6,7,No,1,2,3,2,4,3,0.9,0,0
5286,49,Female,HR,Sales Executive,1,6893,6,4,Yes,26,8,3,3,3,2,0.62,0,0
5287,47,Male,IT,Sales Executive,3,11425,11,0,Yes,14,2,3,1,4,3,0.67,1,0
5288,36,Female,IT,HR Specialist,2,9426,11,1,No,39,2,1,1,4,1,0.53,0,0
5289,22,Female,R&D,Consultant,5,13227,0,9,No,29,3,2,4,3,4,0.93,0,1
5290,35,Female,HR,Analyst,3,4596,18,2,Yes,7,9,4,1,2,1,0.16,1,1
5291,49,Female,Sales,Technician,3,11501,3,9,Yes,24,9,3,4,4,2,0.29,1,0
5292,48,Female,R&D,Analyst,5,9221,18,1,No,27,9,2,1,1,4,0.9,0,1
5293,34,Female,Marketing,Technician,3,10660,18,8,Yes,2,2,3,4,2,1,0.99,0,1
5294,44,Male,Finance,HR Specialist,1,12608,10,4,No,2,1,1,3,3,4,0.77,0,1
5295,57,Female,Marketing,Analyst,1,13987,8,0,Yes,16,4,1,4,2,4,0.21,0,1
5296,57,Male,HR,Manager,1,11045,12,7,No,12,0,3,2,3,4,0.91,1,0
5297,42,Male,R&D,HR Specialist,3,8115,18,2,No,26,0,3,3,4,3,0.17,0,0
5298,44,Female,IT,Consultant,3,3123,4,8,No,10,5,4,3,1,2,0.87,1,0
5299,26,Male,R&D,Technician,3,3620,10,8,Yes,15,3,3,4,1,1,0.38,0,0
5300,41,Male,Finance,Engineer,2,13223,2,5,No,25,7,4,2,1,2,0.05,1,1
5301,36,Male,HR,Consultant,5,5974,4,3,Yes,4,0,3,2,3,4,0.61,0,1
5302,37,Female,R&D,Consultant,3,9943,12,8,Yes,26,9,3,4,1,4,0.37,0,1
5303,29,Male,Marketing,Engineer,5,5029,13,8,No,23,4,3,3,1,4,0.02,1,0
5304,29,Male,Sales,Engineer,4,3470,12,1,Yes,37,5,4,1,2,4,0.15,1,1
5305,26,Female,Marketing,Technician,1,12653,1,9,No,4,4,1,3,2,4,0.46,0,0
5306,57,Male,HR,Consultant,2,10284,1,5,No,1,9,3,3,4,4,0.65,0,0
5307,46,Male,R&D,Sales Executive,5,3276,17,3,No,1,5,1,3,3,2,0.03,0,0
5308,52,Male,Marketing,HR Specialist,1,13913,5,2,No,39,2,3,4,4,3,0.52,1,0
5309,20,Female,R&D,HR Specialist,2,14848,18,9,Yes,3,8,3,1,2,3,0.05,1,1
5310,53,Male,Marketing,Analyst,1,11848,9,5,Yes,15,6,4,2,3,2,0.9,0,0
5311,23,Male,HR,HR Specialist,3,5110,7,7,Yes,18,9,3,1,1,2,0.71,0,1
5312,36,Female,IT,Consultant,3,6641,4,8,No,21,0,1,1,2,2,0.08,0,1
5313,23,Female,Marketing,HR Specialist,1,5429,1,8,Yes,8,4,1,3,2,2,0.51,1,1
5314,45,Female,Sales,Consultant,2,9176,5,1,Yes,25,9,3,1,2,1,0.74,0,1
5315,23,Male,Marketing,Analyst,1,10379,17,7,No,32,0,2,1,3,3,0.29,0,1
5316,20,Female,HR,HR Specialist,4,14895,7,7,No,6,2,3,2,4,3,0.19,0,0
5317,26,Female,Marketing,HR Specialist,2,8788,1,4,No,20,5,2,1,4,2,0.68,1,1
5318,49,Female,Sales,Manager,2,14962,19,3,Yes,29,1,4,1,4,1,0.78,0,1
5319,28,Male,Sales,Technician,1,8282,3,8,No,5,4,3,3,1,2,0.4,0,0
5320,54,Female,HR,Analyst,5,12537,14,3,Yes,35,6,3,3,4,3,0.24,0,0
5321,27,Female,R&D,Manager,1,11295,19,9,No,19,8,2,4,3,1,0.94,0,0
5322,43,Female,Marketing,Sales Executive,5,7375,8,3,No,39,0,3,4,3,4,0.54,1,0
5323,38,Female,IT,Analyst,2,4226,19,2,Yes,12,6,3,4,4,4,0.49,0,1
5324,55,Female,Sales,Consultant,3,3280,5,9,Yes,33,7,3,1,2,4,0.73,1,1
5325,46,Male,Sales,Technician,3,6313,8,2,Yes,35,2,3,4,3,4,0.9,0,0
5326,51,Male,Marketing,HR Specialist,1,6093,12,2,No,38,1,2,2,1,1,0.31,0,1
5327,33,Female,R&D,Consultant,5,12506,4,6,Yes,8,7,1,3,3,2,0.81,0,1
5328,37,Female,Marketing,HR Specialist,1,3340,13,4,Yes,38,6,3,3,2,3,0.93,0,1
5329,47,Female,HR,Manager,4,10782,13,8,No,31,0,2,4,2,1,0.96,0,1
5330,48,Male,IT,Manager,1,10870,17,1,Yes,11,1,1,3,1,4,0.69,1,1
5331,35,Male,Marketing,Sales Executive,1,10807,6,3,No,4,3,1,4,3,1,0.77,1,1
5332,54,Male,Sales,Sales Executive,1,9983,5,1,No,5,2,3,1,3,3,0.84,0,1
5333,50,Male,Sales,Technician,1,11041,11,7,No,22,1,4,1,4,1,0.79,1,0
5334,23,Female,HR,HR Specialist,5,4007,13,3,Yes,17,4,4,3,3,4,0.19,0,1
5335,56,Female,R&D,Consultant,5,6170,18,0,Yes,20,5,4,2,3,1,0.0,0,1
5336,36,Female,Marketing,Engineer,5,12976,15,9,No,12,5,3,3,3,2,0.57,0,1
5337,58,Female,Finance,Consultant,4,10527,18,2,Yes,17,6,4,1,4,1,0.62,0,1
5338,45,Male,R&D,Sales Executive,4,10995,9,6,No,27,5,2,2,4,1,0.23,0,0
5339,58,Female,Sales,HR Specialist,1,10554,10,2,No,23,5,3,3,3,4,0.19,1,0
5340,23,Male,Marketing,Consultant,5,8333,3,4,No,5,7,3,3,4,4,0.53,1,0
5341,49,Male,Sales,Consultant,4,9639,19,1,No,28,4,4,2,1,3,0.89,1,0
5342,49,Female,IT,Sales Executive,3,4021,1,7,Yes,37,4,3,1,1,3,0.19,0,0
5343,41,Male,R&D,Consultant,1,8213,8,3,No,30,6,3,3,3,3,0.88,0,1
5344,30,Male,Finance,Consultant,2,4569,9,0,Yes,29,9,3,3,3,4,0.86,1,1
5345,21,Female,IT,Analyst,5,9381,7,3,No,14,6,3,4,3,1,0.25,0,0
5346,31,Male,Finance,Manager,1,13222,3,7,No,8,2,3,1,2,1,0.8,0,1
5347,49,Male,IT,HR Specialist,1,4075,12,8,No,27,0,4,2,4,2,0.96,1,1
5348,55,Female,R&D,Consultant,2,13578,5,0,No,6,4,4,2,2,4,0.16,0,0
5349,37,Male,Sales,Sales Executive,3,11096,5,5,No,7,9,3,4,4,4,0.55,0,0
5350,45,Male,Finance,Manager,4,8054,1,3,No,26,3,2,2,3,3,0.81,1,0
5351,26,Female,R&D,Consultant,4,9997,8,7,Yes,30,0,4,2,2,2,0.33,0,1
5352,20,Male,Finance,Consultant,2,6458,5,0,Yes,17,4,4,3,4,4,0.08,0,0
5353,45,Female,R&D,Engineer,2,4085,4,4,Yes,6,5,1,2,4,3,0.12,0,0
5354,42,Male,IT,Sales Executive,4,4711,1,0,Yes,3,6,3,4,3,3,0.33,0,1
5355,45,Male,R&D,HR Specialist,3,8847,13,3,Yes,19,9,3,1,3,2,0.04,0,0
5356,25,Female,IT,Analyst,3,5704,9,1,No,19,8,4,3,3,3,0.05,1,0
5357,25,Female,Sales,Manager,1,7802,14,9,Yes,24,3,3,2,3,3,0.97,0,0
5358,27,Male,IT,Manager,2,7229,16,8,Yes,28,0,3,4,3,4,0.12,1,0
5359,43,Female,HR,Analyst,2,2143,6,1,No,35,3,4,4,4,3,0.16,0,0
5360,41,Male,Sales,HR Specialist,2,13841,19,3,No,35,6,3,2,4,1,0.59,0,0
5361,38,Female,Marketing,Technician,4,5268,10,2,No,5,0,4,2,4,3,0.81,0,0
5362,56,Male,Marketing,Engineer,4,11261,12,0,No,38,8,2,1,3,1,0.16,0,1
5363,37,Male,R&D,Technician,4,4185,16,0,Yes,6,5,3,4,2,4,0.04,0,0
5364,50,Male,R&D,Consultant,3,4537,4,1,Yes,29,9,4,1,1,3,0.22,0,0
5365,56,Male,HR,Analyst,4,8745,11,7,Yes,23,7,3,2,3,3,0.5,1,1
5366,49,Male,R&D,Engineer,1,14628,3,1,Yes,37,5,3,1,2,1,0.99,1,0
5367,52,Female,Sales,HR Specialist,4,7697,0,0,No,32,6,1,2,2,2,0.62,1,0
5368,29,Female,Sales,Sales Executive,3,2301,9,5,Yes,1,2,2,1,3,1,0.22,0,0
5369,56,Male,IT,Sales Executive,2,4165,1,0,No,34,7,3,3,4,1,0.01,0,0
5370,31,Male,Finance,Technician,1,3760,12,9,Yes,28,4,4,2,2,1,0.17,0,1
5371,49,Female,R&D,HR Specialist,3,14438,12,8,No,7,6,4,4,3,4,0.66,0,0
5372,46,Female,HR,Engineer,5,7286,11,5,No,37,6,3,4,4,1,0.32,0,0
5373,58,Female,Marketing,Technician,2,4654,0,9,Yes,29,5,1,1,2,2,0.56,0,1
5374,28,Female,Sales,Analyst,4,6867,9,5,Yes,19,2,3,2,4,1,0.59,1,0
5375,40,Female,Sales,Technician,3,11640,19,0,Yes,19,0,4,3,4,2,0.16,0,0
5376,31,Male,Sales,HR Specialist,5,7092,4,6,No,20,5,3,3,2,3,0.41,0,0
5377,48,Male,Finance,Consultant,3,8580,9,2,Yes,15,8,4,1,3,1,0.55,0,1
5378,52,Female,Finance,HR Specialist,4,2631,6,0,No,24,1,1,3,1,3,0.87,0,0
5379,34,Female,R&D,Sales Executive,3,10553,14,8,Yes,8,1,3,2,3,4,0.8,0,1
5380,21,Female,Marketing,Analyst,5,14383,17,7,Yes,7,9,2,4,1,4,0.67,0,1
5381,58,Female,HR,Sales Executive,3,14579,19,3,No,19,0,4,3,2,3,0.78,1,0
5382,37,Female,Finance,Engineer,1,4074,3,2,Yes,28,0,3,2,1,2,0.96,0,1
5383,22,Female,IT,Engineer,1,6400,0,1,Yes,12,1,3,4,3,3,0.76,0,0
5384,26,Female,Finance,Manager,4,4770,7,1,Yes,26,0,4,1,4,1,0.2,1,1
5385,37,Female,Sales,HR Specialist,5,13109,10,2,Yes,35,5,1,3,3,2,0.34,0,0
5386,57,Female,HR,Analyst,5,10960,2,0,Yes,4,4,2,3,2,1,0.37,1,0
5387,56,Male,R&D,Analyst,5,11177,11,9,No,34,7,3,2,4,3,0.44,0,1
5388,52,Female,Finance,Sales Executive,5,10396,12,6,No,7,9,2,3,1,3,0.63,0,1
5389,50,Female,Sales,Technician,5,11058,19,1,Yes,27,6,4,1,3,1,0.42,0,0
5390,30,Male,IT,Technician,2,7110,17,5,Yes,3,3,3,3,2,4,0.47,0,1
5391,23,Male,IT,Sales Executive,3,12817,11,5,No,33,8,2,2,1,3,0.59,0,0
5392,37,Male,R&D,Consultant,5,2661,9,3,No,12,3,2,4,2,1,0.81,0,0
5393,23,Female,R&D,Technician,1,2678,14,3,No,19,8,3,3,3,3,0.45,0,0
5394,53,Female,Finance,Analyst,3,8363,2,0,No,17,3,3,2,2,1,0.63,1,1
5395,48,Female,R&D,Sales Executive,4,2299,14,5,Yes,18,1,3,1,4,3,0.47,1,1
5396,43,Female,Marketing,Technician,4,2257,16,7,No,3,1,2,2,2,2,1.0,0,1
5397,41,Male,Marketing,Manager,5,4762,15,9,No,13,5,3,4,3,2,0.94,0,1
5398,21,Female,Sales,HR Specialist,2,2239,1,3,Yes,32,5,1,1,3,4,0.54,0,0
5399,25,Female,Sales,Manager,2,9994,0,0,Yes,5,6,3,3,4,3,0.82,0,0
5400,44,Male,Sales,Technician,3,5300,3,3,Yes,25,6,3,1,2,1,0.86,1,0
5401,40,Female,Marketing,Engineer,2,13737,16,1,Yes,22,2,3,1,4,4,0.03,0,0
5402,35,Female,Finance,Analyst,4,9323,6,3,No,8,9,3,4,1,1,0.92,1,0
5403,50,Female,Finance,Manager,5,4265,4,7,No,16,6,2,3,1,1,0.86,0,1
5404,33,Female,R&D,Manager,1,12704,3,2,No,32,8,2,2,3,1,0.82,1,0
5405,58,Male,Finance,Sales Executive,4,6290,19,4,No,5,8,3,3,2,3,0.57,0,0
5406,47,Male,Sales,Sales Executive,4,7647,19,9,No,36,6,2,3,3,3,0.23,1,0
5407,51,Male,HR,Sales Executive,3,9931,4,1,Yes,25,3,3,1,1,2,0.5,1,1
5408,47,Male,Sales,Technician,2,8706,7,8,Yes,16,7,3,1,3,3,0.8,0,1
5409,28,Female,Marketing,Consultant,1,14643,19,2,No,24,1,3,2,2,2,0.45,0,1
5410,41,Female,HR,Consultant,1,8683,8,0,No,14,7,2,4,3,3,0.99,0,0
5411,51,Female,R&D,Engineer,2,14852,5,6,No,13,2,4,1,1,3,0.23,0,1
5412,24,Male,IT,Manager,5,14595,3,4,Yes,23,4,4,3,2,3,0.91,0,1
5413,42,Male,Finance,HR Specialist,2,8771,4,8,No,25,2,4,2,1,4,0.32,1,1
5414,24,Male,Finance,Sales Executive,5,10600,7,2,No,27,5,3,3,2,2,0.84,1,0
5415,51,Female,Marketing,Engineer,1,9608,19,0,No,8,5,1,1,1,4,0.43,0,1
5416,29,Female,Sales,Technician,3,2520,12,6,Yes,18,7,3,3,1,2,0.83,0,0
5417,58,Male,Sales,Engineer,4,7642,3,7,Yes,37,0,3,2,2,4,0.59,0,1
5418,34,Male,HR,Sales Executive,1,12724,6,1,No,6,4,3,4,4,4,0.91,1,0
5419,26,Female,Finance,Analyst,1,5884,0,1,No,6,4,3,4,3,3,0.48,0,1
5420,48,Female,Marketing,Manager,1,3876,8,8,Yes,25,8,3,2,2,3,0.93,0,0
5421,22,Female,R&D,Sales Executive,4,4741,4,3,Yes,20,9,4,1,4,4,0.13,0,1
5422,38,Male,Sales,HR Specialist,5,5532,9,0,Yes,23,3,2,2,1,1,0.81,0,1
5423,29,Male,Finance,Manager,3,2650,10,8,Yes,17,5,4,1,2,2,0.22,0,1
5424,47,Male,IT,Engineer,3,13036,17,8,No,32,9,3,3,2,2,0.23,0,0
5425,48,Male,Marketing,Consultant,3,4158,4,5,Yes,16,6,3,2,3,3,0.07,1,0
5426,34,Female,HR,HR Specialist,5,4651,3,5,Yes,37,2,3,2,4,2,0.73,1,1
5427,54,Female,Sales,Manager,2,12459,18,8,Yes,20,5,3,2,4,3,0.64,0,1
5428,25,Female,Sales,HR Specialist,2,11220,15,1,Yes,3,2,2,2,1,1,0.34,0,1
5429,31,Male,R&D,Engineer,3,11747,1,8,Yes,1,5,3,2,4,3,0.98,1,1
5430,57,Female,Sales,Sales Executive,1,9462,14,3,No,37,0,3,2,4,3,0.06,0,1
5431,32,Female,Marketing,Consultant,1,9625,8,3,No,35,8,3,3,2,4,0.77,1,1
5432,48,Female,Finance,HR Specialist,4,14956,16,8,Yes,16,5,2,3,3,1,0.26,0,1
5433,38,Female,Finance,Sales Executive,2,10129,1,6,No,4,5,3,3,3,3,0.07,0,0
5434,22,Female,Finance,Consultant,1,9038,5,9,Yes,3,3,3,1,1,2,0.64,0,0
5435,27,Male,IT,Engineer,3,10704,0,4,No,17,4,3,4,4,3,0.33,1,1
5436,27,Female,IT,Consultant,4,3235,7,7,No,34,3,3,4,1,4,0.45,1,0
5437,39,Female,Sales,Engineer,2,2118,10,0,No,34,5,3,3,3,2,0.47,0,1
5438,23,Male,IT,HR Specialist,4,14672,19,6,No,17,6,3,2,4,1,0.04,1,1
5439,40,Male,IT,HR Specialist,1,2259,14,3,No,24,0,4,4,1,4,0.53,0,0
5440,22,Female,R&D,Engineer,3,7518,8,1,Yes,37,2,3,2,4,2,0.04,0,0
5441,27,Female,IT,HR Specialist,3,3198,1,1,Yes,2,1,4,3,1,3,0.18,0,1
5442,42,Female,HR,HR Specialist,3,9581,6,8,No,14,4,1,2,1,1,0.72,0,0
5443,35,Female,HR,HR Specialist,1,8277,16,5,No,10,7,4,4,3,1,0.72,1,0
5444,32,Male,HR,Technician,5,12341,2,3,No,15,4,4,4,2,4,0.0,0,0
5445,22,Female,Sales,HR Specialist,3,4432,3,1,Yes,37,8,3,4,2,2,0.85,0,1
5446,28,Male,Finance,Manager,5,9229,2,6,No,18,0,4,1,1,4,0.01,0,0
5447,33,Female,R&D,Engineer,3,2959,7,8,No,13,5,4,3,3,4,0.97,0,0
5448,32,Female,Sales,Engineer,5,4948,10,1,Yes,35,2,1,4,1,2,0.56,0,1
5449,26,Female,Finance,Analyst,2,2565,15,3,Yes,36,1,3,1,2,2,0.37,0,1
5450,34,Male,R&D,Sales Executive,2,7936,13,0,Yes,37,3,4,3,4,1,0.61,1,0
5451,26,Female,R&D,Analyst,3,14294,18,0,Yes,10,2,2,2,3,2,0.15,0,0
5452,57,Female,R&D,HR Specialist,4,8658,1,2,Yes,29,8,4,4,2,3,0.48,0,1
5453,53,Male,HR,HR Specialist,4,4379,11,0,No,34,8,2,1,2,1,0.69,0,0
5454,41,Female,HR,Consultant,1,13642,10,3,Yes,24,7,3,2,2,4,0.65,0,1
5455,43,Male,HR,Manager,2,10636,15,5,Yes,27,6,3,4,3,4,0.91,0,0
5456,56,Female,R&D,Manager,2,8478,10,4,Yes,9,9,3,4,3,3,0.28,0,0
5457,20,Male,Marketing,Manager,4,5539,2,8,Yes,9,2,2,3,2,2,0.07,0,0
5458,29,Male,R&D,Manager,3,4708,9,1,No,10,2,3,2,3,2,0.37,0,0
5459,35,Male,HR,Manager,1,4335,4,1,No,12,6,3,1,1,2,0.13,1,0
5460,27,Female,R&D,Manager,2,11227,12,2,No,15,3,3,4,3,2,0.89,0,0
5461,44,Male,HR,Manager,1,5044,5,3,Yes,3,7,4,4,3,4,0.98,1,1
5462,31,Male,HR,Manager,2,9790,19,8,Yes,28,0,4,3,2,1,0.63,1,0
5463,44,Female,HR,Consultant,5,3286,2,5,No,9,0,2,3,4,3,0.79,1,0
5464,36,Male,Marketing,Technician,5,11650,8,8,No,39,6,4,2,4,2,0.7,0,0
5465,45,Female,Finance,Manager,1,12412,6,4,No,30,8,3,2,4,4,0.55,0,0
5466,33,Female,R&D,Engineer,4,3630,6,8,Yes,23,1,3,1,4,2,0.83,0,1
5467,55,Male,Sales,Manager,4,6027,1,8,No,30,4,2,1,4,1,0.89,0,0
5468,42,Male,HR,Sales Executive,2,5116,7,0,Yes,16,1,3,4,1,4,0.51,0,0
5469,25,Female,Marketing,Manager,5,7665,17,8,Yes,36,8,2,3,1,2,0.81,0,1
5470,24,Male,Sales,Technician,5,13146,0,6,Yes,30,8,4,3,3,4,0.39,0,0
5471,44,Male,Finance,Consultant,1,14704,9,7,Yes,37,0,3,3,4,1,0.23,1,0
5472,37,Male,R&D,HR Specialist,1,2263,5,2,No,16,6,1,4,4,4,0.46,0,0
5473,32,Male,Marketing,Technician,4,8444,17,0,Yes,28,0,3,1,1,4,0.25,0,0
5474,33,Female,HR,Technician,4,7575,12,3,Yes,20,6,3,2,3,3,0.39,1,1
5475,47,Female,HR,HR Specialist,4,9393,0,0,Yes,14,7,3,2,2,3,0.64,0,1
5476,37,Male,HR,Manager,3,6199,0,0,Yes,29,0,2,3,1,4,0.17,0,0
5477,47,Female,Marketing,Consultant,5,7082,11,3,No,37,2,4,3,1,1,0.72,1,0
5478,46,Male,Sales,Consultant,5,10412,7,7,No,19,9,3,2,4,3,0.9,0,0
5479,51,Male,Finance,Manager,1,2333,4,0,Yes,17,4,3,3,4,4,0.38,0,0
5480,28,Male,R&D,HR Specialist,5,14705,2,9,No,1,9,2,4,1,2,0.97,0,0
5481,59,Male,Finance,Sales Executive,1,11516,17,9,No,29,6,3,4,1,3,0.69,1,0
5482,51,Female,HR,Analyst,3,12874,5,8,Yes,29,4,2,3,1,1,0.58,1,1
5483,39,Male,Finance,Engineer,4,11152,3,5,No,24,2,1,1,4,3,0.3,0,0
5484,47,Female,Sales,HR Specialist,3,11672,14,4,Yes,19,7,3,4,2,3,0.02,0,0
5485,52,Male,IT,Manager,4,2435,3,8,Yes,10,5,2,2,3,3,0.41,0,1
5486,23,Female,IT,Engineer,4,4441,5,8,No,36,0,3,2,3,1,0.91,0,1
5487,53,Female,R&D,Manager,1,8877,17,8,Yes,17,6,3,1,4,4,0.8,0,1
5488,22,Female,R&D,Analyst,4,2042,17,2,No,17,8,1,1,2,3,0.98,0,1
5489,45,Female,Finance,Analyst,3,2965,9,7,No,32,0,3,1,2,3,0.81,0,1
5490,27,Male,R&D,HR Specialist,2,14298,12,9,Yes,16,6,3,4,2,4,0.73,1,0
5491,25,Female,Marketing,Engineer,1,2215,19,3,No,23,1,3,2,3,2,0.09,0,1
5492,35,Male,Sales,Technician,4,13427,17,3,No,16,0,3,2,2,3,0.98,1,0
5493,43,Female,HR,Consultant,4,6320,6,6,No,32,0,4,1,1,4,0.29,1,1
5494,58,Female,HR,Consultant,5,4705,7,7,Yes,2,2,3,2,3,2,0.24,0,0
5495,49,Female,Finance,Engineer,1,10964,5,3,No,6,0,3,2,2,3,0.03,0,0
5496,32,Male,HR,Technician,1,3822,1,9,No,10,9,3,4,1,3,0.4,0,0
5497,24,Female,Finance,Analyst,3,6111,7,5,Yes,34,1,4,1,3,1,0.89,0,0
5498,44,Male,R&D,Manager,2,8436,9,0,No,30,6,4,3,1,2,0.77,1,0
5499,39,Male,R&D,Consultant,3,13347,16,1,No,36,7,3,2,2,2,0.59,1,1
5500,37,Male,Marketing,Technician,3,10122,11,4,No,6,2,1,3,4,4,0.75,0,0
5501,37,Female,Marketing,Technician,3,13472,10,3,No,33,6,3,2,2,3,0.05,0,0
5502,21,Female,Sales,HR Specialist,2,10249,16,2,No,5,6,3,3,1,2,0.19,1,0
5503,29,Female,HR,Sales Executive,3,6946,15,5,Yes,28,9,4,4,4,1,0.47,0,0
5504,31,Female,Marketing,Analyst,1,13881,9,9,No,7,3,3,3,2,3,0.67,0,1
5505,32,Female,Sales,Technician,2,6743,19,5,Yes,19,0,3,2,1,3,0.57,1,1
5506,30,Female,IT,Analyst,4,3843,2,9,Yes,26,3,1,2,2,2,0.15,1,1
5507,38,Female,Marketing,HR Specialist,5,7450,18,7,Yes,38,0,3,2,3,4,0.82,0,1
5508,54,Male,Sales,Manager,5,2460,3,1,No,38,9,2,4,2,3,0.14,0,0
5509,58,Female,Finance,Engineer,1,13852,18,6,No,39,3,1,2,3,1,0.25,0,0
5510,45,Male,Finance,Analyst,5,11160,8,6,Yes,17,4,3,3,4,3,0.95,0,1
5511,33,Male,Sales,HR Specialist,5,5815,19,1,No,19,8,3,4,4,4,0.94,0,0
5512,43,Female,R&D,HR Specialist,5,9292,16,5,No,27,6,2,1,4,3,0.17,1,0
5513,20,Female,IT,HR Specialist,4,12931,3,4,Yes,37,8,2,2,3,2,0.23,1,1
5514,41,Male,Sales,Consultant,5,9629,16,1,Yes,7,8,4,2,1,3,0.64,0,0
5515,42,Male,Marketing,Consultant,3,2289,2,8,No,38,7,2,1,2,4,0.84,1,1
5516,38,Female,R&D,Consultant,1,13477,19,7,Yes,17,1,4,4,1,3,0.56,0,0
5517,37,Male,Sales,Engineer,1,11312,3,6,No,29,4,3,2,4,3,0.28,0,1
5518,31,Male,HR,Consultant,1,8392,8,5,Yes,39,3,1,2,4,2,0.28,0,0
5519,47,Male,Marketing,Analyst,4,10924,5,4,No,17,0,4,2,4,1,0.04,0,0
5520,47,Male,Marketing,Technician,4,8668,18,8,No,15,5,3,3,2,2,0.01,0,0
5521,52,Female,Finance,HR Specialist,5,5576,6,4,No,16,4,3,4,3,1,0.13,1,0
5522,38,Female,HR,Engineer,3,9985,15,5,Yes,33,9,2,4,4,3,0.99,0,0
5523,47,Male,HR,Consultant,5,8848,14,2,No,11,9,3,3,2,2,0.2,1,1
5524,56,Male,Marketing,Manager,1,5782,15,8,No,33,6,2,1,1,4,0.55,0,1
5525,45,Male,IT,Sales Executive,3,8915,13,7,No,32,0,2,1,1,1,0.17,0,0
5526,54,Female,R&D,Analyst,1,14863,3,8,Yes,28,4,3,4,3,4,0.87,0,0
5527,53,Female,Finance,Engineer,3,6937,1,0,Yes,20,2,3,1,4,2,0.66,0,0
5528,54,Male,HR,Sales Executive,2,12983,6,0,Yes,29,3,3,4,4,1,0.74,1,0
5529,59,Male,Finance,Sales Executive,4,12230,6,1,Yes,16,3,3,4,4,1,0.82,0,0
5530,35,Male,Marketing,Consultant,4,13710,5,3,Yes,30,5,2,3,3,1,0.81,0,1
5531,57,Female,R&D,Engineer,1,14047,19,9,No,17,3,1,2,4,3,0.01,0,0
5532,32,Male,Sales,Technician,1,6058,8,4,Yes,14,6,3,3,1,2,0.67,1,0
5533,42,Male,HR,Technician,2,14627,16,6,Yes,24,2,3,2,3,2,0.82,0,1
5534,41,Male,R&D,Engineer,5,13709,10,3,Yes,37,7,3,2,3,2,0.06,0,0
5535,35,Male,Finance,Engineer,3,4156,15,0,Yes,13,1,2,3,4,1,0.53,0,1
5536,47,Male,Marketing,HR Specialist,2,4877,0,7,No,18,1,4,4,1,1,0.17,0,1
5537,54,Female,R&D,Manager,2,10134,15,2,No,7,0,3,2,1,2,0.21,1,0
5538,27,Female,Sales,Technician,1,11259,16,8,Yes,11,5,4,4,1,4,0.84,1,1
5539,41,Female,R&D,HR Specialist,1,6437,5,1,No,17,5,3,3,4,2,0.46,0,0
5540,40,Male,Marketing,Sales Executive,5,13242,10,0,No,19,5,3,4,1,4,0.18,1,0
5541,45,Female,Finance,Sales Executive,5,5920,6,9,No,6,0,4,3,1,1,0.75,1,0
5542,59,Male,HR,Sales Executive,1,3127,15,7,No,18,3,3,3,4,2,0.89,1,0
5543,40,Female,HR,Engineer,4,8601,1,2,Yes,10,0,3,1,3,2,0.68,0,1
5544,44,Female,IT,Analyst,5,6067,19,0,No,1,1,2,4,4,4,0.92,0,0
5545,20,Male,Finance,HR Specialist,2,11182,12,2,No,1,7,3,2,4,1,0.29,1,1
5546,25,Male,IT,Analyst,1,5486,12,7,No,38,7,3,1,2,1,0.43,0,0
5547,42,Male,IT,Consultant,3,6727,14,3,Yes,27,0,3,1,2,1,0.11,0,1
5548,42,Female,Marketing,Manager,3,11617,14,9,Yes,25,0,3,2,2,3,0.07,0,1
5549,42,Male,Marketing,Manager,4,7509,8,6,Yes,26,2,3,4,3,4,0.4,0,1
5550,51,Female,Marketing,HR Specialist,1,7481,17,7,Yes,39,6,2,3,1,3,0.68,0,0
5551,49,Female,Sales,Sales Executive,2,11649,13,6,No,10,5,4,1,4,3,0.75,0,0
5552,32,Female,Finance,Consultant,4,5454,13,0,Yes,36,2,3,1,4,2,0.15,0,0
5553,37,Male,HR,Technician,2,3051,3,3,No,8,7,4,4,3,2,0.61,0,0
5554,42,Male,Finance,Manager,3,9274,13,9,Yes,33,7,1,3,4,3,0.52,0,0
5555,34,Male,Marketing,Analyst,2,4587,9,8,Yes,29,5,3,3,1,4,0.81,1,1
5556,52,Female,Sales,Analyst,3,5257,10,6,No,34,0,3,3,3,2,0.73,0,1
5557,40,Female,Finance,Technician,5,4242,0,0,No,27,7,1,2,3,4,0.5,0,1
5558,58,Male,Finance,Engineer,3,6867,13,7,No,4,4,3,2,3,2,0.25,0,0
5559,42,Female,IT,Sales Executive,3,11063,7,3,Yes,5,8,3,4,2,1,0.88,0,0
5560,46,Female,Finance,Engineer,4,8832,5,6,Yes,11,8,2,3,3,3,0.17,0,0
5561,37,Female,IT,HR Specialist,4,2127,10,5,No,1,1,2,2,3,2,0.26,0,0
5562,43,Male,IT,Manager,1,8015,13,6,No,13,5,2,3,3,1,0.67,0,0
5563,59,Female,R&D,Technician,1,10297,6,9,Yes,20,3,3,3,3,4,0.53,0,1
5564,26,Female,Marketing,Technician,3,3406,6,9,No,34,6,4,2,3,2,0.1,0,1
5565,39,Male,Sales,Technician,5,13986,18,0,Yes,33,5,3,2,3,1,0.48,0,0
5566,46,Male,IT,Engineer,1,5420,9,5,Yes,14,6,2,3,1,2,0.12,0,0
5567,25,Male,Finance,Engineer,3,7600,8,2,Yes,12,4,2,2,3,1,0.11,0,1
5568,46,Male,IT,HR Specialist,4,12553,17,9,No,11,8,3,1,1,1,0.26,0,1
5569,28,Male,IT,Analyst,1,13786,16,3,Yes,1,0,1,1,1,2,0.17,1,0
5570,50,Male,IT,Analyst,1,10182,12,0,Yes,8,6,3,1,3,4,0.99,0,0
5571,40,Female,HR,Consultant,3,11192,3,9,Yes,18,8,4,3,4,2,0.96,0,0
5572,45,Female,HR,HR Specialist,3,13623,6,7,Yes,5,7,3,1,4,2,0.72,0,0
5573,59,Female,HR,Technician,2,9488,7,1,Yes,31,0,3,4,4,3,0.84,0,1
5574,32,Female,HR,Analyst,2,14671,15,2,Yes,3,7,1,3,4,3,0.9,1,1
5575,42,Male,R&D,HR Specialist,5,7097,11,6,Yes,22,2,3,2,3,3,0.53,1,1
5576,39,Female,IT,Analyst,1,6112,0,1,No,6,9,2,2,2,3,0.81,0,1
5577,56,Male,R&D,Consultant,2,3393,5,3,Yes,24,5,3,1,4,4,0.9,0,1
5578,47,Male,Finance,HR Specialist,3,3871,0,6,Yes,27,8,3,3,4,3,0.05,1,0
5579,36,Female,Marketing,Analyst,1,3089,7,2,Yes,21,6,2,4,2,1,0.81,0,0
5580,47,Female,Sales,Technician,2,7535,11,1,No,37,4,4,3,1,4,0.08,1,1
5581,21,Male,R&D,Engineer,5,6166,15,7,No,34,7,3,1,2,3,0.94,0,1
5582,44,Male,HR,Engineer,5,13324,0,1,Yes,35,7,2,1,2,2,0.67,0,1
5583,25,Male,HR,Consultant,5,6539,3,9,Yes,36,5,3,2,4,1,1.0,1,1
5584,30,Male,Finance,Technician,5,5016,18,6,No,26,5,3,2,2,3,0.4,0,0
5585,57,Female,IT,Analyst,3,12722,17,2,Yes,1,8,4,2,2,4,0.86,0,1
5586,25,Male,Sales,Technician,5,5315,7,3,Yes,19,3,3,1,2,2,0.96,1,1
5587,30,Female,R&D,HR Specialist,4,5892,5,5,Yes,26,2,4,2,4,4,0.29,1,1
5588,33,Male,IT,Engineer,5,12756,12,2,Yes,23,7,3,4,2,3,0.86,0,0
5589,21,Male,IT,Manager,2,3393,19,0,Yes,34,8,1,2,3,4,0.37,1,1
5590,59,Male,Marketing,Consultant,1,13284,2,7,No,27,3,4,3,4,3,0.42,0,1
5591,22,Female,Marketing,Analyst,2,12937,14,3,Yes,3,1,3,2,4,2,0.87,0,1
5592,54,Male,R&D,Manager,1,2720,5,0,Yes,39,5,1,2,2,1,0.54,0,1
5593,52,Female,R&D,Manager,3,6326,5,1,No,13,8,3,3,4,3,0.4,0,0
5594,43,Female,R&D,Consultant,1,5597,4,5,No,39,1,2,2,1,1,0.15,0,1
5595,38,Female,R&D,Sales Executive,4,6959,18,0,No,16,8,1,4,2,1,0.44,0,1
5596,37,Male,HR,Manager,5,9758,9,8,Yes,3,4,4,3,4,1,0.73,0,1
5597,43,Female,IT,Manager,2,9636,8,6,No,26,3,2,2,2,1,0.69,0,1
5598,54,Female,IT,Technician,1,13957,13,7,No,5,7,3,2,2,4,0.78,0,0
5599,20,Male,HR,Sales Executive,2,13341,4,7,No,3,1,3,2,2,4,0.76,0,0
5600,55,Male,IT,Sales Executive,5,5880,6,5,Yes,28,6,4,2,1,3,0.36,0,1
5601,44,Female,R&D,Sales Executive,3,14850,16,7,Yes,30,9,3,2,4,1,0.84,1,0
5602,53,Female,Sales,Consultant,5,6864,16,6,Yes,23,6,3,1,3,4,0.04,0,0
5603,44,Male,Marketing,HR Specialist,3,8673,8,0,Yes,18,0,3,1,1,4,0.03,1,0
5604,35,Female,Marketing,Sales Executive,2,10481,6,2,Yes,5,9,3,1,1,4,0.96,1,0
5605,53,Female,IT,Technician,3,8243,0,8,Yes,22,7,1,4,3,1,0.88,0,0
5606,48,Female,Sales,HR Specialist,3,8292,1,7,Yes,1,0,4,1,1,2,0.4,0,0
5607,38,Male,Marketing,Analyst,3,14210,9,4,Yes,27,8,1,1,1,1,0.84,0,0
5608,42,Female,Sales,HR Specialist,3,10586,18,0,Yes,14,1,2,2,2,4,0.65,0,1
5609,38,Male,HR,Analyst,3,2375,7,1,Yes,9,9,3,4,3,4,0.17,0,0
5610,44,Male,Finance,Sales Executive,1,8245,8,9,No,4,6,3,3,3,1,0.46,0,0
5611,35,Male,IT,Sales Executive,3,7746,14,9,No,25,4,3,3,4,4,0.06,0,0
5612,28,Female,HR,Analyst,3,6877,10,8,Yes,31,4,3,4,1,4,0.33,0,0
5613,20,Male,HR,Engineer,5,4139,11,9,Yes,32,4,4,2,4,3,0.21,0,1
5614,38,Female,Sales,Technician,5,3974,17,7,Yes,2,8,4,3,3,1,0.82,0,1
5615,52,Male,IT,HR Specialist,5,12650,1,8,No,37,9,3,1,3,2,0.74,1,0
5616,53,Female,HR,Technician,3,6501,14,1,Yes,2,1,3,1,3,4,0.06,0,1
5617,35,Female,R&D,Technician,5,8164,9,2,No,14,8,1,4,3,2,0.54,0,1
5618,59,Female,HR,Manager,1,12871,6,2,No,15,6,3,3,3,2,0.73,1,1
5619,37,Male,R&D,Sales Executive,2,8162,8,0,Yes,25,2,1,2,2,4,0.62,1,1
5620,53,Female,Finance,HR Specialist,5,13801,16,1,No,10,2,4,1,1,1,0.05,0,0
5621,44,Female,R&D,Technician,5,12392,13,9,Yes,28,1,3,4,3,2,0.2,0,1
5622,25,Male,R&D,HR Specialist,1,14588,8,4,Yes,8,9,3,2,4,4,0.38,1,0
5623,40,Male,Sales,Technician,4,10604,6,6,No,14,4,1,2,1,3,0.13,0,0
5624,25,Female,HR,Sales Executive,4,8345,14,5,No,20,2,3,1,3,4,0.15,0,0
5625,51,Male,Finance,Technician,1,8130,2,1,No,13,1,2,2,3,1,0.39,0,0
5626,58,Male,HR,Analyst,5,8155,1,7,No,19,3,3,4,3,3,0.49,0,1
5627,50,Male,R&D,Sales Executive,2,8278,2,3,Yes,34,8,3,3,2,1,0.07,0,0
5628,29,Female,Marketing,HR Specialist,5,3378,1,1,No,26,0,2,1,3,1,0.73,0,0
5629,49,Male,R&D,Consultant,1,3093,12,3,No,37,8,3,4,2,3,0.54,1,0
5630,37,Female,HR,Engineer,1,14878,12,7,Yes,24,6,3,2,2,1,0.96,1,1
5631,43,Male,Finance,Technician,3,9135,1,0,No,21,1,2,1,2,4,0.28,0,0
5632,28,Male,Marketing,Analyst,1,2710,19,8,No,24,1,3,2,3,3,0.26,1,1
5633,50,Female,Finance,Sales Executive,3,13642,18,7,Yes,8,4,3,1,1,2,0.34,0,1
5634,34,Male,Sales,Manager,1,9461,8,7,Yes,33,2,3,2,4,4,0.54,0,0
5635,23,Male,R&D,Consultant,3,5486,4,9,No,5,0,3,2,4,3,0.31,1,1
5636,59,Male,R&D,Consultant,3,6892,6,8,No,25,7,3,1,1,1,0.3,0,0
5637,28,Male,Sales,Sales Executive,5,5499,12,6,Yes,17,4,4,3,2,2,0.86,0,1
5638,28,Female,HR,Consultant,3,5227,0,8,No,25,4,3,4,4,4,0.1,1,0
5639,45,Female,R&D,HR Specialist,4,11803,8,0,No,33,5,2,4,4,4,0.5,1,0
5640,23,Female,HR,HR Specialist,1,2730,1,0,No,5,7,1,4,4,4,0.75,0,0
5641,36,Female,Finance,Manager,2,8420,2,3,No,15,3,1,4,2,1,0.96,0,0
5642,35,Female,Marketing,Analyst,1,9432,11,1,No,15,2,3,3,1,1,0.88,0,1
5643,34,Female,Marketing,HR Specialist,5,8192,4,7,No,1,6,3,4,4,4,0.21,0,1
5644,54,Female,Marketing,Analyst,5,10801,11,0,No,18,0,4,1,1,3,0.46,0,0
5645,24,Male,IT,Analyst,3,12532,3,3,No,6,1,3,1,2,2,0.58,0,1
5646,24,Female,Sales,Sales Executive,5,9188,11,8,Yes,34,2,3,3,3,2,0.32,1,1
5647,39,Female,Marketing,Analyst,5,3467,4,1,No,2,4,4,4,4,4,0.32,0,1
5648,34,Female,R&D,Technician,1,3558,13,5,Yes,17,9,1,2,4,3,0.19,1,0
5649,37,Male,Sales,HR Specialist,4,12711,13,3,Yes,5,3,3,4,1,2,0.05,1,1
5650,21,Female,Finance,HR Specialist,4,7257,9,3,No,20,2,1,2,2,1,0.78,0,0
5651,48,Female,Finance,Engineer,3,2229,9,5,No,14,9,4,2,1,4,0.45,0,0
5652,32,Female,Finance,Consultant,5,8981,4,9,Yes,12,3,1,3,3,4,0.87,0,1
5653,23,Male,Finance,Analyst,5,7524,17,3,No,4,9,4,1,3,1,0.19,0,1
5654,29,Female,IT,Engineer,4,14644,16,8,Yes,10,6,3,4,1,2,0.37,1,0
5655,50,Male,HR,Sales Executive,3,10732,9,7,Yes,39,6,3,2,1,4,0.36,0,1
5656,27,Male,HR,Engineer,5,4874,10,7,No,30,4,3,1,3,2,0.61,1,1
5657,22,Male,Marketing,Consultant,3,11127,14,4,No,37,4,3,4,3,4,0.49,0,1
5658,28,Male,IT,Analyst,1,5092,18,5,Yes,26,6,3,3,2,3,0.61,1,0
5659,49,Female,HR,Consultant,5,10021,11,0,No,4,3,3,3,1,3,0.35,1,0
5660,30,Male,Finance,HR Specialist,5,7730,15,0,No,6,0,4,4,1,1,0.94,0,0
5661,54,Male,HR,Sales Executive,5,13838,11,8,Yes,15,3,2,4,2,1,0.93,0,1
5662,56,Female,Sales,Analyst,4,8957,18,3,No,18,8,2,3,1,1,0.78,1,0
5663,32,Male,Marketing,Sales Executive,4,4692,2,2,No,17,9,3,2,2,3,1.0,0,1
5664,55,Male,HR,Manager,5,14814,12,4,Yes,33,9,3,2,3,3,0.21,0,0
5665,32,Male,Sales,Analyst,5,13261,14,8,No,36,9,3,1,4,2,0.43,0,1
5666,31,Male,R&D,Manager,1,7224,16,8,No,25,1,4,2,4,4,0.63,0,0
5667,56,Male,Sales,Engineer,1,14910,10,2,Yes,28,0,4,1,3,3,0.39,0,1
5668,29,Male,Sales,Analyst,3,13090,11,6,No,13,8,3,1,3,1,0.23,1,1
5669,28,Female,Finance,Manager,3,13599,16,2,No,32,5,3,4,4,1,0.04,0,0
5670,26,Female,Finance,Technician,4,14711,4,2,Yes,19,1,1,3,2,3,0.95,0,0
5671,21,Female,Marketing,HR Specialist,2,8766,4,3,Yes,31,6,3,1,2,4,0.23,0,0
5672,42,Female,Finance,Engineer,1,12090,6,1,No,15,3,1,4,4,1,0.47,0,1
5673,58,Male,Sales,Analyst,3,2003,2,5,No,23,8,3,2,3,2,0.02,0,0
5674,59,Male,IT,Analyst,1,14756,2,4,No,27,5,4,2,2,1,0.54,0,0
5675,58,Male,Finance,HR Specialist,1,6759,16,9,Yes,1,6,3,1,2,4,0.84,1,0
5676,40,Female,Finance,HR Specialist,2,13817,1,9,No,22,2,3,1,3,2,0.46,0,1
5677,42,Female,Sales,Consultant,1,4934,14,1,No,8,5,3,1,3,1,0.91,0,1
5678,48,Male,R&D,Manager,2,6633,18,9,Yes,5,0,4,2,4,3,0.21,0,0
5679,33,Male,R&D,Manager,2,9361,9,1,No,24,4,1,1,2,4,0.2,1,0
5680,45,Female,HR,Manager,1,4407,10,1,Yes,33,9,4,1,4,2,0.6,0,1
5681,24,Female,Marketing,Consultant,1,4567,8,3,Yes,12,4,3,1,1,2,0.81,0,0
5682,50,Female,R&D,Sales Executive,3,11288,13,2,No,4,1,3,3,2,3,0.0,0,1
5683,44,Female,Finance,Engineer,1,12177,6,8,Yes,15,5,3,3,4,2,0.25,0,0
5684,50,Male,IT,Analyst,1,5149,9,4,Yes,9,2,3,2,4,1,0.25,1,0
5685,39,Female,HR,Engineer,1,9827,0,0,Yes,13,3,2,3,1,2,0.51,0,0
5686,36,Female,Marketing,HR Specialist,3,8838,0,1,Yes,10,2,3,2,1,2,0.62,1,1
5687,21,Male,IT,Technician,2,3357,13,6,Yes,14,0,4,3,3,1,0.54,0,0
5688,44,Male,IT,Engineer,3,8228,7,7,No,1,0,1,3,2,2,0.24,0,0
5689,32,Male,Finance,Engineer,1,7615,13,5,Yes,27,4,3,3,4,2,0.87,0,0
5690,58,Female,Sales,Manager,5,10270,6,6,Yes,22,9,1,2,2,3,0.77,0,0
5691,47,Female,Sales,HR Specialist,1,11766,17,1,No,22,5,2,2,1,1,0.64,0,0
5692,25,Female,Sales,Engineer,3,9473,8,5,Yes,26,4,2,1,2,2,0.37,0,0
5693,22,Female,R&D,Analyst,3,3605,14,5,No,24,3,3,3,4,2,0.33,0,0
5694,54,Male,Sales,Manager,4,14443,0,3,Yes,30,5,4,2,3,1,0.74,0,1
5695,37,Male,Marketing,Consultant,5,9284,10,3,No,17,8,2,1,2,3,0.12,0,0
5696,30,Female,Finance,Engineer,3,6975,18,1,No,23,3,2,4,4,2,0.03,0,1
5697,39,Female,R&D,HR Specialist,2,13178,9,2,No,10,8,3,4,3,3,0.97,1,0
5698,24,Female,Marketing,Technician,1,7569,17,9,No,33,9,3,4,4,1,0.95,0,0
5699,38,Male,Sales,Analyst,2,2027,3,5,Yes,8,6,3,4,2,4,0.94,1,0
5700,41,Female,Marketing,Technician,3,12102,17,3,Yes,5,3,2,2,3,1,0.55,1,1
5701,38,Male,IT,HR Specialist,3,14897,17,2,Yes,34,9,3,2,1,4,0.1,0,1
5702,35,Female,Finance,HR Specialist,2,3352,19,0,Yes,27,3,3,1,2,4,0.5,0,1
5703,43,Male,Finance,HR Specialist,2,5734,11,2,No,31,2,3,4,1,1,0.36,0,0
5704,23,Male,Marketing,Technician,4,9531,8,0,Yes,25,6,2,2,4,3,0.58,1,1
5705,34,Female,HR,Sales Executive,1,2418,17,3,No,2,3,2,1,1,4,0.9,0,0
5706,44,Male,Finance,Analyst,2,14309,5,3,Yes,20,9,3,3,2,3,0.47,0,0
5707,54,Male,IT,HR Specialist,1,10452,18,0,No,3,3,3,3,4,2,0.82,0,0
5708,33,Female,Finance,Sales Executive,5,4107,19,6,Yes,38,6,2,2,2,4,0.49,0,0
5709,38,Male,HR,Manager,3,13176,14,4,Yes,15,6,3,4,1,3,0.95,0,1
5710,57,Female,Finance,Sales Executive,2,8306,4,0,Yes,27,1,4,3,3,1,0.47,0,1
5711,55,Male,Finance,Manager,5,6291,10,4,Yes,24,7,3,4,2,1,0.71,1,1
5712,26,Male,HR,Technician,3,11096,12,6,Yes,35,6,3,4,3,1,0.46,0,1
5713,49,Male,Finance,Consultant,4,4226,1,5,Yes,23,0,3,3,3,2,0.4,1,1
5714,38,Male,Marketing,Consultant,3,14045,7,9,Yes,8,9,4,4,3,4,0.75,0,0
5715,44,Female,R&D,Sales Executive,2,9660,10,4,No,22,8,3,2,2,1,0.75,0,1
5716,35,Female,Marketing,Technician,5,14612,17,7,Yes,16,7,2,1,2,2,0.22,0,0
5717,59,Female,Finance,HR Specialist,5,10759,9,8,No,6,0,3,3,1,1,0.41,0,1
5718,27,Male,Sales,Sales Executive,5,2778,0,0,No,39,4,4,4,2,2,0.01,0,0
5719,37,Male,Sales,Sales Executive,3,11117,3,5,No,29,5,3,1,4,2,0.02,0,1
5720,47,Female,R&D,HR Specialist,1,8258,16,1,No,26,7,1,3,4,3,0.14,1,0
5721,35,Female,Finance,Manager,1,13430,16,7,Yes,9,9,3,2,2,1,0.76,0,1
5722,38,Female,IT,HR Specialist,3,9521,4,4,No,19,6,4,4,2,2,0.08,0,0
5723,36,Female,Finance,Analyst,2,13671,2,0,No,7,4,3,2,4,2,0.94,0,1
5724,32,Male,Sales,Consultant,3,3615,6,4,No,25,0,4,1,1,1,0.19,1,1
5725,26,Female,HR,Consultant,1,3849,4,9,No,24,3,3,4,3,1,0.89,0,0
5726,46,Male,R&D,Sales Executive,3,3943,9,4,Yes,39,8,4,2,2,1,0.95,0,0
5727,29,Female,HR,Analyst,5,4370,6,1,Yes,37,7,3,1,3,4,0.43,0,1
5728,53,Male,IT,HR Specialist,2,9708,16,3,Yes,34,9,4,4,2,1,0.52,0,1
5729,55,Female,Finance,Consultant,2,10233,16,5,No,29,9,3,4,2,3,0.32,1,0
5730,44,Female,IT,Technician,4,5190,6,0,No,34,1,3,1,2,3,0.9,0,1
5731,25,Male,HR,HR Specialist,3,14861,5,8,Yes,20,1,3,4,2,2,0.51,0,0
5732,43,Male,Finance,Engineer,5,9834,8,6,Yes,5,7,1,3,1,4,0.98,0,0
5733,37,Female,Marketing,Analyst,3,3820,7,5,No,36,2,1,1,1,2,0.97,0,0
5734,42,Male,Marketing,Consultant,4,10632,13,0,No,30,4,4,1,3,1,0.95,1,0
5735,25,Female,IT,Engineer,4,10295,5,7,No,20,8,2,2,2,4,0.36,1,1
5736,48,Male,Marketing,Analyst,3,2568,8,7,No,11,1,3,1,2,3,0.08,0,0
5737,44,Female,Marketing,Technician,3,10648,19,3,Yes,21,7,2,3,2,3,0.67,0,1
5738,36,Female,Sales,Engineer,3,2310,10,3,No,20,1,3,1,1,3,0.87,0,1
5739,43,Female,Marketing,Engineer,1,3907,10,0,Yes,6,2,3,4,3,2,0.35,0,0
5740,30,Female,Sales,Analyst,4,11899,7,8,Yes,26,6,3,2,3,4,0.96,0,1
5741,45,Female,R&D,HR Specialist,2,5455,2,7,Yes,23,6,3,1,2,3,0.91,0,1
5742,53,Female,Sales,Manager,1,3691,10,9,No,5,4,3,1,4,4,0.63,0,0
5743,47,Female,Sales,HR Specialist,5,9332,3,6,Yes,25,0,3,2,2,2,0.12,1,1
5744,22,Female,HR,Manager,2,6502,2,1,No,29,1,2,1,2,1,0.89,0,1
5745,30,Male,Sales,Analyst,2,13084,12,6,No,4,6,3,4,2,2,0.12,0,0
5746,57,Male,Sales,Sales Executive,2,2580,18,3,No,27,7,3,4,3,3,0.52,0,0
5747,33,Male,HR,HR Specialist,4,4015,7,2,Yes,10,5,3,1,4,1,0.02,1,0
5748,45,Female,Sales,Engineer,5,9643,0,9,Yes,34,2,2,2,4,4,0.15,0,1
5749,40,Female,Marketing,HR Specialist,1,8862,7,3,Yes,27,2,2,3,4,4,0.56,0,0
5750,58,Female,Sales,Analyst,5,6055,8,9,No,8,8,4,3,4,2,0.0,1,0
5751,49,Male,R&D,Sales Executive,1,9583,5,5,Yes,35,2,4,3,4,3,0.15,1,0
5752,27,Male,Sales,Sales Executive,4,12836,10,6,Yes,28,5,3,3,2,2,0.22,0,1
5753,39,Male,Sales,HR Specialist,5,3860,9,1,No,9,2,3,4,4,2,0.04,0,0
5754,51,Male,R&D,HR Specialist,2,13876,2,6,Yes,34,9,4,4,4,1,0.58,0,0
5755,41,Male,HR,Technician,5,5875,7,9,Yes,30,2,2,3,1,3,0.76,0,0
5756,26,Female,Marketing,HR Specialist,4,9418,4,1,Yes,17,8,4,4,2,4,0.04,1,0
5757,28,Male,Sales,Analyst,4,5291,1,1,No,33,7,4,3,2,2,0.42,0,1
5758,20,Female,Marketing,Manager,4,13423,15,0,Yes,29,6,3,2,4,1,0.54,1,0
5759,48,Female,IT,Technician,1,10378,0,6,No,37,2,4,2,4,3,0.52,1,0
5760,27,Female,Marketing,Manager,5,4943,1,0,No,13,4,3,1,3,1,0.48,0,0
5761,23,Male,HR,Engineer,2,14219,2,2,Yes,29,0,4,1,4,2,0.1,0,1
5762,54,Male,HR,Consultant,2,11814,8,7,Yes,39,1,4,2,2,4,0.25,1,1
5763,22,Female,Sales,Analyst,3,4511,16,0,Yes,14,8,2,3,4,1,0.93,0,1
5764,59,Male,R&D,Technician,4,12569,11,5,Yes,8,2,2,3,3,2,0.18,1,0
5765,26,Male,HR,Sales Executive,2,8492,1,1,Yes,32,4,2,4,1,4,0.78,0,1
5766,46,Female,R&D,Technician,4,8643,1,8,No,11,3,3,2,2,3,0.15,0,0
5767,20,Female,IT,Engineer,2,9834,18,1,Yes,35,7,4,3,4,3,0.74,0,0
5768,46,Female,R&D,Sales Executive,5,3890,19,5,No,5,0,3,3,1,3,0.68,0,0
5769,35,Female,Finance,Technician,3,14777,16,3,Yes,37,5,2,2,1,3,0.99,0,1
5770,57,Female,R&D,Sales Executive,4,10471,16,8,Yes,5,5,3,3,1,4,0.15,0,0
5771,26,Male,HR,HR Specialist,1,2854,12,0,Yes,2,7,3,3,3,3,0.28,1,0
5772,42,Female,R&D,Sales Executive,1,7283,11,0,No,26,0,4,4,2,1,0.84,0,0
5773,30,Male,R&D,Technician,2,2397,10,9,Yes,30,3,4,4,3,3,0.56,0,0
5774,52,Male,Finance,Sales Executive,5,14715,10,2,Yes,13,0,4,1,2,1,0.33,1,0
5775,55,Female,Finance,Analyst,4,5503,7,5,No,38,8,3,4,4,3,0.15,0,1
5776,56,Female,Sales,HR Specialist,3,6470,17,2,Yes,27,5,4,1,4,1,0.56,0,0
5777,36,Male,HR,HR Specialist,5,14063,3,6,No,17,6,3,3,3,2,0.48,0,0
5778,54,Female,Sales,Engineer,2,9159,17,8,Yes,15,0,3,2,4,2,0.25,0,1
5779,24,Male,Finance,HR Specialist,5,5795,14,9,Yes,33,9,3,1,2,3,0.63,0,1
5780,51,Female,R&D,Manager,3,2631,6,1,Yes,30,3,3,3,2,2,0.68,0,0
5781,22,Female,Finance,Analyst,5,5036,14,3,No,32,6,3,3,3,3,0.55,1,0
5782,54,Male,IT,Engineer,4,14984,18,2,Yes,7,3,3,1,3,1,0.67,0,0
5783,33,Male,R&D,Manager,2,2927,16,5,No,39,4,4,2,2,2,0.26,0,0
5784,50,Female,Sales,Sales Executive,3,12219,9,4,Yes,16,0,4,4,1,4,0.9,0,1
5785,50,Female,R&D,Consultant,2,11857,10,2,No,11,2,3,1,1,1,0.05,1,1
5786,36,Female,IT,Manager,4,10269,13,8,No,37,7,2,2,2,4,0.17,1,1
5787,43,Male,Finance,Engineer,3,6583,3,7,Yes,14,8,2,2,4,2,0.22,1,0
5788,42,Female,HR,HR Specialist,3,13433,3,2,Yes,23,7,3,4,1,2,0.95,1,0
5789,37,Female,Marketing,Analyst,2,3061,0,9,Yes,31,3,1,4,4,4,0.29,0,1
5790,33,Female,HR,Consultant,5,8710,11,4,Yes,28,9,4,2,2,3,0.93,0,1
5791,34,Female,HR,Engineer,5,5361,6,4,Yes,5,0,2,3,4,2,0.48,1,0
5792,34,Male,Finance,Manager,1,14458,4,4,No,24,3,4,1,1,3,0.72,0,1
5793,25,Male,HR,Consultant,1,6737,0,7,No,18,5,3,2,4,1,0.28,1,0
5794,46,Male,IT,Manager,3,3699,7,2,No,4,1,4,4,1,1,0.7,1,0
5795,34,Female,Finance,Engineer,2,7701,17,2,No,23,6,4,3,1,4,0.87,0,0
5796,55,Female,HR,Consultant,3,2291,12,7,Yes,9,2,4,1,2,3,0.58,0,1
5797,27,Female,Marketing,Technician,2,8037,16,8,No,11,7,3,1,4,1,0.91,0,0
5798,34,Male,Sales,Technician,4,2580,1,4,No,35,3,3,2,1,4,0.39,0,0
5799,22,Male,Finance,Engineer,1,14709,5,9,Yes,11,8,4,1,2,3,0.62,1,0
5800,32,Male,Finance,Technician,3,6200,3,7,No,7,0,3,2,1,2,0.28,0,0
5801,53,Male,R&D,Engineer,4,2879,7,4,No,17,9,3,3,2,1,0.15,1,1
5802,43,Female,HR,HR Specialist,5,3482,14,3,Yes,18,0,2,4,1,3,0.16,0,0
5803,59,Male,Sales,Consultant,1,12487,4,1,No,26,4,3,4,1,3,0.44,0,0
5804,51,Male,Marketing,Engineer,2,9070,19,3,No,26,8,3,4,3,2,0.94,0,0
5805,51,Female,IT,Sales Executive,5,8452,10,1,No,17,5,3,1,3,4,0.3,0,1
5806,49,Male,Finance,Analyst,5,13636,7,6,Yes,10,1,2,1,2,1,0.09,0,0
5807,32,Female,IT,Analyst,4,11321,16,6,Yes,30,8,3,4,2,4,0.45,0,1
5808,20,Female,IT,Sales Executive,3,7980,8,8,Yes,15,6,4,4,2,2,0.14,0,0
5809,53,Female,IT,Manager,3,2314,17,3,No,26,4,1,4,4,1,0.21,1,0
5810,34,Female,R&D,Manager,4,10800,13,4,No,28,6,3,1,2,4,0.91,1,1
5811,33,Female,IT,Manager,5,5925,8,3,No,19,8,2,4,3,4,0.64,0,0
5812,48,Male,HR,Consultant,1,13184,9,3,Yes,1,7,2,1,2,1,0.52,1,1
5813,53,Male,HR,Manager,5,4586,19,4,No,34,7,3,2,2,2,0.22,0,1
5814,37,Female,Sales,HR Specialist,4,4119,1,2,Yes,38,8,4,1,1,3,0.09,0,1
5815,26,Male,Sales,Sales Executive,5,10569,2,8,Yes,24,2,4,1,4,4,0.94,0,0
5816,48,Female,Marketing,Analyst,5,9352,4,6,Yes,24,0,2,3,2,2,0.54,0,1
5817,50,Male,IT,Sales Executive,5,10325,3,0,No,18,3,2,1,3,4,0.13,0,0
5818,44,Male,IT,Analyst,5,5245,2,0,Yes,1,8,3,2,4,2,0.46,0,0
5819,57,Male,R&D,Manager,1,12008,18,0,No,10,9,4,2,2,3,0.61,1,0
5820,33,Male,IT,HR Specialist,2,9777,9,2,No,4,0,2,1,4,1,0.69,0,0
5821,27,Male,IT,Engineer,2,6488,6,8,No,14,9,2,2,1,1,0.09,0,0
5822,46,Male,IT,Engineer,3,5135,11,7,No,21,0,3,1,4,2,0.71,0,1
5823,21,Male,Finance,Technician,2,6510,7,8,No,26,5,2,2,1,2,0.78,0,0
5824,36,Female,Finance,Manager,2,8546,4,4,No,38,3,1,4,2,3,0.37,1,0
5825,56,Female,R&D,Manager,2,3136,12,6,No,5,0,3,4,3,2,0.67,0,0
5826,33,Female,R&D,Sales Executive,5,8208,8,9,Yes,15,3,2,3,1,2,0.1,0,1
5827,44,Male,HR,HR Specialist,5,3751,3,8,Yes,24,5,3,3,4,1,0.99,0,1
5828,49,Male,R&D,HR Specialist,1,6961,1,4,Yes,10,7,4,1,1,2,0.07,0,1
5829,48,Female,Marketing,Sales Executive,5,8544,4,7,No,35,8,3,3,3,4,0.2,1,0
5830,39,Female,HR,HR Specialist,5,10481,1,7,Yes,17,9,2,2,1,1,0.76,0,0
5831,40,Male,IT,Consultant,2,11698,17,2,Yes,32,5,3,2,2,2,0.96,0,0
5832,41,Female,R&D,Consultant,1,9587,5,4,Yes,9,1,2,1,2,4,0.25,1,1
5833,54,Female,Marketing,HR Specialist,1,11530,10,7,No,31,5,3,4,1,3,0.1,0,0
5834,56,Female,R&D,Consultant,2,13083,9,9,Yes,15,0,2,1,3,2,0.14,0,1
5835,35,Female,R&D,Engineer,2,8500,0,2,Yes,3,0,4,3,4,2,0.68,0,0
5836,36,Male,HR,HR Specialist,1,6973,1,2,No,35,0,2,4,1,3,0.51,1,0
5837,35,Female,HR,Consultant,4,9141,9,5,No,13,5,3,4,4,4,0.88,1,1
5838,21,Female,Sales,Manager,2,12176,4,6,No,22,6,3,2,3,4,0.1,0,1
5839,23,Female,HR,Engineer,2,2751,11,6,Yes,7,0,4,2,1,4,0.5,0,1
5840,40,Female,HR,Manager,1,5589,18,5,No,20,2,3,4,2,4,0.61,1,0
5841,58,Male,Finance,Manager,4,2748,1,6,Yes,37,2,1,2,3,3,0.86,0,1
5842,53,Female,R&D,Consultant,4,2364,5,6,No,26,6,2,3,4,4,0.55,0,1
5843,49,Female,HR,Consultant,3,2266,14,3,No,19,3,1,4,2,3,0.18,0,0
5844,25,Female,R&D,Sales Executive,4,14693,7,7,Yes,30,8,3,3,1,4,0.89,0,1
5845,36,Female,R&D,Technician,2,5821,15,7,Yes,34,8,3,2,3,3,0.87,0,1
5846,58,Female,Finance,HR Specialist,5,6234,18,1,No,35,9,3,1,1,4,0.87,0,1
5847,44,Male,R&D,HR Specialist,1,11380,17,9,No,28,3,2,3,4,3,0.59,0,0
5848,24,Female,Marketing,HR Specialist,2,7913,16,4,Yes,35,2,4,4,1,2,0.96,0,0
5849,24,Female,HR,HR Specialist,1,8809,0,1,Yes,34,5,1,1,1,4,0.56,0,0
5850,39,Male,R&D,Consultant,4,5177,10,2,No,16,8,3,4,4,4,0.15,0,0
5851,35,Female,Sales,Engineer,1,5220,3,2,Yes,32,9,4,3,1,3,0.4,1,1
5852,56,Male,Sales,Analyst,2,7529,5,4,Yes,17,7,4,4,3,2,0.82,1,0
5853,59,Female,Finance,Manager,5,13022,6,7,Yes,24,6,3,3,2,2,0.98,0,0
5854,28,Male,Marketing,Technician,2,2702,7,2,Yes,5,6,3,4,4,3,0.83,0,1
5855,24,Male,HR,Technician,3,11890,9,6,Yes,12,4,2,2,4,1,0.36,1,0
5856,21,Female,Finance,Analyst,1,2200,16,4,Yes,22,8,1,4,1,4,0.01,0,0
5857,28,Male,Sales,Analyst,2,14905,11,9,Yes,12,1,3,2,1,4,0.18,0,1
5858,55,Female,Marketing,Analyst,4,13990,7,9,No,29,4,3,3,3,2,0.04,1,0
5859,41,Male,HR,Consultant,4,4013,11,9,No,39,4,2,3,4,4,0.82,0,1
5860,41,Male,R&D,Engineer,2,5541,16,3,Yes,39,4,2,2,3,1,0.31,1,0
5861,41,Female,HR,Analyst,3,9155,2,1,Yes,36,7,2,2,1,3,0.7,0,1
5862,53,Male,IT,Engineer,1,12201,13,5,Yes,6,0,3,1,4,3,0.41,0,1
5863,48,Female,HR,Consultant,3,5505,11,3,Yes,8,3,3,1,2,3,0.27,0,1
5864,57,Male,R&D,Sales Executive,5,13292,4,3,Yes,6,0,3,1,1,4,0.52,0,0
5865,52,Male,IT,Sales Executive,2,6159,12,4,Yes,30,4,2,4,3,2,0.49,0,0
5866,37,Female,Marketing,Technician,3,9080,10,8,No,19,6,4,2,1,1,0.82,0,0
5867,26,Female,Finance,Sales Executive,5,13929,15,0,Yes,30,1,3,4,4,2,0.7,0,1
5868,20,Male,Marketing,Engineer,3,8683,9,4,Yes,25,1,3,2,4,3,0.31,0,1
5869,52,Female,HR,Engineer,5,8653,7,4,Yes,10,6,2,1,4,1,0.81,1,1
5870,20,Female,Finance,Manager,4,11903,5,1,Yes,2,1,3,2,3,4,0.6,1,1
5871,43,Male,HR,Analyst,4,14538,19,2,Yes,24,1,1,1,1,1,0.34,0,0
5872,23,Male,Sales,HR Specialist,2,11921,19,3,Yes,28,5,3,1,2,4,0.81,1,1
5873,23,Female,Sales,HR Specialist,3,13542,2,0,Yes,34,4,3,1,4,3,0.37,0,1
5874,37,Male,R&D,Analyst,4,14326,19,9,Yes,3,0,3,3,1,3,0.05,0,1
5875,46,Female,Marketing,HR Specialist,1,2068,9,2,Yes,26,6,3,1,3,3,0.88,1,1
5876,51,Female,Sales,HR Specialist,4,6372,17,0,No,22,1,4,3,3,2,0.44,0,0
5877,52,Female,IT,Consultant,4,13383,9,0,Yes,32,1,1,1,3,1,0.32,0,1
5878,47,Female,IT,HR Specialist,3,11301,12,8,No,36,2,2,3,4,1,0.91,1,0
5879,55,Female,HR,Technician,5,8320,13,3,Yes,14,8,1,1,1,1,0.25,0,0
5880,25,Female,Finance,Engineer,1,5018,0,3,Yes,37,0,3,2,3,4,0.97,0,1
5881,35,Male,IT,Engineer,1,4653,19,3,No,3,7,2,3,1,2,0.03,1,1
5882,53,Female,HR,Engineer,5,10532,14,8,No,28,1,3,4,3,2,0.67,1,0
5883,42,Male,Finance,Analyst,3,10612,11,7,No,26,8,1,4,2,2,0.06,0,1
5884,43,Female,Sales,Sales Executive,4,4275,15,3,Yes,10,4,1,4,3,2,0.09,0,0
5885,32,Male,HR,Technician,5,3918,6,5,Yes,26,8,3,1,3,2,0.96,1,1
5886,37,Male,Finance,Technician,1,2472,13,1,Yes,23,9,3,4,1,4,0.92,1,1
5887,32,Male,R&D,HR Specialist,1,12327,8,5,Yes,7,8,3,2,2,1,0.84,0,1
5888,56,Female,Marketing,Manager,4,5421,8,0,No,34,4,2,4,3,2,0.68,0,0
5889,58,Male,Marketing,Engineer,4,7929,9,4,No,12,1,3,2,3,3,0.47,0,1
5890,36,Male,R&D,Consultant,2,13220,8,7,No,22,8,3,4,3,3,0.68,0,0
5891,34,Female,IT,Technician,5,7765,15,0,No,11,7,2,4,4,3,0.56,1,0
5892,37,Male,Marketing,Technician,4,4087,7,1,Yes,9,2,3,1,1,1,0.85,0,0
5893,42,Male,Finance,Manager,2,9817,1,2,Yes,5,0,3,2,4,3,0.74,0,1
5894,49,Female,R&D,HR Specialist,3,13550,17,6,No,6,4,3,2,4,4,0.68,0,0
5895,53,Male,IT,Technician,1,10185,17,7,No,7,1,2,4,4,4,0.19,0,0
5896,23,Male,HR,Technician,5,10447,11,3,No,18,8,2,4,3,1,0.66,0,1
5897,22,Female,HR,Sales Executive,3,5869,2,7,No,15,4,1,4,2,4,0.49,0,1
5898,26,Male,Finance,Manager,5,7716,1,0,No,1,6,3,2,2,4,0.78,1,0
5899,37,Male,Finance,Consultant,5,11635,5,2,Yes,15,0,3,1,2,4,0.45,1,1
5900,26,Male,Finance,Consultant,4,9996,5,3,Yes,9,0,3,3,4,3,0.5,0,0
5901,59,Male,Marketing,HR Specialist,2,10730,16,4,Yes,7,7,4,1,3,2,0.42,1,0
5902,25,Female,Finance,HR Specialist,5,5387,15,8,Yes,9,7,3,1,3,3,0.98,0,0
5903,41,Female,R&D,Engineer,3,12015,12,1,No,11,7,3,4,2,3,0.59,0,1
5904,20,Female,R&D,Sales Executive,5,2857,11,6,No,3,6,4,3,2,4,0.91,0,1
5905,23,Female,IT,HR Specialist,2,2131,10,2,Yes,13,4,3,1,2,4,0.87,0,1
5906,48,Male,R&D,Sales Executive,1,7722,14,9,No,5,0,4,4,2,4,0.75,1,0
5907,40,Female,Marketing,Engineer,5,4915,16,1,Yes,32,7,1,3,3,1,0.5,0,1
5908,45,Female,HR,Consultant,3,4586,19,8,No,22,9,3,2,4,1,0.54,1,1
5909,33,Male,IT,Manager,1,5374,7,2,Yes,26,6,4,4,1,2,0.93,0,1
5910,28,Male,R&D,Technician,1,4031,6,7,No,3,2,3,2,3,3,0.23,0,1
5911,31,Male,Finance,Technician,4,3925,10,0,No,8,6,4,4,2,3,0.78,0,1
5912,25,Female,R&D,Analyst,4,4001,7,4,Yes,24,4,4,1,3,4,0.3,0,0
5913,39,Male,Sales,Analyst,5,6377,18,4,No,13,9,3,1,1,4,0.06,0,1
5914,43,Male,IT,Analyst,3,8635,5,5,Yes,11,9,2,4,2,3,0.39,0,1
5915,46,Male,Marketing,Technician,4,12519,19,6,Yes,38,9,4,2,1,2,0.52,0,1
5916,57,Female,R&D,Sales Executive,2,13763,18,2,No,14,3,3,3,4,2,0.13,0,0
5917,27,Female,R&D,Analyst,2,9366,18,4,Yes,5,0,2,4,3,2,0.75,1,0
5918,20,Female,Marketing,Manager,1,7494,3,7,No,13,9,3,4,3,1,0.74,1,1
5919,43,Female,HR,HR Specialist,1,13563,14,5,No,24,1,4,2,4,1,0.73,1,0
5920,26,Female,Finance,Sales Executive,1,14173,16,1,No,16,1,3,1,1,4,0.32,0,0
5921,38,Female,Finance,Technician,2,2665,17,6,No,29,9,3,2,2,2,0.5,0,1
5922,41,Female,HR,Manager,4,8698,19,2,No,19,1,3,4,2,1,0.17,1,0
5923,54,Male,HR,Consultant,4,7441,11,9,Yes,17,8,4,2,2,1,0.44,0,1
5924,49,Male,Sales,Technician,5,3646,9,8,No,31,5,3,3,1,4,0.96,0,1
5925,48,Male,Marketing,Sales Executive,3,14758,8,3,Yes,29,4,2,2,3,2,0.3,0,0
5926,41,Female,IT,Sales Executive,2,6507,7,3,Yes,32,9,3,3,2,1,0.05,0,0
5927,30,Female,Finance,Sales Executive,1,14800,7,3,No,17,3,2,4,4,4,0.31,1,0
5928,39,Male,HR,Engineer,3,7599,10,9,Yes,7,8,3,4,3,1,0.84,0,0
5929,48,Male,HR,HR Specialist,1,3163,11,9,No,38,8,3,4,3,2,0.91,0,1
5930,53,Female,Marketing,Analyst,3,4925,5,7,Yes,5,9,3,2,1,2,0.01,0,1
5931,20,Female,IT,Engineer,3,8833,2,0,Yes,24,6,3,4,4,2,0.48,0,1
5932,50,Female,HR,HR Specialist,4,9671,14,2,Yes,33,4,2,3,4,3,0.95,0,0
5933,49,Female,Sales,Technician,5,14706,5,7,Yes,23,5,1,3,3,2,0.13,1,1
5934,37,Female,IT,Analyst,5,7052,6,6,No,14,2,3,2,3,3,0.06,0,0
5935,36,Female,Sales,Consultant,1,7913,5,5,Yes,34,1,4,2,3,4,0.76,0,0
5936,57,Female,R&D,Engineer,2,14190,1,6,No,4,9,3,2,2,4,0.64,0,0
5937,33,Female,Finance,Engineer,5,11016,5,0,Yes,1,9,4,3,3,1,0.72,0,1
5938,42,Male,HR,Manager,2,10924,1,7,No,2,3,2,1,2,4,0.27,0,0
5939,44,Female,IT,Consultant,1,6486,0,3,Yes,29,2,2,1,2,3,0.4,0,1
5940,34,Female,Sales,Consultant,2,9311,14,0,No,9,3,2,3,1,2,0.57,0,0
5941,41,Female,Finance,Engineer,3,8879,9,3,No,28,9,3,3,2,4,0.76,0,0
5942,22,Male,Finance,Sales Executive,3,11779,9,1,No,33,0,3,4,2,1,0.32,0,0
5943,38,Male,HR,Technician,1,13856,9,4,No,23,0,3,3,1,4,0.41,0,0
5944,53,Female,Finance,Consultant,2,14948,4,0,No,20,5,3,2,3,2,0.54,1,1
5945,54,Male,HR,Engineer,2,2026,3,0,No,31,9,3,2,3,1,0.01,1,0
5946,20,Male,R&D,Sales Executive,1,9911,14,4,Yes,26,3,3,2,2,1,0.85,0,1
5947,40,Male,HR,HR Specialist,5,4670,8,1,Yes,31,1,4,1,1,4,0.62,0,1
5948,48,Female,Marketing,HR Specialist,4,7627,15,8,No,32,2,3,2,1,1,0.08,0,1
5949,25,Female,Sales,Consultant,5,2883,8,9,No,35,7,3,4,1,3,0.35,0,0
5950,56,Female,Marketing,Sales Executive,4,7910,18,6,Yes,15,5,3,4,3,2,0.18,0,1
5951,20,Female,Finance,Manager,2,2126,13,3,No,15,1,4,1,4,3,0.04,0,1
5952,20,Female,Finance,Manager,4,3479,11,6,Yes,37,6,3,2,1,2,0.31,0,1
5953,46,Female,Finance,HR Specialist,4,12520,11,7,No,25,1,2,1,1,1,0.87,0,1
5954,40,Female,HR,Technician,2,10510,2,7,No,20,0,2,3,2,4,0.07,1,1
5955,35,Male,IT,Engineer,3,4488,18,7,Yes,22,4,2,3,1,3,0.88,0,1
5956,59,Female,HR,Consultant,4,2340,10,4,No,20,9,3,3,1,3,0.22,0,0
5957,45,Female,Sales,Consultant,1,14981,4,6,Yes,15,8,3,4,2,3,0.96,0,1
5958,35,Female,HR,HR Specialist,5,14406,5,6,No,30,4,2,4,3,1,0.22,0,1
5959,47,Female,Finance,HR Specialist,2,6873,5,1,No,14,0,3,1,1,4,0.86,1,1
5960,20,Female,R&D,Sales Executive,2,8856,18,2,No,21,1,4,1,1,1,0.92,1,0
5961,55,Female,Sales,Manager,4,14287,13,1,Yes,17,3,3,2,3,2,0.92,1,1
5962,29,Female,Marketing,Technician,3,14672,15,2,No,5,4,4,4,4,2,0.12,0,1
5963,36,Female,R&D,Sales Executive,3,8101,11,8,Yes,15,1,3,4,2,4,0.67,0,0
5964,42,Male,Sales,HR Specialist,5,3605,17,6,Yes,27,2,2,1,4,2,0.82,0,1
5965,26,Male,Sales,Analyst,5,7277,12,3,Yes,39,5,4,1,1,1,0.74,0,1
5966,26,Female,Finance,Engineer,3,7836,19,7,Yes,20,5,4,4,2,1,0.47,0,1
5967,34,Female,Marketing,HR Specialist,3,14373,8,6,No,35,9,3,2,1,3,0.94,0,1
5968,53,Male,HR,Sales Executive,3,4408,17,9,Yes,17,0,4,4,1,4,0.18,0,1
5969,23,Female,Marketing,Analyst,4,13245,3,5,Yes,9,9,3,1,2,1,0.88,0,1
5970,33,Female,Finance,Analyst,1,4839,10,3,No,4,7,3,1,1,3,0.24,1,1
5971,33,Male,Finance,HR Specialist,5,3108,17,4,No,16,5,4,4,1,3,0.45,1,0
5972,35,Female,Finance,Technician,2,6454,2,9,No,16,2,2,4,3,3,0.46,0,1
5973,26,Female,R&D,Manager,3,8870,3,7,No,29,1,4,4,3,1,0.29,0,0
5974,51,Female,Marketing,Analyst,3,13396,8,2,Yes,32,8,2,3,1,2,0.28,1,1
5975,38,Male,Marketing,Consultant,1,9554,12,2,Yes,32,7,3,2,2,4,0.37,0,0
5976,21,Male,Sales,Engineer,3,9414,14,4,Yes,38,2,4,3,1,4,0.01,1,1
5977,29,Female,IT,Sales Executive,5,13404,9,8,No,39,6,4,1,4,4,0.24,1,1
5978,36,Male,HR,Sales Executive,3,14734,8,4,No,38,6,4,2,1,3,0.95,0,0
5979,56,Male,Finance,Sales Executive,1,3925,15,0,Yes,39,0,3,4,3,1,0.72,1,0
5980,31,Male,Marketing,Consultant,4,8094,15,4,No,16,5,3,2,1,2,0.44,1,0
5981,25,Female,Marketing,HR Specialist,5,9633,12,8,Yes,15,2,4,4,4,1,0.0,0,1
5982,41,Male,Sales,Sales Executive,4,11270,4,6,No,18,9,1,3,2,4,0.71,1,0
5983,51,Male,HR,Consultant,2,6400,9,8,No,4,2,3,3,4,1,0.49,0,1
5984,39,Male,IT,Sales Executive,1,3976,0,9,No,37,4,2,3,3,2,0.66,1,1
5985,20,Female,IT,Engineer,2,13010,2,9,Yes,4,5,3,2,3,4,0.39,0,1
5986,25,Male,Finance,Consultant,2,6629,2,4,No,17,8,1,2,2,3,0.0,1,0
5987,38,Male,IT,Manager,2,4082,9,2,No,17,4,3,4,4,4,0.58,0,0
5988,37,Female,IT,Technician,2,13752,16,1,Yes,34,2,3,2,4,3,0.79,1,0
5989,25,Male,HR,HR Specialist,1,12921,17,8,Yes,19,0,4,2,4,3,0.22,0,0
5990,52,Male,HR,HR Specialist,4,11355,12,4,Yes,22,2,3,1,4,2,0.66,1,1
5991,42,Male,Finance,Sales Executive,3,11206,1,0,No,39,3,3,4,1,4,0.35,0,0
5992,42,Female,Marketing,Engineer,2,14928,15,1,No,1,9,3,3,4,2,0.83,1,0
5993,45,Female,Sales,Analyst,3,5444,3,1,Yes,18,6,4,2,2,1,0.44,0,1
5994,32,Male,Finance,Consultant,3,2758,17,3,No,39,4,2,1,2,2,0.06,1,0
5995,26,Male,R&D,Sales Executive,2,5094,13,5,Yes,28,2,3,3,1,4,0.53,0,0
5996,34,Male,IT,Consultant,5,6379,5,7,No,13,8,2,2,3,2,0.61,1,0
5997,46,Male,Sales,Sales Executive,3,2112,10,2,No,35,9,4,1,3,4,0.32,0,0
5998,45,Male,Marketing,HR Specialist,5,4420,16,9,No,9,5,2,2,2,2,0.08,0,0
5999,52,Male,Marketing,HR Specialist,4,14484,7,9,Yes,17,4,3,1,2,3,0.75,1,1
6000,34,Female,HR,Sales Executive,3,7283,2,5,Yes,34,6,2,4,1,1,0.54,0,1
6001,55,Male,R&D,HR Specialist,1,2821,2,3,No,15,9,4,3,1,1,0.21,1,0
6002,46,Male,Marketing,Engineer,4,5639,16,7,Yes,9,0,4,1,3,4,0.19,0,1
6003,24,Male,R&D,Analyst,4,7764,3,8,Yes,39,7,3,3,1,4,0.55,0,1
6004,21,Female,IT,Analyst,5,12637,18,8,No,19,6,1,1,4,4,0.31,1,0
6005,52,Male,HR,Consultant,2,12391,7,5,No,11,4,4,1,2,2,0.69,0,1
6006,35,Female,Sales,Analyst,1,14478,16,1,Yes,24,5,4,2,2,1,0.35,0,0
6007,42,Male,HR,Consultant,1,3819,4,1,Yes,21,8,1,1,2,1,0.47,0,1
6008,57,Male,IT,Sales Executive,5,2276,10,9,No,18,0,3,2,3,1,0.06,1,0
6009,35,Male,Marketing,Technician,5,11458,11,8,No,26,2,4,3,3,1,0.46,0,1
6010,33,Male,R&D,Sales Executive,4,8631,14,4,No,4,8,3,1,2,1,0.01,0,1
6011,48,Male,IT,Sales Executive,5,10011,11,6,No,2,2,3,4,1,4,0.36,0,1
6012,45,Male,Marketing,Engineer,2,2275,6,5,No,17,5,3,4,3,3,0.31,1,0
6013,54,Female,Finance,Analyst,4,8333,2,8,Yes,1,9,3,2,2,4,0.76,1,1
6014,34,Male,R&D,HR Specialist,4,13103,9,4,Yes,13,1,4,2,1,1,0.77,0,1
6015,22,Male,IT,HR Specialist,4,11522,15,7,Yes,10,8,3,3,3,2,0.42,0,0
6016,42,Male,Sales,Manager,1,3893,0,3,Yes,17,4,3,1,2,4,0.98,0,1
6017,48,Female,Sales,Manager,1,12535,10,6,Yes,21,7,2,1,3,3,0.25,0,1
6018,53,Male,Marketing,Consultant,4,13497,16,8,No,9,1,4,2,4,1,0.17,0,1
6019,52,Female,Marketing,Technician,2,12580,13,1,No,31,7,3,2,3,2,0.81,0,0
6020,42,Male,Sales,Consultant,3,2592,17,8,No,35,4,3,1,4,3,0.51,0,1
6021,26,Male,Finance,HR Specialist,4,3387,11,7,No,10,2,3,3,1,3,0.2,0,0
6022,22,Female,HR,Analyst,5,5995,15,9,Yes,15,5,2,2,4,3,0.33,1,1
6023,51,Female,Sales,Consultant,3,9093,7,0,Yes,2,5,3,1,1,1,0.09,1,1
6024,50,Male,Marketing,Sales Executive,1,7072,2,9,Yes,38,7,3,1,3,2,0.7,1,0
6025,37,Female,Marketing,HR Specialist,1,11726,10,6,No,3,6,2,2,1,4,0.5,1,1
6026,26,Female,Finance,Technician,3,14301,14,4,Yes,26,8,4,4,2,1,0.56,0,0
6027,20,Male,Sales,Technician,5,7133,3,4,No,33,0,3,4,4,1,0.07,0,1
6028,33,Male,Finance,HR Specialist,1,8699,15,6,No,24,7,3,4,4,2,0.7,0,0
6029,51,Male,Sales,Manager,1,11255,16,9,Yes,33,0,3,1,3,1,0.29,0,1
6030,25,Female,HR,Analyst,4,5105,13,3,No,30,8,2,3,4,4,0.16,0,0
6031,58,Male,IT,HR Specialist,2,8890,1,0,Yes,4,9,3,2,2,4,0.42,0,1
6032,29,Male,Sales,Sales Executive,5,14096,14,5,Yes,22,2,1,3,1,4,0.85,1,0
6033,26,Female,IT,Sales Executive,4,13497,7,0,No,20,2,2,3,3,4,0.37,1,0
6034,45,Female,Sales,Engineer,2,7905,12,0,No,29,2,2,3,1,4,0.11,0,1
6035,53,Male,HR,Sales Executive,1,3903,2,7,No,21,0,3,3,1,1,0.94,0,0
6036,49,Female,Marketing,HR Specialist,2,5361,3,3,Yes,17,6,2,3,4,2,0.64,1,1
6037,55,Female,IT,HR Specialist,1,11046,3,4,Yes,2,3,3,4,1,3,0.3,0,0
6038,40,Female,Finance,Sales Executive,4,13696,3,9,Yes,34,2,3,2,3,4,0.58,1,1
6039,36,Male,Sales,Manager,1,13087,1,9,Yes,22,4,3,4,2,3,0.09,0,1
6040,52,Male,Marketing,Analyst,2,14242,12,0,No,6,0,1,4,1,4,0.56,0,1
6041,29,Male,Sales,Technician,4,14004,7,9,No,25,4,3,4,3,4,0.82,0,0
6042,31,Female,Finance,HR Specialist,2,12107,8,6,No,2,1,4,1,2,4,0.14,0,0
6043,35,Male,HR,Sales Executive,2,4998,0,1,Yes,17,7,2,2,1,3,0.83,1,1
6044,51,Male,R&D,Technician,3,3341,0,5,Yes,9,8,2,4,2,1,0.55,0,0
6045,34,Female,Sales,Sales Executive,1,12879,8,8,Yes,20,8,1,1,2,1,0.19,0,1
6046,46,Female,Finance,HR Specialist,1,3861,10,1,No,37,2,2,1,4,4,0.21,0,0
6047,47,Male,R&D,Engineer,2,4455,15,5,No,15,7,2,1,2,4,0.88,0,1
6048,36,Female,Sales,Analyst,1,5792,3,4,Yes,26,1,3,3,2,4,0.48,0,0
6049,21,Male,IT,HR Specialist,5,13055,14,1,No,25,0,3,3,3,2,0.28,0,0
6050,55,Male,Marketing,Technician,1,13343,6,8,Yes,31,0,3,4,3,1,0.25,0,0
6051,26,Male,Marketing,Sales Executive,4,14070,1,1,Yes,30,6,3,4,3,4,0.4,0,1
6052,32,Female,Finance,Engineer,1,7864,9,0,No,10,0,3,1,2,4,0.78,1,1
6053,34,Female,IT,Consultant,5,13254,16,8,Yes,38,5,3,1,3,4,0.03,1,0
6054,44,Male,HR,HR Specialist,2,8991,10,8,Yes,21,7,3,4,1,2,0.11,1,1
6055,42,Male,R&D,Analyst,1,7896,18,8,No,24,9,3,1,4,4,0.44,1,1
6056,41,Male,Finance,Engineer,4,3308,9,7,No,34,3,3,4,1,3,0.91,0,0
6057,45,Male,Sales,Technician,5,10131,3,3,Yes,28,1,3,4,3,2,0.88,1,0
6058,52,Female,Marketing,Sales Executive,3,10089,12,8,Yes,37,3,1,1,2,3,0.78,0,1
6059,30,Male,Sales,Manager,2,9797,0,1,No,24,8,2,3,3,3,0.98,1,0
6060,29,Male,R&D,Consultant,2,11893,6,0,No,29,1,3,2,4,1,0.11,0,1
6061,44,Female,IT,Consultant,2,14605,8,9,Yes,17,4,4,2,3,1,0.88,1,1
6062,56,Male,IT,Analyst,5,14697,0,6,Yes,39,1,1,4,2,4,0.02,0,1
6063,57,Male,Finance,Engineer,1,5213,17,5,No,24,0,2,3,4,3,0.42,0,0
6064,43,Male,Finance,HR Specialist,1,12210,17,2,Yes,17,8,1,2,3,3,0.23,1,0
6065,59,Male,IT,HR Specialist,1,10438,15,1,Yes,37,4,2,3,3,4,0.36,0,1
6066,52,Male,Finance,Engineer,1,4224,15,7,No,6,5,3,3,1,4,0.97,0,0
6067,36,Female,IT,HR Specialist,2,4858,4,3,Yes,37,5,4,1,1,2,0.33,1,1
6068,43,Female,R&D,Consultant,3,3367,13,5,No,31,7,4,1,3,4,0.63,1,0
6069,56,Female,Finance,Consultant,2,14551,0,3,No,20,3,3,1,3,4,0.69,0,0
6070,21,Female,IT,Consultant,3,14455,5,8,Yes,2,0,3,4,2,2,0.55,0,1
6071,51,Male,Finance,Engineer,3,7144,5,4,No,18,6,3,3,3,1,0.09,0,1
6072,43,Female,Sales,Analyst,1,2702,11,5,No,22,5,3,2,3,3,0.86,0,0
6073,28,Female,Marketing,Consultant,4,12115,17,8,No,37,6,2,3,1,1,0.79,0,0
6074,23,Female,Sales,HR Specialist,5,3550,8,5,Yes,26,7,3,2,4,2,0.75,0,0
6075,36,Female,HR,Analyst,4,8671,15,1,No,12,4,3,3,1,1,0.91,0,1
6076,36,Female,IT,Sales Executive,3,3333,14,0,Yes,6,5,3,1,3,3,0.35,0,0
6077,49,Female,HR,Sales Executive,4,3798,1,8,No,17,1,2,4,3,3,0.58,1,0
6078,59,Female,IT,Sales Executive,3,5455,4,1,No,14,4,4,3,4,3,0.78,1,0
6079,30,Female,Marketing,Sales Executive,2,5365,12,1,No,10,2,3,4,1,4,0.44,0,0
6080,40,Male,Finance,HR Specialist,2,10855,18,3,No,26,4,3,3,4,3,0.96,0,1
6081,40,Female,IT,Engineer,1,4627,0,9,No,3,8,3,3,3,4,0.85,0,0
6082,37,Male,Sales,HR Specialist,5,4084,15,9,Yes,15,2,2,2,1,4,0.53,1,1
6083,48,Female,Finance,Technician,2,13127,6,2,Yes,16,2,2,4,3,4,0.15,1,1
6084,43,Female,Marketing,HR Specialist,5,14834,12,6,No,38,0,4,2,1,3,0.5,0,1
6085,29,Female,Sales,Analyst,1,14933,15,6,No,14,0,3,4,1,2,0.21,0,0
6086,36,Male,Finance,Engineer,5,6973,11,2,Yes,36,6,2,4,3,1,0.41,0,1
6087,37,Male,IT,Consultant,2,14960,6,2,No,13,8,3,1,3,4,0.27,1,0
6088,39,Female,IT,Manager,2,14659,13,8,No,27,1,2,4,2,1,0.81,0,1
6089,56,Male,Sales,Manager,4,4149,17,6,Yes,8,1,3,3,3,4,0.26,0,0
6090,37,Female,R&D,Consultant,4,5426,18,2,No,23,0,1,4,3,1,0.59,0,0
6091,36,Male,IT,Engineer,4,8608,12,2,Yes,11,4,3,4,1,4,0.05,1,0
6092,28,Male,R&D,Manager,5,8837,1,2,No,5,9,3,1,2,4,0.75,0,1
6093,33,Male,Finance,Engineer,2,2479,18,8,Yes,5,6,1,3,4,4,0.45,1,0
6094,48,Female,R&D,Analyst,1,13149,3,7,Yes,25,0,2,4,4,4,0.42,1,0
6095,50,Male,Sales,Analyst,3,5730,13,6,Yes,18,7,3,1,2,2,0.44,0,1
6096,23,Male,HR,HR Specialist,2,8359,1,7,Yes,24,0,3,1,2,4,0.71,0,1
6097,37,Female,HR,Manager,4,9142,17,0,No,9,0,1,2,3,2,0.43,1,0
6098,39,Male,Sales,Consultant,4,3350,18,8,No,11,3,4,2,3,4,0.74,0,1
6099,28,Female,HR,Engineer,5,14204,18,4,Yes,14,1,3,4,4,4,0.28,1,1
6100,32,Female,Sales,Analyst,4,10891,3,4,No,9,8,2,3,1,1,0.96,1,1
6101,34,Male,IT,HR Specialist,5,4647,18,4,No,5,9,3,2,1,1,0.51,0,0
6102,46,Female,R&D,Manager,1,7366,2,8,No,27,1,3,4,2,2,0.58,0,1
6103,34,Male,HR,Manager,4,7108,7,4,No,11,6,1,3,1,4,0.7,0,0
6104,47,Male,IT,Manager,5,3721,3,1,Yes,28,1,3,4,3,4,0.58,0,0
6105,56,Female,HR,Analyst,4,5159,2,5,No,9,0,3,3,2,1,0.56,0,0
6106,38,Male,Finance,Analyst,5,2333,4,6,No,13,8,4,4,4,4,0.0,0,1
6107,45,Male,Sales,Manager,2,10855,10,6,No,19,3,2,4,1,1,0.46,0,1
6108,45,Female,Sales,Analyst,5,10970,18,6,No,8,6,3,4,3,4,0.87,0,0
6109,44,Female,IT,Manager,3,3223,18,1,No,4,0,2,2,4,3,0.92,0,0
6110,45,Male,Finance,Sales Executive,1,5454,16,5,Yes,25,7,2,4,4,2,0.29,0,1
6111,45,Female,R&D,Analyst,2,13691,1,8,No,7,5,2,4,2,4,0.71,0,1
6112,47,Female,Finance,Engineer,1,7877,19,0,No,27,1,4,4,4,1,0.86,0,0
6113,37,Female,Finance,Analyst,2,12689,8,2,No,23,8,3,4,2,2,0.44,1,0
6114,51,Female,Marketing,Manager,4,8359,2,5,No,29,0,2,3,3,1,0.6,0,0
6115,22,Male,R&D,Engineer,5,11132,9,6,Yes,36,8,1,3,1,1,0.64,0,1
6116,21,Male,R&D,HR Specialist,4,4633,8,1,No,10,9,3,3,1,3,0.95,0,0
6117,52,Female,Finance,Engineer,1,8815,19,9,No,32,1,3,2,4,2,0.48,0,1
6118,38,Male,HR,Engineer,1,7374,3,7,Yes,23,5,2,2,4,4,0.78,0,1
6119,36,Female,Marketing,Analyst,2,3016,6,5,No,24,8,3,2,3,3,0.19,0,0
6120,52,Female,HR,Technician,1,14792,11,8,Yes,21,2,2,2,4,4,0.59,1,1
6121,31,Male,Finance,Engineer,5,6533,10,8,No,39,2,3,2,3,3,0.46,0,1
6122,22,Male,HR,Engineer,1,13913,14,8,No,29,2,3,2,3,4,0.23,0,0
6123,45,Male,R&D,Consultant,4,2005,19,8,Yes,27,8,3,1,1,1,0.01,0,0
6124,54,Male,R&D,Manager,5,12458,13,1,Yes,34,1,4,4,1,2,0.59,0,0
6125,27,Female,HR,Analyst,1,5987,6,9,Yes,26,3,4,3,3,1,0.81,0,0
6126,55,Female,R&D,Manager,3,8719,14,9,No,15,7,3,2,4,2,0.81,1,0
6127,26,Male,Sales,Analyst,3,5792,13,6,No,6,7,3,3,1,4,0.39,1,0
6128,55,Female,R&D,HR Specialist,4,10704,10,4,No,25,4,3,1,3,3,0.18,0,0
6129,35,Male,Finance,Technician,2,6964,9,8,Yes,18,1,4,1,2,3,0.94,0,1
6130,43,Male,IT,Engineer,2,13452,18,0,Yes,7,5,4,4,4,2,0.38,0,0
6131,20,Male,HR,Consultant,1,2974,2,9,No,2,7,2,1,1,2,0.35,0,0
6132,44,Female,Marketing,Analyst,5,13008,11,6,No,34,1,2,2,3,1,0.61,0,0
6133,29,Female,HR,Engineer,2,11168,12,9,Yes,1,3,3,2,1,3,0.44,0,1
6134,35,Male,R&D,Engineer,3,4733,6,4,Yes,2,3,3,4,1,3,0.34,1,0
6135,35,Male,R&D,Sales Executive,2,2620,11,8,No,36,8,3,1,3,2,0.32,1,0
6136,27,Male,IT,Manager,3,14842,1,6,No,4,9,1,4,3,2,0.39,0,1
6137,48,Male,IT,Technician,2,9595,0,3,No,28,0,1,3,2,3,0.69,0,0
6138,58,Female,Marketing,Consultant,4,14837,5,7,No,23,8,3,2,4,1,0.01,0,0
6139,47,Female,Finance,Analyst,5,14033,18,8,Yes,39,7,4,1,1,1,0.2,0,0
6140,25,Male,Sales,HR Specialist,1,10785,5,8,No,20,0,3,3,4,1,0.26,0,0
6141,35,Male,Finance,Technician,3,11611,12,9,Yes,37,9,3,2,3,2,1.0,0,0
6142,39,Female,Marketing,Sales Executive,2,7852,3,3,No,12,5,1,1,3,2,0.88,1,1
6143,35,Male,HR,Manager,1,12134,13,5,No,32,9,1,1,3,3,0.42,0,0
6144,26,Female,R&D,HR Specialist,3,10814,15,3,No,38,1,3,3,3,3,0.7,0,0
6145,33,Female,Finance,HR Specialist,3,14040,1,0,Yes,31,2,2,1,4,2,0.24,1,0
6146,45,Male,R&D,Engineer,4,9303,8,5,No,18,4,3,1,3,1,0.94,0,0
6147,45,Female,R&D,Manager,2,6529,12,7,Yes,29,7,3,3,1,3,0.93,0,0
6148,33,Female,Finance,Sales Executive,1,5919,13,5,No,34,5,2,1,4,4,0.16,1,1
6149,26,Female,Finance,Analyst,2,10509,13,2,No,29,8,3,2,3,2,0.93,0,0
6150,52,Female,IT,Analyst,2,4582,4,7,Yes,27,0,4,1,2,4,0.41,0,1
6151,45,Male,Marketing,Sales Executive,5,3524,1,9,No,31,4,2,3,4,4,0.49,0,0
6152,39,Female,Marketing,Engineer,3,9226,4,8,Yes,34,3,4,2,2,1,0.69,0,0
6153,22,Female,Sales,Engineer,3,2892,5,0,Yes,17,7,2,4,2,2,0.48,0,0
6154,23,Female,IT,HR Specialist,5,10819,1,5,Yes,20,4,3,2,4,2,0.57,0,0
6155,45,Male,Sales,Manager,5,7323,0,9,No,31,8,3,3,2,4,0.45,0,0
6156,30,Male,Finance,HR Specialist,2,14445,15,7,No,31,1,3,2,4,1,0.07,1,0
6157,21,Male,Marketing,Consultant,3,5021,8,1,Yes,39,7,3,2,3,3,0.55,0,0
6158,33,Female,Marketing,Consultant,1,3454,13,3,No,21,0,1,4,3,4,0.05,0,0
6159,49,Male,Sales,Analyst,4,12963,8,0,No,7,7,3,3,3,1,0.1,1,0
6160,31,Male,HR,Sales Executive,5,2552,4,3,No,32,8,3,4,1,4,0.69,0,0
6161,45,Male,IT,Manager,1,13782,14,1,Yes,12,2,3,3,2,2,0.47,1,1
6162,52,Female,IT,Sales Executive,1,12697,9,2,Yes,23,1,1,4,4,1,0.54,0,0
6163,32,Male,IT,Manager,2,12277,14,3,No,6,4,3,4,1,1,0.17,0,0
6164,33,Male,Marketing,Technician,5,2675,16,2,Yes,32,8,3,2,1,2,0.69,0,0
6165,43,Male,R&D,Analyst,1,9760,2,5,No,38,7,1,3,4,3,0.07,1,0
6166,53,Female,Marketing,Analyst,4,11785,7,6,No,15,0,3,1,1,2,0.25,1,0
6167,45,Female,R&D,Technician,1,6397,3,6,No,26,0,3,2,2,2,0.9,0,0
6168,40,Male,Marketing,Manager,4,12874,10,0,No,20,7,3,4,4,4,0.03,0,0
6169,47,Male,Finance,Engineer,4,13970,18,4,No,12,2,4,4,1,1,0.75,0,0
6170,55,Male,Marketing,Manager,4,5264,13,2,No,26,0,4,4,1,2,0.16,0,0
6171,59,Female,Finance,Analyst,5,12129,17,0,Yes,30,9,3,1,1,1,0.83,0,0
6172,21,Female,R&D,Consultant,4,6993,1,0,No,29,0,2,2,4,4,0.61,1,0
6173,28,Male,IT,Sales Executive,5,10807,8,1,Yes,30,3,3,1,3,1,0.03,1,0
6174,42,Female,R&D,HR Specialist,1,6227,9,9,Yes,13,5,4,2,1,2,0.01,0,1
6175,34,Male,Sales,Sales Executive,4,11823,12,7,No,22,8,3,2,2,4,0.58,0,1
6176,32,Female,IT,Analyst,3,7289,18,3,Yes,17,4,3,1,3,4,0.79,0,1
6177,42,Male,Marketing,Sales Executive,1,11136,3,9,No,23,6,4,4,2,4,0.71,0,1
6178,36,Female,Marketing,Engineer,3,6980,15,2,Yes,25,8,3,1,4,3,0.3,0,0
6179,21,Male,Marketing,Engineer,3,9814,11,7,No,6,4,3,2,3,3,0.72,0,1
6180,39,Female,Marketing,Consultant,2,13668,15,1,No,37,6,3,4,2,1,0.28,1,1
6181,39,Male,Marketing,Manager,5,7666,16,8,Yes,26,8,3,4,1,1,0.5,0,0
6182,22,Male,R&D,Sales Executive,2,9647,15,3,No,21,5,2,1,3,4,0.22,0,1
6183,31,Male,Finance,Sales Executive,5,9371,6,8,No,35,8,3,1,3,1,0.12,0,1
6184,59,Male,R&D,Analyst,2,10662,1,0,Yes,6,5,3,4,4,4,0.96,0,1
6185,21,Female,HR,Manager,1,3955,8,4,No,22,5,4,2,3,3,0.65,0,1
6186,55,Male,R&D,Manager,3,4396,11,9,Yes,17,2,2,1,4,4,0.22,0,1
6187,33,Female,IT,Sales Executive,1,14098,12,6,No,11,4,2,2,3,2,0.12,1,0
6188,35,Female,Marketing,HR Specialist,5,4090,13,3,No,4,6,3,2,4,4,0.26,0,1
6189,38,Male,R&D,Sales Executive,3,4823,11,4,Yes,10,1,3,2,4,2,0.37,0,0
6190,53,Male,Finance,Sales Executive,3,4529,2,8,No,17,5,1,1,2,3,0.87,0,1
6191,25,Male,Marketing,Sales Executive,5,9544,15,5,Yes,38,1,4,2,3,4,0.68,0,0
6192,32,Male,Sales,Engineer,1,6173,17,5,Yes,18,8,1,2,1,3,0.36,0,1
6193,55,Female,HR,Technician,3,11251,2,1,Yes,19,9,4,4,1,2,0.33,0,1
6194,41,Female,IT,Manager,1,8959,8,0,No,22,2,4,1,2,4,0.24,0,0
6195,37,Female,Finance,Technician,1,10838,14,3,Yes,15,6,3,4,2,1,0.11,0,1
6196,31,Female,HR,Engineer,1,11545,7,9,Yes,19,6,4,2,3,3,0.86,0,1
6197,49,Male,R&D,HR Specialist,3,12891,9,2,No,25,4,2,1,3,2,0.47,0,0
6198,59,Female,HR,Analyst,4,10955,2,6,Yes,37,9,2,3,1,3,0.95,1,0
6199,26,Male,Marketing,Consultant,2,14263,4,6,No,18,1,3,4,1,4,0.78,0,1
6200,51,Male,Marketing,HR Specialist,5,4326,5,5,Yes,12,4,4,4,2,2,0.69,0,0
6201,38,Female,Sales,Manager,1,2458,13,4,No,32,1,1,3,2,4,0.35,1,1
6202,25,Female,HR,Analyst,3,10883,18,2,No,26,2,2,1,3,4,0.47,0,1
6203,39,Female,HR,Technician,5,4572,17,3,No,26,7,3,2,4,4,0.24,1,0
6204,46,Female,Marketing,HR Specialist,4,7940,6,4,No,28,5,2,3,4,1,0.8,1,1
6205,56,Female,R&D,Manager,4,4539,3,3,No,25,9,3,3,1,4,0.47,1,0
6206,26,Female,R&D,Consultant,3,6169,2,2,No,30,9,3,1,4,1,0.79,1,0
6207,24,Male,IT,Consultant,1,11010,12,1,Yes,38,9,4,1,2,4,0.08,1,0
6208,30,Male,R&D,HR Specialist,4,8073,3,4,Yes,14,3,3,3,4,3,0.31,1,0
6209,34,Male,HR,Analyst,4,14442,8,1,No,1,7,2,3,3,3,0.09,0,0
6210,22,Female,Sales,Analyst,4,10710,5,1,Yes,33,9,3,4,2,3,0.59,1,0
6211,24,Male,R&D,HR Specialist,3,6470,10,1,No,11,8,3,2,3,4,0.72,0,0
6212,42,Male,Marketing,Engineer,5,9473,8,1,Yes,35,4,3,2,2,1,0.78,0,1
6213,56,Male,Marketing,HR Specialist,2,5991,8,7,No,21,0,1,4,4,4,0.37,0,1
6214,28,Male,IT,Technician,3,10534,18,6,Yes,22,5,1,1,3,3,0.14,0,1
6215,34,Male,IT,HR Specialist,1,8808,0,8,Yes,5,8,4,3,2,3,0.97,0,1
6216,22,Male,HR,HR Specialist,3,8187,3,2,No,18,5,3,4,2,2,0.19,1,1
6217,48,Female,R&D,Engineer,3,14835,0,0,Yes,37,5,2,4,1,2,0.32,0,1
6218,25,Female,R&D,Sales Executive,2,9608,12,5,No,29,4,3,2,2,1,0.3,0,1
6219,36,Female,IT,Analyst,2,8308,15,8,No,18,6,3,2,3,1,0.77,0,1
6220,45,Male,R&D,Technician,2,12985,11,0,Yes,12,3,4,1,4,2,0.84,0,1
6221,40,Female,HR,Manager,5,13366,0,0,Yes,21,3,3,3,4,1,0.29,0,0
6222,27,Female,Sales,Analyst,3,6531,14,3,Yes,30,3,4,3,1,3,0.28,0,0
6223,40,Male,Marketing,Analyst,1,7126,4,9,No,15,8,4,1,2,3,0.69,0,1
6224,30,Female,HR,Sales Executive,2,2443,0,0,Yes,35,9,2,4,3,1,0.86,0,1
6225,57,Male,R&D,Analyst,2,14766,16,8,Yes,28,2,3,2,1,3,0.15,0,1
6226,27,Female,HR,Analyst,3,5704,7,5,Yes,4,9,1,1,2,2,0.98,0,0
6227,43,Male,Marketing,Engineer,1,3900,7,4,Yes,28,2,1,1,2,3,0.68,0,1
6228,54,Male,Finance,Engineer,2,11709,14,4,Yes,30,2,4,4,3,2,0.3,0,0
6229,33,Female,Marketing,Engineer,3,14324,11,1,Yes,27,2,1,3,1,2,0.77,0,0
6230,33,Male,Marketing,Engineer,4,3556,15,2,No,16,7,3,4,1,1,0.05,0,0
6231,29,Female,Finance,Engineer,5,10289,17,6,Yes,32,8,4,3,4,2,0.91,0,0
6232,31,Male,R&D,Technician,3,13053,2,3,No,12,7,2,1,1,3,0.48,0,0
6233,57,Female,R&D,Manager,2,3044,3,5,No,36,3,3,2,4,4,0.21,1,0
6234,53,Female,Sales,Sales Executive,1,10659,14,7,Yes,15,9,3,2,1,2,0.68,1,0
6235,29,Male,Marketing,HR Specialist,4,10545,13,0,No,19,6,3,2,2,2,0.09,0,0
6236,36,Female,HR,Consultant,1,2071,0,5,Yes,18,3,3,1,3,4,0.47,0,1
6237,36,Female,Sales,Technician,1,11567,19,0,No,26,9,3,1,1,3,0.94,1,1
6238,22,Female,R&D,Engineer,1,3075,16,7,Yes,11,0,3,3,2,4,0.64,0,1
6239,50,Male,R&D,Sales Executive,3,11437,16,3,No,30,6,3,1,1,2,0.09,1,1
6240,20,Male,IT,HR Specialist,3,11215,17,4,Yes,28,2,1,3,4,4,0.88,0,0
6241,31,Female,Sales,Analyst,5,12012,0,9,Yes,23,4,4,2,2,2,0.83,0,1
6242,58,Female,R&D,Technician,4,11181,1,1,Yes,15,2,4,1,4,3,0.74,1,0
6243,23,Male,Finance,Analyst,1,6555,15,2,No,11,0,3,4,1,1,0.16,0,0
6244,32,Male,IT,Sales Executive,2,7286,13,6,Yes,21,8,4,3,2,4,0.62,1,0
6245,53,Female,HR,Manager,1,12740,19,6,No,39,1,3,2,4,4,0.79,0,1
6246,40,Male,IT,Manager,4,6462,19,7,Yes,31,1,3,3,1,4,0.71,0,0
6247,41,Male,Marketing,Sales Executive,1,5721,17,2,Yes,15,5,4,1,3,1,0.33,0,0
6248,23,Female,Marketing,Consultant,3,5107,8,1,No,17,0,3,2,3,3,0.95,0,0
6249,37,Male,HR,Consultant,3,6702,13,1,Yes,25,7,1,4,3,3,0.2,1,0
6250,24,Male,Finance,Manager,4,4575,12,5,No,24,3,3,2,3,1,0.44,1,0
6251,38,Male,HR,Consultant,5,5046,13,1,Yes,36,2,2,2,2,3,0.41,1,0
6252,21,Female,Sales,Manager,1,2748,18,3,No,33,4,3,1,3,2,0.9,0,1
6253,31,Male,HR,Analyst,4,3699,16,8,No,4,7,4,1,4,2,0.21,1,0
6254,36,Female,HR,Consultant,2,10793,7,9,Yes,1,0,2,1,4,2,0.77,0,1
6255,29,Male,IT,Manager,2,6715,3,2,Yes,38,4,4,4,1,3,0.53,1,1
6256,53,Male,Finance,Manager,5,10446,8,0,No,11,8,4,2,3,1,0.61,0,1
6257,25,Female,HR,Sales Executive,3,13169,10,1,Yes,21,1,4,1,3,4,0.02,1,0
6258,27,Female,Sales,Manager,4,4724,6,9,No,25,7,2,3,4,4,0.68,0,0
6259,30,Female,IT,Consultant,1,7319,14,9,No,28,1,2,3,4,1,0.22,1,0
6260,31,Female,Finance,Consultant,4,2835,17,6,Yes,6,6,3,2,2,4,0.45,0,0
6261,28,Male,Finance,Technician,5,3850,19,8,No,6,8,3,3,1,4,0.48,0,1
6262,21,Female,R&D,Engineer,4,6764,4,8,No,22,4,3,3,2,1,0.96,0,1
6263,27,Female,Marketing,Engineer,5,5102,15,3,No,15,8,4,1,2,2,0.47,0,0
6264,30,Female,Sales,Sales Executive,5,5649,11,7,Yes,33,0,2,2,3,1,0.42,0,0
6265,55,Male,Marketing,Engineer,5,8744,16,0,Yes,17,6,4,1,4,1,0.76,0,1
6266,29,Male,IT,Analyst,4,4533,14,5,Yes,12,3,3,3,1,3,0.42,0,0
6267,40,Female,IT,Technician,2,4306,18,7,Yes,31,6,4,3,1,4,0.88,1,1
6268,39,Female,Sales,Technician,1,14540,6,1,No,35,0,2,3,2,3,0.53,1,0
6269,27,Female,Finance,Sales Executive,5,2493,11,7,Yes,34,6,3,2,2,2,0.87,0,0
6270,55,Female,HR,Consultant,3,13497,16,3,Yes,32,6,4,4,1,3,0.67,0,0
6271,48,Male,Sales,Manager,5,11322,6,1,Yes,23,9,1,3,4,3,0.65,0,1
6272,31,Female,IT,Engineer,4,7700,10,3,Yes,38,9,3,3,4,2,0.57,0,0
6273,33,Male,Marketing,Analyst,5,8933,0,7,Yes,5,6,3,4,2,3,0.5,0,0
6274,40,Female,Sales,Consultant,3,14623,16,3,No,2,9,1,4,1,4,0.36,0,0
6275,41,Female,Finance,Sales Executive,2,13976,6,7,Yes,31,1,3,2,4,2,0.8,0,1
6276,40,Male,R&D,Consultant,4,12292,1,6,Yes,12,5,4,4,1,3,0.64,1,1
6277,49,Female,R&D,Sales Executive,4,14207,10,4,Yes,39,2,1,4,4,4,0.1,0,0
6278,58,Female,HR,Manager,4,6040,15,7,Yes,20,5,4,1,4,4,0.68,1,0
6279,39,Female,HR,HR Specialist,3,3776,14,1,No,14,4,3,4,1,2,0.05,1,0
6280,43,Female,Finance,Engineer,4,3867,7,2,Yes,11,3,1,4,2,1,0.98,1,0
6281,42,Male,Marketing,Analyst,2,4734,14,3,No,31,7,3,2,2,4,0.32,1,0
6282,26,Female,HR,Sales Executive,1,5331,6,9,Yes,33,1,3,2,1,1,0.12,0,1
6283,28,Female,R&D,Consultant,1,5440,4,4,No,26,6,2,1,4,1,0.23,1,0
6284,20,Male,Finance,Engineer,5,2209,7,4,Yes,2,3,4,2,2,1,0.95,1,0
6285,45,Female,Finance,Consultant,1,13305,1,0,No,31,6,3,1,3,1,0.49,0,0
6286,57,Male,Finance,Analyst,3,10106,5,0,No,35,4,3,4,3,3,0.98,0,0
6287,57,Female,Sales,Technician,1,7108,3,0,Yes,27,4,3,4,2,3,0.33,1,0
6288,41,Female,Marketing,Technician,3,4729,6,4,No,5,8,4,4,4,2,0.04,0,0
6289,29,Female,Marketing,Analyst,3,10122,5,1,No,11,4,3,3,3,3,0.92,1,0
6290,25,Male,HR,Technician,5,14261,4,2,Yes,39,7,1,2,2,1,0.92,0,0
6291,36,Male,Marketing,Sales Executive,1,14624,4,7,No,28,6,4,1,3,1,0.35,1,0
6292,57,Female,IT,Engineer,5,6770,17,9,Yes,16,3,3,2,2,3,0.66,1,1
6293,43,Male,R&D,Analyst,4,6200,10,7,No,26,7,2,1,2,3,0.26,1,1
6294,29,Female,HR,Sales Executive,2,5761,7,9,Yes,24,6,2,4,1,1,0.63,0,0
6295,27,Male,Marketing,Engineer,1,14990,19,1,No,4,3,3,1,2,3,0.06,0,0
6296,40,Female,R&D,Engineer,4,11339,10,7,No,12,5,2,4,2,1,0.35,1,0
6297,25,Male,HR,Sales Executive,4,13973,18,8,No,18,6,3,1,4,4,0.39,1,0
6298,40,Female,IT,Engineer,5,8943,18,9,No,14,9,2,4,1,4,0.31,0,0
6299,58,Male,R&D,HR Specialist,5,11482,1,9,No,17,6,3,3,4,1,0.49,0,0
6300,43,Male,IT,Analyst,2,5114,9,5,Yes,16,7,3,4,2,2,0.66,0,0
6301,52,Male,R&D,Analyst,2,14070,6,0,Yes,20,8,3,2,4,1,0.5,1,1
6302,37,Male,Sales,Engineer,2,4700,11,2,No,28,4,3,1,2,2,0.45,0,0
6303,47,Female,Sales,Sales Executive,2,8694,1,4,No,1,1,3,4,4,4,0.66,1,0
6304,51,Female,R&D,Manager,5,10865,6,2,No,16,9,2,4,3,3,0.85,0,1
6305,31,Male,R&D,Technician,3,13167,18,2,No,4,4,3,4,3,2,0.44,0,0
6306,46,Female,IT,Engineer,5,12563,0,8,No,32,6,3,4,2,3,0.47,0,0
6307,29,Male,Marketing,Manager,3,8759,10,4,No,29,2,3,3,1,3,0.87,1,0
6308,51,Female,Finance,Engineer,5,10948,7,7,No,8,9,3,3,1,4,0.01,0,0
6309,45,Male,R&D,Manager,5,7184,7,6,Yes,2,4,3,1,3,2,0.41,0,0
6310,44,Female,HR,Engineer,2,6296,13,3,No,24,5,3,3,4,3,0.02,0,0
6311,30,Female,HR,Sales Executive,3,10048,12,2,No,14,5,1,2,2,4,0.38,1,1
6312,42,Male,HR,Technician,4,6337,9,2,Yes,1,3,3,2,3,3,0.26,0,1
6313,53,Male,Sales,Consultant,4,13093,16,1,Yes,33,2,4,2,4,1,0.56,0,0
6314,59,Male,Marketing,Consultant,4,11679,5,4,Yes,11,3,4,1,1,1,0.47,0,0
6315,42,Male,IT,Manager,2,11159,19,1,Yes,20,0,1,1,1,1,0.1,0,1
6316,48,Male,Marketing,HR Specialist,4,5012,13,1,No,15,7,4,1,4,3,0.53,0,1
6317,50,Female,Sales,Sales Executive,5,4352,7,3,No,28,2,4,2,1,2,0.69,0,0
6318,26,Male,Marketing,Technician,2,6409,6,5,Yes,21,3,3,4,3,2,0.06,0,1
6319,59,Female,Marketing,Engineer,4,8621,4,5,No,23,8,2,4,1,3,0.03,0,0
6320,52,Male,HR,Manager,2,4843,5,7,No,9,9,4,2,2,2,0.88,0,0
6321,40,Female,R&D,Technician,5,2882,7,5,Yes,20,8,3,3,1,4,0.57,1,0
6322,21,Female,HR,Analyst,2,2497,2,5,No,17,5,3,1,1,4,0.11,0,0
6323,37,Male,Marketing,Sales Executive,4,13620,8,3,No,15,3,3,1,1,3,0.72,0,1
6324,52,Male,R&D,Manager,2,8214,9,4,No,5,7,4,4,4,1,0.86,0,0
6325,56,Female,IT,Sales Executive,1,3905,0,6,No,33,6,2,4,2,3,0.97,0,1
6326,53,Female,Finance,Manager,4,3540,6,9,Yes,30,5,3,3,3,4,0.83,0,1
6327,39,Male,R&D,Consultant,5,9189,19,8,Yes,16,5,3,4,1,2,0.75,1,0
6328,54,Female,Sales,Analyst,3,3998,5,3,No,36,8,4,3,4,2,0.88,0,0
6329,37,Female,HR,HR Specialist,2,3332,12,9,No,37,3,3,1,4,1,0.49,0,0
6330,43,Female,HR,Analyst,2,5366,6,0,No,38,5,2,2,1,4,0.49,1,1
6331,27,Female,Marketing,Engineer,4,11764,7,5,No,24,1,3,2,4,2,0.68,0,0
6332,49,Female,Marketing,Sales Executive,4,9229,4,1,Yes,25,8,3,4,4,3,0.88,1,1
6333,29,Female,Marketing,HR Specialist,1,7340,11,6,No,27,6,3,1,4,4,0.21,1,0
6334,42,Male,Marketing,Sales Executive,5,9526,5,5,Yes,5,7,4,2,4,2,0.43,1,0
6335,30,Male,HR,Technician,2,13856,14,8,No,21,1,2,1,4,1,0.75,0,0
6336,21,Male,R&D,Manager,2,5454,3,5,No,35,4,3,4,3,3,0.28,1,0
6337,45,Male,IT,Engineer,3,5816,16,5,No,6,8,3,4,4,3,0.06,0,0
6338,55,Female,R&D,Engineer,2,7637,13,3,Yes,9,2,3,1,4,3,0.41,0,0
6339,52,Male,Sales,Sales Executive,2,3360,6,8,Yes,27,6,4,2,3,1,0.97,0,1
6340,32,Female,HR,Consultant,1,8305,12,2,No,1,4,4,4,2,2,0.65,1,0
6341,59,Female,R&D,Engineer,3,7974,9,0,No,30,5,4,2,4,2,0.78,1,1
6342,44,Male,HR,Sales Executive,2,2563,17,9,Yes,15,4,1,4,4,1,0.1,0,0
6343,23,Male,Sales,Manager,2,8301,1,7,No,32,5,2,4,3,3,0.53,0,0
6344,38,Female,Finance,Manager,5,8156,11,7,No,20,8,2,1,3,4,0.88,1,0
6345,37,Male,Finance,Sales Executive,2,2733,12,0,Yes,4,6,3,1,2,4,0.88,0,0
6346,56,Male,Finance,Analyst,1,10944,6,8,Yes,34,0,1,1,3,1,0.98,0,1
6347,49,Female,HR,Analyst,2,12548,17,1,Yes,38,8,3,4,4,4,0.82,0,0
6348,38,Female,R&D,Manager,2,14435,10,5,No,20,1,3,1,4,4,0.87,0,1
6349,42,Female,HR,HR Specialist,4,7174,9,8,No,28,3,3,4,3,2,0.21,0,0
6350,35,Female,IT,Analyst,2,4974,5,5,No,39,3,3,3,4,1,0.03,0,0
6351,20,Female,R&D,Sales Executive,3,8714,13,6,No,25,4,1,4,4,1,0.66,0,0
6352,31,Female,Sales,Manager,4,5986,19,8,No,11,9,1,3,1,2,0.69,0,1
6353,43,Male,Marketing,Engineer,3,7829,4,4,Yes,8,3,3,1,3,2,0.92,0,0
6354,53,Male,Finance,Engineer,3,12907,19,0,Yes,34,7,1,1,4,3,0.56,0,0
6355,27,Male,R&D,Consultant,1,3785,5,8,No,27,8,3,2,4,1,0.42,0,0
6356,37,Female,R&D,Analyst,2,14979,8,9,No,22,1,2,1,1,4,0.93,1,0
6357,24,Female,Finance,HR Specialist,3,4633,4,6,No,8,8,4,1,3,4,0.2,1,1
6358,45,Male,Sales,Technician,2,9080,4,7,No,33,1,4,2,3,3,0.47,0,0
6359,49,Male,HR,Analyst,2,4092,18,1,Yes,39,2,2,2,3,4,0.04,1,1
6360,32,Male,HR,HR Specialist,1,9814,12,4,No,9,5,2,1,1,3,0.79,0,1
6361,38,Female,Marketing,Analyst,1,11997,4,7,No,22,8,1,2,4,4,0.62,0,0
6362,48,Male,R&D,Engineer,3,13555,13,6,Yes,9,6,4,3,1,2,0.29,0,0
6363,22,Male,Finance,HR Specialist,3,14551,1,6,No,31,7,1,3,1,2,0.54,0,0
6364,45,Male,IT,Engineer,4,9435,4,3,No,34,1,3,4,3,1,0.69,0,1
6365,59,Female,Sales,Consultant,2,13247,11,1,No,4,8,4,3,1,4,0.79,0,1
6366,31,Male,HR,Sales Executive,2,3248,19,9,No,14,5,2,3,3,3,0.1,1,0
6367,21,Male,Sales,Sales Executive,1,10407,6,2,Yes,8,2,3,3,4,1,0.19,1,1
6368,30,Female,Sales,Manager,1,5945,2,8,No,35,1,2,3,4,2,0.52,0,1
6369,47,Female,Marketing,Engineer,3,14518,8,3,No,22,1,3,3,2,1,0.71,0,1
6370,37,Female,Sales,Engineer,4,3725,14,0,No,6,9,2,2,1,3,0.88,0,1
6371,32,Female,Finance,Consultant,4,4701,14,9,No,33,8,1,4,3,4,0.54,0,1
6372,56,Female,Marketing,Manager,1,11392,7,3,Yes,18,3,2,2,4,2,0.3,0,0
6373,41,Male,Finance,Sales Executive,1,13826,15,7,Yes,8,7,3,4,3,1,0.86,0,1
6374,31,Male,Marketing,Sales Executive,4,3540,1,7,No,7,6,1,4,2,1,0.96,0,1
6375,21,Female,Finance,HR Specialist,4,7842,19,9,No,32,4,4,4,4,2,0.25,0,0
6376,56,Female,Marketing,HR Specialist,3,6802,0,9,Yes,7,3,2,2,3,3,0.6,0,1
6377,26,Female,Marketing,Technician,4,2512,3,1,No,10,5,2,2,4,2,0.32,0,0
6378,45,Female,R&D,Consultant,2,9271,3,9,Yes,36,9,3,2,2,2,0.86,1,1
6379,45,Male,Finance,Sales Executive,4,13903,5,3,No,31,7,2,3,4,2,0.41,1,1
6380,43,Male,R&D,Technician,5,14128,2,6,Yes,31,4,1,1,1,3,0.91,1,1
6381,31,Female,Marketing,Analyst,4,12544,7,7,No,10,1,3,4,2,2,0.47,1,0
6382,35,Female,HR,Engineer,1,14024,1,0,No,20,3,3,1,3,3,0.73,0,0
6383,42,Female,Marketing,HR Specialist,1,10173,16,7,No,35,0,1,4,1,2,0.34,0,0
6384,59,Female,HR,Analyst,5,8088,11,0,Yes,29,8,3,2,3,4,0.53,0,0
6385,28,Male,HR,HR Specialist,2,14638,11,5,No,30,5,3,4,3,4,0.69,1,1
6386,51,Female,HR,Manager,4,2802,14,4,No,31,6,4,1,1,4,0.19,0,1
6387,34,Female,HR,Engineer,4,14738,17,9,Yes,33,0,3,1,3,1,0.17,0,0
6388,56,Male,Finance,Technician,5,7388,8,6,No,4,4,2,4,2,4,0.09,0,1
6389,32,Female,IT,Technician,3,9539,4,5,Yes,34,8,3,4,1,4,0.35,0,0
6390,24,Male,Finance,HR Specialist,3,9076,2,9,No,17,0,2,3,4,3,0.59,0,0
6391,30,Female,IT,Sales Executive,2,2901,16,0,No,34,0,2,3,1,4,0.11,0,1
6392,29,Female,Finance,Consultant,4,8876,11,5,Yes,32,1,3,1,1,2,0.15,0,0
6393,32,Male,HR,Technician,4,6158,13,2,No,33,2,3,3,1,3,0.79,0,0
6394,34,Female,Sales,Manager,4,3788,7,5,Yes,37,5,4,3,1,4,0.44,0,1
6395,26,Male,Marketing,Manager,1,6600,8,6,Yes,31,5,1,1,2,4,0.09,1,0
6396,59,Male,IT,Sales Executive,3,12504,1,5,Yes,26,9,3,4,1,3,0.32,0,0
6397,47,Male,Sales,Manager,5,3699,1,8,Yes,31,9,2,3,3,1,0.46,1,1
6398,51,Female,HR,Consultant,1,8678,15,8,Yes,31,0,3,2,2,1,0.24,1,1
6399,54,Female,IT,Engineer,1,13342,19,7,Yes,28,2,1,2,3,3,0.68,0,0
6400,34,Male,Sales,HR Specialist,3,7749,10,4,No,38,8,1,4,2,1,0.81,0,0
6401,55,Female,Finance,Manager,4,11400,19,9,No,10,7,3,1,2,4,0.77,1,1
6402,40,Female,HR,Engineer,2,4993,9,2,Yes,8,8,3,1,1,1,0.57,0,0
6403,25,Female,Finance,Sales Executive,5,12734,7,3,Yes,36,7,1,2,2,3,0.46,1,1
6404,20,Male,Finance,HR Specialist,3,3594,6,9,Yes,19,8,3,3,4,1,0.93,0,0
6405,23,Male,HR,Sales Executive,2,5441,0,7,No,28,6,3,1,4,3,0.11,0,1
6406,30,Female,IT,HR Specialist,3,3838,9,8,No,5,9,4,3,3,2,0.51,0,0
6407,45,Male,Marketing,Consultant,3,13864,18,7,Yes,24,8,4,3,1,3,0.32,0,0
6408,56,Female,R&D,Manager,3,9908,4,9,Yes,7,2,3,4,2,2,0.45,0,1
6409,42,Female,R&D,Manager,3,4902,7,2,Yes,20,5,3,1,1,2,0.64,0,1
6410,48,Female,Marketing,HR Specialist,4,9405,8,6,Yes,2,5,3,2,1,2,0.58,0,1
6411,40,Male,HR,Engineer,1,9047,12,7,No,10,0,4,2,4,4,0.71,0,0
6412,46,Male,R&D,Engineer,3,4339,13,2,Yes,18,9,3,2,3,1,0.02,0,1
6413,58,Female,Marketing,Engineer,2,6521,5,0,No,34,9,1,4,2,4,0.48,0,0
6414,59,Male,Sales,Analyst,2,12534,10,6,No,14,6,3,4,3,3,0.69,0,1
6415,32,Female,Marketing,Technician,2,6928,8,2,Yes,10,2,3,2,4,3,0.79,0,1
6416,42,Male,IT,Technician,1,2499,12,0,Yes,38,1,2,4,4,1,0.11,0,0
6417,35,Male,Marketing,Technician,1,5627,3,6,Yes,32,6,4,2,2,4,0.32,0,1
6418,49,Male,Finance,Engineer,2,11036,1,6,Yes,3,9,2,2,2,3,0.59,0,1
6419,23,Female,Finance,Manager,4,13855,1,3,No,8,3,3,3,1,4,0.39,0,0
6420,59,Female,HR,Consultant,1,11252,12,1,No,9,6,4,2,4,3,0.39,0,0
6421,35,Female,Finance,Analyst,1,7645,18,9,No,11,0,3,1,1,3,0.16,0,0
6422,50,Male,Sales,Engineer,4,4681,0,4,Yes,16,9,4,4,3,4,0.22,1,1
6423,44,Female,Marketing,Manager,3,11612,5,8,No,34,7,2,1,4,1,0.28,0,0
6424,31,Female,Sales,Analyst,1,10941,7,5,Yes,24,1,3,2,3,3,0.72,1,0
6425,45,Female,HR,Manager,2,12139,16,9,Yes,31,7,3,2,2,1,0.42,0,0
6426,56,Female,Finance,HR Specialist,2,11237,2,8,Yes,5,7,4,1,1,4,0.21,0,1
6427,52,Male,R&D,Manager,4,13603,5,0,No,33,8,4,1,2,2,0.06,1,0
6428,47,Male,Marketing,Analyst,2,6590,18,1,Yes,30,3,1,4,3,4,0.56,0,0
6429,28,Female,R&D,Engineer,5,5474,6,5,Yes,30,0,3,1,2,4,0.21,1,0
6430,31,Male,IT,Technician,2,3226,14,2,Yes,15,9,1,2,4,1,0.59,0,1
6431,24,Male,HR,Analyst,4,4973,5,1,No,39,7,3,4,1,3,0.55,0,0
6432,47,Male,IT,Engineer,4,7045,17,5,No,16,8,3,4,3,1,0.34,0,0
6433,54,Male,R&D,Engineer,4,11561,9,6,Yes,26,8,2,1,1,2,0.23,0,0
6434,24,Male,R&D,Consultant,5,3038,3,3,No,12,5,4,2,3,3,0.44,0,0
6435,53,Female,R&D,Sales Executive,1,3787,4,9,No,19,7,3,4,4,3,0.34,0,0
6436,53,Male,IT,Consultant,3,11844,17,8,No,35,7,2,2,3,2,0.33,0,0
6437,32,Female,HR,HR Specialist,2,6715,9,2,Yes,20,4,3,2,4,1,0.94,1,0
6438,58,Female,Marketing,Sales Executive,1,6722,9,1,No,21,3,1,2,1,2,0.59,0,1
6439,33,Female,Marketing,Technician,4,14559,9,4,Yes,37,9,3,1,1,3,0.66,0,0
6440,30,Male,Sales,Analyst,1,10611,6,8,No,15,9,3,3,2,2,0.19,1,0
6441,57,Male,Sales,Sales Executive,1,4897,19,0,No,16,1,3,4,3,3,0.4,0,0
6442,23,Male,R&D,Technician,5,6584,13,5,No,16,2,4,4,4,3,0.26,1,0
6443,52,Male,HR,Engineer,4,8319,7,7,Yes,23,2,4,4,1,2,0.93,0,1
6444,26,Female,HR,Analyst,4,5302,8,6,Yes,4,5,3,3,4,2,0.46,1,1
6445,27,Female,Finance,Sales Executive,2,2795,4,5,No,29,6,4,4,1,4,0.91,0,0
6446,56,Female,Finance,Manager,2,7437,7,2,Yes,37,5,3,3,2,2,0.5,0,0
6447,29,Male,IT,Technician,2,4809,19,8,No,24,0,3,1,4,1,0.97,0,1
6448,34,Female,Finance,Technician,2,2466,4,4,No,8,6,1,1,4,3,0.69,0,0
6449,57,Female,Marketing,HR Specialist,1,14727,19,0,No,5,8,1,2,3,4,0.58,0,0
6450,34,Female,Marketing,Manager,1,11546,17,8,No,29,7,2,4,1,4,0.65,0,0
6451,24,Male,IT,Analyst,2,2272,3,9,Yes,10,4,3,4,4,4,0.1,0,1
6452,48,Female,Sales,Sales Executive,2,12941,10,8,Yes,9,3,4,4,2,3,0.63,0,1
6453,38,Female,R&D,Engineer,2,8308,19,0,Yes,22,4,2,3,2,3,0.3,0,0
6454,29,Male,HR,Sales Executive,3,5489,10,6,Yes,10,2,2,1,3,2,0.77,1,0
6455,31,Female,Sales,Consultant,2,14060,13,8,No,20,8,4,2,4,3,0.4,1,1
6456,23,Male,Marketing,Analyst,3,5651,12,1,Yes,20,4,3,2,4,2,0.87,1,0
6457,50,Female,Sales,Analyst,2,9135,3,9,Yes,27,6,4,2,2,2,0.36,0,0
6458,37,Male,IT,Analyst,4,2955,15,5,Yes,38,6,4,4,4,1,0.28,0,1
6459,35,Male,R&D,Analyst,5,7386,5,9,Yes,10,0,3,4,2,3,0.51,0,1
6460,59,Male,Marketing,Consultant,1,9897,12,0,No,19,5,3,2,3,1,0.46,0,0
6461,55,Female,IT,Technician,4,5409,19,2,Yes,30,3,3,2,2,4,0.06,1,1
6462,44,Female,Sales,Sales Executive,5,3919,4,4,Yes,16,2,3,2,1,2,0.77,1,1
6463,42,Male,HR,Manager,3,4932,18,6,No,12,2,4,1,1,3,0.39,0,1
6464,31,Male,Finance,Engineer,1,9775,9,4,No,5,5,3,4,2,3,0.46,0,0
6465,53,Male,IT,Engineer,3,10379,4,7,No,3,0,3,2,2,3,0.71,0,1
6466,55,Male,Marketing,HR Specialist,3,2207,13,4,No,24,4,3,4,2,3,0.05,0,0
6467,56,Male,Sales,Technician,1,2073,3,5,Yes,26,3,3,1,2,2,0.25,0,1
6468,22,Male,Finance,Analyst,5,10043,5,1,No,31,9,2,1,3,3,0.22,0,1
6469,28,Male,Finance,Analyst,1,6768,4,4,No,3,7,3,3,1,3,0.53,0,0
6470,37,Male,Sales,Analyst,2,9561,1,6,No,1,8,3,3,1,3,0.86,1,1
6471,54,Male,R&D,Technician,3,12811,5,0,Yes,11,7,2,4,3,1,0.48,0,1
6472,53,Male,Sales,Manager,2,11241,1,9,Yes,5,6,1,4,4,3,0.31,0,1
6473,33,Male,Marketing,Analyst,1,6969,11,8,Yes,7,2,2,4,3,1,0.1,1,0
6474,23,Male,HR,HR Specialist,1,9704,3,8,Yes,33,7,3,2,1,1,0.0,0,1
6475,48,Female,Marketing,HR Specialist,5,7889,12,7,Yes,13,0,3,4,3,4,0.28,0,0
6476,34,Male,Finance,Manager,3,12073,16,8,No,31,3,1,4,2,4,0.46,0,0
6477,47,Female,HR,Technician,4,10019,5,4,Yes,13,2,2,2,4,3,0.36,0,0
6478,35,Female,IT,Analyst,1,10706,2,6,Yes,1,2,4,3,2,4,0.46,0,0
6479,31,Female,Finance,Consultant,4,7919,12,0,Yes,38,1,3,2,3,4,0.44,1,1
6480,24,Male,R&D,Sales Executive,3,13520,2,6,No,39,6,4,1,4,2,0.45,1,1
6481,53,Female,Sales,Sales Executive,2,2279,19,8,No,33,9,3,1,4,2,0.67,1,1
6482,20,Male,IT,Engineer,3,13178,8,2,No,35,2,3,4,4,3,0.37,0,0
6483,58,Female,Marketing,Manager,5,6855,3,8,No,39,6,4,4,4,2,0.82,0,0
6484,51,Male,HR,Sales Executive,4,10747,1,4,Yes,9,1,4,4,4,4,0.8,0,0
6485,45,Male,IT,Engineer,4,7152,4,8,No,6,2,1,2,1,3,0.23,0,1
6486,36,Female,R&D,HR Specialist,2,9461,7,7,No,9,2,3,3,2,3,0.11,0,0
6487,46,Female,Sales,Engineer,2,9791,1,6,No,27,6,3,2,2,3,0.9,0,1
6488,43,Male,IT,Analyst,1,13571,4,9,Yes,29,9,3,4,4,2,0.17,0,0
6489,54,Female,Marketing,Analyst,3,2290,5,5,Yes,4,3,2,3,2,4,0.65,1,1
6490,58,Male,HR,HR Specialist,5,6880,6,1,Yes,25,9,4,1,1,2,0.87,0,0
6491,45,Male,IT,Manager,1,13065,12,6,No,16,6,2,3,2,3,0.01,1,1
6492,57,Male,Sales,Technician,3,9983,8,1,Yes,34,2,2,3,2,3,0.27,0,1
6493,42,Female,Marketing,Analyst,2,9723,6,5,Yes,11,9,3,2,1,2,0.29,0,1
6494,41,Male,IT,Analyst,5,9968,3,5,No,9,8,4,3,2,4,0.69,0,0
6495,23,Male,HR,Engineer,2,13210,4,8,Yes,35,1,2,3,2,3,0.65,1,0
6496,28,Male,Sales,Engineer,2,3622,2,9,Yes,27,2,3,1,3,1,0.55,1,1
6497,23,Male,R&D,Engineer,4,5551,16,3,No,39,5,1,3,2,1,0.91,0,0
6498,26,Female,R&D,Sales Executive,3,6178,18,8,Yes,28,5,3,2,4,4,0.99,0,0
6499,42,Female,Finance,Consultant,1,5275,12,1,Yes,5,5,4,1,4,4,0.07,0,1
6500,21,Female,IT,HR Specialist,4,12203,0,4,Yes,16,9,4,3,1,2,0.87,0,0
6501,43,Female,HR,Manager,3,12881,4,2,Yes,28,7,2,4,1,1,0.21,0,0
6502,59,Male,IT,Engineer,3,7257,8,5,No,2,7,3,3,4,2,0.15,0,0
6503,50,Male,Sales,Manager,3,10274,3,1,No,10,5,3,1,4,1,0.78,0,0
6504,50,Male,Finance,Consultant,5,5995,9,9,Yes,19,7,1,3,4,2,0.63,0,1
6505,59,Male,HR,Engineer,4,7806,13,8,Yes,20,0,2,1,3,1,0.06,1,1
6506,53,Male,IT,Analyst,1,10839,9,3,No,38,6,1,1,4,2,0.22,1,1
6507,43,Male,HR,Consultant,4,8762,0,6,Yes,35,2,2,2,1,4,0.71,0,1
6508,45,Female,Sales,Manager,2,14438,18,4,Yes,10,2,2,3,3,1,0.01,1,0
6509,35,Male,Finance,Sales Executive,3,5692,16,7,No,36,8,1,4,1,3,0.28,1,0
6510,32,Male,HR,Engineer,2,3757,19,3,Yes,16,0,3,1,3,2,0.45,0,0
6511,34,Male,Sales,Technician,4,6955,14,6,Yes,26,8,3,1,3,3,0.91,1,1
6512,46,Female,R&D,HR Specialist,1,8462,5,4,Yes,31,4,2,2,1,2,0.85,0,1
6513,23,Male,HR,Analyst,2,7964,6,2,No,1,8,3,2,3,4,0.22,1,0
6514,35,Male,Finance,Consultant,2,9414,0,7,Yes,23,0,3,2,3,2,0.31,0,0
6515,49,Male,Marketing,Consultant,5,9204,4,5,No,27,5,4,1,2,2,0.52,0,0
6516,49,Female,Marketing,Engineer,4,13531,19,3,Yes,19,0,4,4,4,3,0.44,1,1
6517,55,Male,HR,Consultant,2,13849,19,8,Yes,16,0,4,1,3,2,0.77,0,0
6518,22,Male,HR,Manager,4,14402,6,8,No,38,4,3,2,3,4,0.95,1,0
6519,41,Female,Sales,Engineer,1,13344,1,1,Yes,8,4,4,2,1,2,0.62,0,1
6520,41,Male,IT,Analyst,2,8848,2,9,No,16,0,4,2,1,4,0.11,1,1
6521,31,Female,Marketing,HR Specialist,1,2725,1,8,No,12,1,4,2,2,4,0.44,1,1
6522,40,Male,IT,HR Specialist,2,3107,15,3,No,9,2,1,1,1,2,0.55,0,0
6523,23,Female,Marketing,HR Specialist,3,13017,16,8,Yes,7,2,3,2,4,4,0.96,0,0
6524,50,Male,HR,Technician,5,12393,11,9,No,37,6,1,4,2,1,0.35,0,0
6525,50,Male,Finance,Analyst,5,12032,4,7,Yes,23,1,3,4,4,3,0.67,0,0
6526,42,Female,Finance,Technician,5,6348,3,9,No,8,2,2,1,4,2,0.01,0,1
6527,39,Male,Marketing,Technician,1,10086,15,2,No,23,0,4,2,3,3,0.44,0,0
6528,34,Male,Marketing,Consultant,4,12687,17,9,No,20,0,4,3,4,4,0.04,1,0
6529,42,Female,Sales,Engineer,5,9073,12,6,Yes,11,0,3,3,2,3,0.24,0,1
6530,47,Male,HR,Analyst,2,14136,19,1,Yes,1,0,2,1,2,1,0.47,0,1
6531,35,Female,HR,Analyst,2,2824,8,1,No,5,3,1,2,3,3,0.58,0,0
6532,56,Male,IT,Consultant,3,6602,15,3,No,14,0,3,4,1,1,0.88,1,0
6533,40,Female,Sales,Engineer,1,11926,2,9,No,7,3,3,2,4,3,0.18,0,0
6534,34,Male,R&D,Sales Executive,2,9492,16,6,Yes,24,5,2,4,4,1,0.31,1,1
6535,36,Male,Finance,Technician,2,2350,19,3,Yes,39,2,2,4,3,1,0.56,0,0
6536,56,Female,Finance,HR Specialist,3,7202,9,1,Yes,4,2,3,4,1,3,0.21,0,1
6537,32,Male,HR,Manager,3,4173,19,1,Yes,27,4,2,4,2,3,0.91,1,0
6538,38,Female,Sales,Technician,4,13477,3,4,Yes,7,9,3,4,3,2,0.87,1,0
6539,49,Female,R&D,Manager,4,11026,0,2,Yes,24,1,4,4,2,1,0.89,1,0
6540,37,Female,Finance,Engineer,4,9894,15,2,No,9,3,3,4,3,3,0.72,0,0
6541,33,Male,Sales,Manager,2,12179,10,0,No,1,0,4,2,1,2,1.0,0,0
6542,55,Male,R&D,Sales Executive,3,14013,18,2,No,34,9,2,4,4,3,0.83,0,0
6543,55,Male,Marketing,Analyst,1,13863,7,3,No,31,8,4,2,4,4,0.5,0,1
6544,39,Female,HR,HR Specialist,4,6991,4,5,Yes,39,2,3,3,3,1,0.74,1,0
6545,38,Female,IT,Manager,5,5002,7,5,No,23,7,3,1,3,2,0.1,0,1
6546,26,Female,Finance,Manager,2,4509,17,4,Yes,3,3,2,3,1,3,0.92,0,1
6547,23,Male,Finance,Engineer,1,4672,14,3,No,39,5,4,3,4,2,0.98,0,0
6548,53,Female,R&D,Engineer,2,5442,17,5,No,20,9,3,2,2,3,0.86,0,0
6549,21,Male,IT,Consultant,4,6158,12,4,No,26,3,2,1,3,3,0.04,0,0
6550,24,Male,Marketing,Analyst,2,6121,14,9,No,34,3,3,1,4,1,0.17,1,0
6551,29,Male,Sales,HR Specialist,4,9807,12,0,No,32,5,2,4,2,4,0.11,1,1
6552,51,Male,HR,Consultant,2,14288,2,1,No,33,7,3,3,1,4,0.43,1,0
6553,32,Male,Sales,Consultant,4,8237,11,8,No,5,8,2,3,2,2,0.04,0,1
6554,58,Male,R&D,Manager,3,9026,11,9,Yes,10,1,3,2,4,3,0.94,0,1
6555,24,Male,Finance,Analyst,3,10141,9,3,No,36,5,1,4,2,3,0.59,1,0
6556,29,Male,Marketing,HR Specialist,3,12129,0,5,No,30,0,2,1,1,2,0.57,0,0
6557,29,Female,Finance,Analyst,3,9179,5,4,No,9,6,2,3,4,2,0.45,1,0
6558,57,Male,Sales,Manager,3,7797,18,1,No,32,9,4,3,3,2,0.34,1,0
6559,46,Male,Marketing,Engineer,5,2297,12,0,No,21,2,3,3,4,2,0.48,0,0
6560,40,Female,HR,Engineer,2,8080,0,0,Yes,26,8,1,2,2,1,0.52,1,1
6561,27,Female,R&D,Engineer,3,9746,18,0,No,23,5,4,2,2,1,0.7,0,1
6562,20,Female,HR,Sales Executive,5,9334,5,5,Yes,9,8,3,1,1,4,0.17,0,1
6563,47,Female,R&D,Analyst,5,12493,0,9,Yes,5,5,3,4,3,4,0.58,0,1
6564,58,Male,HR,Manager,2,5938,16,6,Yes,8,3,3,2,4,1,0.58,1,0
6565,33,Female,Sales,Analyst,2,9932,16,6,Yes,11,5,1,1,2,2,0.37,0,0
6566,40,Female,IT,Engineer,4,9925,10,8,No,36,0,4,3,3,4,0.96,0,0
6567,49,Female,Marketing,Technician,4,3594,19,2,No,18,9,4,1,2,1,0.75,1,1
6568,40,Female,R&D,Technician,3,13557,11,8,No,31,7,1,1,3,3,0.71,1,0
6569,28,Male,Sales,Analyst,1,5215,12,0,Yes,8,9,3,3,3,1,0.87,0,0
6570,36,Female,Finance,HR Specialist,4,14496,17,1,No,36,7,3,3,4,3,0.34,1,1
6571,24,Female,Finance,Technician,1,13489,0,6,No,19,2,4,2,4,4,0.21,0,1
6572,50,Female,HR,Technician,4,11673,2,1,No,22,4,3,3,2,3,0.44,0,0
6573,59,Female,Finance,Analyst,5,6379,16,9,No,2,4,3,3,1,1,0.6,0,0
6574,57,Male,IT,Consultant,5,13866,6,3,No,11,2,3,4,2,3,0.56,0,0
6575,38,Female,R&D,Sales Executive,5,5182,16,1,Yes,3,5,3,3,2,3,0.22,0,0
6576,55,Female,HR,Sales Executive,1,6445,15,1,Yes,33,8,3,4,3,1,0.27,1,1
6577,52,Female,R&D,Engineer,3,13343,11,0,Yes,10,2,3,3,3,4,0.93,1,0
6578,32,Male,R&D,Manager,4,9571,7,8,No,3,8,4,2,4,4,0.08,1,0
6579,33,Female,Sales,Consultant,4,13979,10,9,No,39,7,3,3,2,4,0.5,0,0
6580,52,Female,Finance,HR Specialist,1,11965,2,2,Yes,37,4,2,1,3,3,0.47,0,1
6581,48,Male,Marketing,Consultant,5,3351,11,0,No,34,8,4,1,1,1,0.38,0,1
6582,55,Female,R&D,Manager,3,11509,3,9,No,28,6,2,3,2,4,0.78,0,1
6583,29,Male,IT,Manager,4,7613,8,5,No,14,2,4,1,4,2,0.92,1,1
6584,50,Male,IT,HR Specialist,3,14471,16,7,No,28,9,4,2,1,2,1.0,0,1
6585,25,Female,Marketing,Sales Executive,3,12222,15,6,No,30,1,4,3,3,3,0.12,0,1
6586,20,Female,Finance,Consultant,2,2211,11,6,Yes,30,4,3,3,3,3,0.04,0,0
6587,26,Male,Finance,Technician,3,3274,14,1,Yes,27,2,3,2,1,3,0.28,0,1
6588,46,Male,HR,Engineer,2,6262,14,3,No,2,9,2,3,2,1,0.68,0,0
6589,40,Female,HR,Analyst,1,13806,0,5,No,37,8,3,3,2,4,0.4,1,0
6590,47,Male,HR,Sales Executive,5,7967,2,1,No,13,9,3,4,4,2,0.47,0,0
6591,35,Male,Finance,Engineer,2,5734,1,4,Yes,39,6,2,2,4,2,1.0,0,0
6592,42,Female,R&D,Technician,3,11377,16,4,Yes,28,9,3,1,4,2,0.49,0,1
6593,39,Male,Sales,Sales Executive,5,9775,11,2,Yes,20,9,3,3,1,2,0.92,0,0
6594,57,Male,Marketing,Consultant,3,11066,4,1,Yes,39,7,4,3,1,3,0.41,1,0
6595,44,Male,Marketing,HR Specialist,3,7538,10,6,No,18,5,3,4,2,2,0.44,0,0
6596,47,Male,Marketing,Manager,2,6502,18,7,Yes,34,8,2,3,2,2,0.77,0,1
6597,24,Male,HR,HR Specialist,1,13655,14,3,Yes,17,5,2,4,4,3,0.9,1,1
6598,40,Male,Sales,Technician,3,4485,6,3,No,38,2,3,4,3,3,0.81,0,1
6599,37,Female,IT,Analyst,2,9254,7,8,Yes,23,1,2,4,3,1,0.47,0,0
6600,25,Male,Finance,HR Specialist,3,14692,9,3,No,31,0,3,4,2,4,0.7,0,0
6601,48,Female,IT,Technician,5,6370,5,9,Yes,9,8,2,1,4,4,0.26,0,0
6602,38,Female,HR,Manager,1,7534,14,2,No,35,5,3,2,4,3,0.08,1,0
6603,52,Female,R&D,Sales Executive,3,8705,9,0,Yes,25,3,1,2,1,2,0.16,0,0
6604,20,Female,HR,Engineer,1,5398,16,2,No,39,4,3,3,2,2,0.02,0,0
6605,22,Female,Sales,Technician,1,8255,5,4,No,30,7,3,2,3,2,0.44,1,0
6606,40,Female,HR,Technician,5,6887,18,1,No,5,0,3,4,1,1,0.66,0,0
6607,54,Female,Marketing,Consultant,5,8445,19,4,Yes,28,7,2,4,1,1,0.03,0,0
6608,59,Female,R&D,Analyst,4,10327,19,8,Yes,7,6,4,1,3,1,0.05,0,1
6609,22,Male,R&D,Sales Executive,1,2332,5,9,No,38,8,1,1,3,4,0.52,0,0
6610,44,Female,Finance,Technician,3,11218,13,5,Yes,19,3,2,3,1,3,0.94,0,1
6611,57,Female,Finance,Technician,5,5233,12,2,Yes,25,4,2,2,1,4,0.14,1,1
6612,39,Female,Marketing,Engineer,3,3535,12,4,No,18,7,3,1,1,2,0.68,0,1
6613,53,Male,R&D,Manager,1,4124,8,0,Yes,26,2,3,4,3,4,0.65,0,1
6614,40,Female,Marketing,HR Specialist,5,4232,8,7,No,20,9,2,4,3,1,0.31,0,0
6615,42,Male,R&D,Consultant,4,5957,7,8,No,2,0,3,1,1,2,0.08,0,1
6616,25,Female,Sales,Sales Executive,1,12809,9,4,Yes,30,0,3,1,2,4,0.61,0,0
6617,32,Female,HR,Engineer,3,9647,19,8,No,22,9,4,1,1,1,0.44,0,0
6618,42,Male,Finance,Engineer,4,7282,3,7,Yes,34,5,4,2,1,4,0.31,1,1
6619,28,Female,Sales,HR Specialist,1,7140,2,7,No,35,1,3,4,1,4,0.78,0,1
6620,36,Male,HR,Sales Executive,5,9744,12,1,No,5,8,3,3,4,3,0.4,1,0
6621,21,Male,Finance,Sales Executive,1,7697,7,4,No,15,4,3,2,4,3,0.62,0,1
6622,38,Female,Marketing,Consultant,2,2952,8,7,Yes,39,8,2,3,3,2,0.26,0,1
6623,38,Female,Sales,Manager,3,5369,13,2,Yes,15,7,4,1,1,2,0.08,0,0
6624,26,Male,IT,Sales Executive,5,8442,0,0,No,28,7,3,1,4,1,0.16,1,0
6625,39,Male,IT,Consultant,5,13545,13,3,No,12,4,3,4,1,2,0.37,0,0
6626,28,Female,Finance,Technician,2,12178,11,3,Yes,3,1,3,4,4,4,0.73,1,0
6627,36,Female,Sales,HR Specialist,4,14759,3,9,No,10,5,4,1,1,2,0.59,0,1
6628,46,Female,HR,Sales Executive,5,8553,3,3,No,36,4,3,3,4,4,0.38,0,0
6629,21,Male,HR,Manager,4,13655,12,3,Yes,7,2,3,2,3,2,0.47,1,1
6630,55,Female,Sales,Engineer,4,8830,15,8,No,17,9,2,1,2,2,0.58,0,1
6631,38,Male,IT,Technician,4,2164,10,0,No,20,8,3,3,2,2,0.17,0,0
6632,36,Female,Sales,Sales Executive,1,12183,2,8,Yes,28,6,2,1,3,2,0.27,1,1
6633,24,Male,IT,HR Specialist,2,9249,1,6,Yes,12,8,3,4,3,3,0.28,1,0
6634,58,Male,IT,Sales Executive,3,4705,2,4,No,18,9,3,3,4,1,0.1,1,0
6635,37,Female,Marketing,Consultant,2,11931,19,1,Yes,37,3,3,2,1,3,0.2,1,0
6636,26,Male,Marketing,Analyst,5,14451,16,9,No,12,2,3,4,1,2,0.56,1,0
6637,36,Male,HR,Manager,2,2103,0,9,Yes,8,1,1,1,4,4,0.23,1,0
6638,58,Male,Finance,Engineer,3,9297,10,9,No,19,4,3,1,2,2,0.58,0,0
6639,55,Male,R&D,Analyst,1,6691,15,3,No,36,0,4,2,2,2,0.02,1,1
6640,59,Male,Sales,HR Specialist,5,6215,19,3,No,6,5,4,1,1,2,0.17,0,0
6641,23,Female,IT,Sales Executive,1,8402,9,3,Yes,28,1,2,2,3,1,0.61,0,0
6642,57,Female,Sales,Manager,5,3127,19,1,Yes,1,8,3,2,4,1,0.58,0,0
6643,44,Male,Finance,Technician,3,2363,5,7,Yes,19,4,3,1,3,2,0.28,0,0
6644,24,Female,Finance,Consultant,1,11761,1,3,No,3,1,3,3,3,4,0.62,0,0
6645,49,Male,R&D,Consultant,3,10061,6,8,Yes,36,3,3,2,2,1,0.17,0,0
6646,31,Male,R&D,Sales Executive,3,2368,16,1,Yes,27,5,4,1,2,3,0.82,0,0
6647,23,Female,IT,Sales Executive,2,5949,7,6,Yes,6,3,2,2,4,1,0.25,0,1
6648,43,Male,Marketing,Sales Executive,5,13949,12,4,Yes,30,4,4,4,3,2,0.47,0,1
6649,48,Male,R&D,Technician,4,7053,3,4,No,37,3,3,3,4,4,0.95,0,1
6650,28,Male,Marketing,Sales Executive,4,13589,10,6,Yes,27,3,2,3,1,4,0.58,1,0
6651,23,Female,Marketing,Manager,1,7863,1,3,Yes,6,2,2,2,1,2,0.75,0,0
6652,43,Female,IT,Technician,3,7304,7,2,No,17,8,2,3,4,4,0.75,0,0
6653,33,Male,HR,Technician,2,8537,17,8,No,30,2,2,2,3,2,0.38,1,0
6654,24,Male,Marketing,Analyst,5,9511,7,2,Yes,15,3,2,4,2,4,0.1,0,1
6655,37,Male,IT,HR Specialist,1,7350,10,4,Yes,19,7,4,3,1,4,0.34,1,0
6656,38,Male,R&D,Technician,3,14422,4,1,No,30,4,2,1,3,3,0.03,0,0
6657,31,Male,Sales,Analyst,4,4092,6,6,No,9,6,4,3,2,2,0.26,0,0
6658,37,Female,R&D,Manager,4,11707,3,6,Yes,34,5,4,3,3,4,0.04,0,1
6659,36,Female,Finance,HR Specialist,5,2594,9,4,Yes,26,0,2,2,2,2,0.42,0,1
6660,49,Female,R&D,Technician,5,3445,5,7,Yes,37,1,3,1,4,3,0.01,1,1
6661,43,Female,HR,Engineer,5,5622,12,8,Yes,35,9,3,1,2,3,0.76,1,1
6662,30,Male,IT,Analyst,1,2765,15,3,No,2,4,4,3,4,4,0.96,0,0
6663,54,Male,Marketing,Manager,5,8040,1,1,No,13,9,3,1,1,3,0.03,0,0
6664,42,Female,Finance,Manager,1,13408,14,1,No,9,2,3,1,2,3,0.58,1,0
6665,36,Female,IT,Manager,2,11532,7,3,No,21,7,3,3,3,1,0.27,1,0
6666,20,Male,IT,Consultant,3,11778,16,5,Yes,1,7,3,1,2,4,0.52,0,0
6667,34,Female,Marketing,HR Specialist,4,8436,13,5,No,20,1,3,3,1,4,0.94,1,1
6668,51,Male,R&D,Sales Executive,1,13842,17,1,No,5,5,1,4,2,1,0.77,0,0
6669,28,Male,Sales,Engineer,3,6631,13,0,Yes,12,6,3,1,4,1,0.75,1,1
6670,34,Male,Finance,HR Specialist,5,10825,3,1,No,21,6,4,1,3,3,0.29,0,0
6671,47,Female,Marketing,HR Specialist,4,8609,0,7,No,39,2,2,1,3,3,0.8,0,0
6672,43,Female,HR,Technician,1,8192,5,4,Yes,23,8,3,2,3,4,0.1,0,0
6673,54,Female,HR,Consultant,5,10153,4,2,No,8,6,2,4,4,3,0.71,0,0
6674,41,Female,Sales,Analyst,3,6756,14,8,No,22,0,2,3,2,2,0.4,0,1
6675,46,Female,Sales,Engineer,2,10650,15,6,Yes,26,8,3,1,2,2,0.44,0,1
6676,38,Male,R&D,Manager,3,8840,7,7,Yes,19,5,3,1,1,4,0.49,1,0
6677,31,Female,HR,HR Specialist,1,8905,5,5,Yes,15,5,3,3,2,2,0.77,0,1
6678,39,Male,Finance,Engineer,2,12664,4,6,No,37,6,3,4,1,1,0.31,0,0
6679,20,Male,Marketing,Analyst,2,11872,5,2,No,21,1,4,4,4,4,0.32,0,0
6680,40,Male,Sales,Sales Executive,5,6850,0,0,No,13,1,3,3,3,2,0.52,1,1
6681,20,Female,Sales,Engineer,3,3893,13,0,Yes,7,3,3,3,1,3,0.27,0,0
6682,29,Female,Sales,Consultant,1,12307,18,0,No,25,1,3,1,2,1,0.45,1,1
6683,51,Female,Marketing,Consultant,2,2508,18,6,No,33,6,2,3,3,3,0.66,1,0
6684,58,Female,Finance,Manager,5,2735,14,1,Yes,3,9,1,2,4,1,0.99,0,0
6685,41,Female,HR,Consultant,2,8353,18,5,Yes,39,8,3,1,1,4,0.26,0,1
6686,37,Female,Finance,HR Specialist,3,4751,5,0,No,32,1,3,1,4,2,0.26,0,0
6687,51,Female,Marketing,Sales Executive,4,12363,4,9,Yes,36,0,4,3,3,4,0.39,0,0
6688,46,Female,Finance,Analyst,1,4843,15,7,Yes,23,0,2,3,4,3,0.66,0,0
6689,47,Male,R&D,Manager,4,10483,8,4,Yes,2,1,4,2,3,3,0.93,0,1
6690,37,Female,Marketing,Sales Executive,3,14708,14,8,Yes,32,2,3,2,1,1,0.95,0,0
6691,58,Male,Sales,Technician,4,12110,7,2,No,6,0,2,1,4,1,0.34,1,1
6692,48,Male,HR,Technician,3,2811,7,1,No,7,7,4,1,2,4,0.42,0,0
6693,37,Male,R&D,Analyst,3,4097,3,7,Yes,21,5,1,3,4,2,0.44,0,0
6694,27,Male,R&D,Manager,5,12201,1,4,No,33,2,3,3,3,3,0.35,0,0
6695,50,Female,Marketing,Consultant,4,14470,15,0,Yes,16,8,3,2,4,4,0.32,0,1
6696,53,Female,IT,HR Specialist,2,14534,2,5,Yes,3,3,4,2,4,4,0.07,1,0
6697,26,Male,Sales,Analyst,3,2649,8,2,Yes,26,8,3,4,1,1,0.55,0,0
6698,55,Male,HR,Consultant,4,4597,3,7,Yes,25,4,1,4,3,4,0.66,1,1
6699,37,Male,HR,Sales Executive,2,2560,1,5,Yes,15,8,2,2,4,1,0.99,1,1
6700,57,Female,HR,Manager,1,10961,18,1,Yes,22,7,4,3,2,2,0.62,0,1
6701,28,Male,Marketing,Technician,2,6651,14,5,No,37,1,2,2,1,3,0.61,0,1
6702,28,Male,Sales,Technician,4,2503,6,2,No,20,4,1,3,1,4,0.37,0,0
6703,27,Female,Marketing,Engineer,4,10819,7,6,Yes,29,0,2,3,2,4,0.06,0,0
6704,54,Male,HR,Manager,2,13576,2,0,No,37,0,3,2,1,4,0.61,0,1
6705,37,Female,Finance,Sales Executive,2,5862,14,0,Yes,19,2,1,3,3,2,0.13,1,1
6706,24,Female,Finance,Sales Executive,3,13551,0,9,No,31,0,3,3,2,4,0.74,0,0
6707,33,Male,Sales,Engineer,4,8651,15,3,No,14,5,1,3,2,2,0.75,0,0
6708,47,Male,HR,Consultant,3,14448,2,6,No,15,5,3,2,2,3,0.11,0,1
6709,49,Male,Marketing,Sales Executive,3,4174,1,3,Yes,1,4,2,4,3,3,0.28,0,0
6710,23,Female,IT,Consultant,1,5527,14,8,No,12,8,3,3,1,2,0.82,1,0
6711,58,Female,IT,Consultant,4,7423,3,7,Yes,11,3,2,3,4,3,0.96,0,1
6712,39,Female,IT,Manager,3,12729,13,4,Yes,9,2,3,4,1,4,0.73,1,1
6713,44,Male,Finance,Consultant,1,12478,8,0,Yes,33,2,4,4,4,1,0.4,0,0
6714,47,Male,Marketing,Technician,3,12415,8,2,No,27,0,3,2,2,3,0.83,0,1
6715,31,Male,IT,Analyst,3,12449,13,7,Yes,34,3,2,4,3,4,0.29,1,0
6716,21,Male,HR,Technician,4,8502,14,6,No,1,6,3,3,3,4,0.87,0,0
6717,33,Male,HR,Consultant,2,13772,4,7,No,10,7,3,2,4,3,0.04,1,0
6718,41,Male,IT,Technician,2,9723,1,0,No,13,5,3,2,3,4,0.99,0,1
6719,50,Female,R&D,Manager,4,12187,16,1,Yes,29,6,3,4,2,1,0.11,0,0
6720,42,Female,IT,Consultant,2,10825,10,9,Yes,5,4,2,3,4,1,0.92,0,1
6721,39,Female,R&D,Sales Executive,5,8102,12,6,No,11,7,3,3,1,1,0.85,1,0
6722,57,Male,Sales,Engineer,2,9988,11,4,Yes,27,9,2,1,3,2,0.29,0,0
6723,23,Female,Sales,Engineer,3,7152,2,4,No,39,2,3,1,1,4,0.46,1,0
6724,34,Female,HR,HR Specialist,3,2500,19,9,Yes,36,7,2,3,3,3,0.21,1,0
6725,43,Female,Marketing,Engineer,1,3563,12,8,No,27,9,2,4,3,4,0.48,1,0
6726,44,Male,Finance,Engineer,4,6075,14,0,Yes,39,6,3,2,2,1,0.18,0,1
6727,20,Male,Marketing,Sales Executive,1,3174,10,4,No,25,8,3,2,2,1,0.29,0,0
6728,26,Female,HR,Analyst,3,11790,15,6,Yes,39,5,2,4,4,1,0.04,0,0
6729,50,Male,HR,Analyst,3,9686,6,4,Yes,24,9,3,4,2,4,0.55,0,0
6730,31,Male,Marketing,Sales Executive,1,4158,0,9,No,31,9,4,1,1,4,0.72,0,0
6731,24,Male,Finance,Engineer,5,13905,18,6,Yes,7,1,4,2,2,4,0.2,1,1
6732,57,Male,HR,Manager,2,3984,17,0,No,25,4,4,4,2,2,0.61,0,0
6733,31,Female,Finance,Technician,5,9299,8,4,Yes,22,8,1,1,3,1,0.05,0,0
6734,58,Male,HR,Consultant,5,2519,17,5,No,11,6,3,2,2,3,0.08,0,0
6735,37,Female,Sales,Technician,5,12109,2,5,No,25,2,4,3,1,1,0.54,1,1
6736,21,Female,R&D,Analyst,5,3328,2,3,Yes,19,1,3,4,2,1,0.06,0,1
6737,29,Male,HR,Sales Executive,2,9196,3,4,No,4,7,2,2,4,2,0.46,1,1
6738,34,Male,R&D,Manager,4,8993,15,7,No,25,7,3,2,1,1,0.06,0,0
6739,49,Male,IT,Engineer,1,11124,10,5,Yes,34,0,3,2,2,1,0.35,0,0
6740,36,Female,HR,Sales Executive,5,9518,14,0,No,28,1,3,1,2,2,0.88,0,0
6741,23,Female,Sales,Analyst,5,11733,8,4,Yes,16,4,3,1,3,2,0.75,0,1
6742,26,Female,Finance,Consultant,1,9659,7,6,No,2,4,2,2,2,4,0.41,0,0
6743,50,Female,Sales,Manager,1,2407,5,7,Yes,26,6,2,3,2,2,0.35,0,1
6744,58,Female,R&D,Manager,4,3531,17,3,No,8,4,3,3,4,3,0.36,1,0
6745,53,Female,Finance,Analyst,3,2623,5,1,No,26,8,4,3,2,1,0.13,0,1
6746,25,Female,Sales,Manager,4,4766,5,3,Yes,38,0,1,4,2,4,0.39,1,0
6747,57,Male,Sales,Technician,3,6647,11,5,No,21,4,3,1,4,3,0.59,0,0
6748,53,Female,Sales,Consultant,2,4827,4,5,No,17,2,3,3,2,1,0.85,0,0
6749,34,Female,Marketing,Analyst,4,6415,13,5,No,30,9,1,1,2,2,0.68,1,1
6750,33,Female,Finance,Technician,2,2666,5,0,No,38,5,2,2,4,4,0.64,0,0
6751,25,Female,Sales,Sales Executive,1,10819,19,6,No,12,0,2,1,2,3,0.07,0,0
6752,56,Male,Sales,HR Specialist,4,13300,18,6,No,31,1,3,4,3,2,0.14,0,1
6753,51,Female,R&D,Consultant,1,5276,13,4,No,37,8,3,3,1,4,0.09,0,0
6754,22,Female,Sales,Engineer,5,11976,0,3,No,38,8,3,2,1,2,0.19,0,0
6755,22,Male,Sales,Sales Executive,1,7605,19,2,No,7,1,3,4,2,2,0.77,1,1
6756,41,Male,IT,Technician,5,3133,6,7,No,7,3,3,2,1,4,0.62,0,1
6757,41,Female,Finance,Engineer,3,3509,6,7,Yes,35,9,1,2,4,4,0.44,1,0
6758,29,Female,IT,Engineer,5,13581,13,2,Yes,27,2,2,4,1,2,0.01,1,0
6759,22,Female,Marketing,Technician,3,3858,19,4,Yes,26,7,3,2,3,4,0.67,0,0
6760,31,Female,R&D,Technician,5,11807,15,7,Yes,19,0,2,4,1,3,0.54,1,0
6761,48,Female,IT,Consultant,5,8219,11,9,Yes,22,8,4,3,2,2,0.08,0,1
6762,36,Female,Marketing,Analyst,2,14045,10,9,No,1,3,3,2,4,2,0.7,1,0
6763,26,Male,HR,HR Specialist,2,6705,17,5,No,34,7,3,4,3,2,0.27,0,0
6764,32,Male,Finance,Consultant,1,7617,11,1,No,32,7,2,1,4,1,0.48,0,1
6765,21,Female,Sales,Technician,2,6574,9,0,Yes,29,5,2,2,3,1,0.32,0,0
6766,23,Female,IT,Engineer,3,9556,4,6,Yes,22,9,3,4,4,3,0.32,0,1
6767,29,Female,IT,Engineer,2,6683,1,1,No,20,8,4,1,3,4,0.06,0,1
6768,58,Male,Sales,Sales Executive,1,14057,9,9,No,28,7,3,2,4,2,0.05,1,1
6769,43,Female,Sales,HR Specialist,4,14880,15,9,No,28,2,3,4,4,4,0.78,0,0
6770,36,Male,R&D,HR Specialist,3,4411,5,3,No,8,5,4,4,3,2,0.0,0,0
6771,25,Male,IT,Engineer,4,2308,5,5,Yes,21,1,2,3,3,3,0.29,0,1
6772,38,Female,IT,HR Specialist,3,9230,19,6,Yes,18,0,2,2,2,4,0.95,0,1
6773,24,Male,HR,Sales Executive,1,6362,11,6,Yes,15,4,1,1,2,3,0.8,0,1
6774,51,Female,Marketing,Analyst,2,8176,8,6,Yes,10,6,3,3,2,4,0.52,0,0
6775,29,Male,HR,Engineer,4,3832,16,3,No,27,5,4,3,3,1,0.74,0,0
6776,28,Female,IT,Manager,4,8183,9,9,No,18,3,2,4,3,4,0.94,0,0
6777,46,Female,HR,Engineer,2,14973,7,9,No,20,3,3,3,3,1,0.94,0,0
6778,32,Male,IT,Engineer,1,12499,8,5,No,38,8,3,4,4,3,0.45,1,0
6779,38,Male,Finance,Analyst,2,8879,6,2,Yes,33,2,3,3,1,2,0.32,0,0
6780,40,Male,R&D,Technician,5,8410,9,7,No,30,1,3,4,2,4,0.75,0,0
6781,43,Female,HR,Technician,5,4000,0,0,No,3,5,3,4,1,2,0.41,0,0
6782,57,Male,IT,Manager,5,10858,18,7,Yes,1,0,4,4,3,2,0.15,0,0
6783,23,Male,HR,Manager,4,3684,10,4,No,10,1,3,4,1,4,0.19,0,0
6784,43,Female,Marketing,Manager,4,7617,19,7,No,1,3,1,3,1,2,0.54,0,0
6785,54,Female,R&D,Technician,1,8782,9,3,Yes,33,8,3,1,4,4,0.51,0,0
6786,22,Male,Finance,Consultant,3,5076,1,1,Yes,29,3,1,4,2,1,0.46,1,0
6787,23,Male,Sales,Analyst,2,7116,13,3,No,35,9,4,2,2,2,0.37,0,1
6788,56,Male,Sales,HR Specialist,3,10637,11,7,Yes,37,2,4,1,2,3,0.33,0,1
6789,59,Female,HR,Manager,4,6383,3,9,No,31,0,3,1,3,2,0.19,0,1
6790,54,Female,IT,HR Specialist,2,10024,12,0,No,7,7,3,2,4,1,0.68,0,1
6791,50,Male,Marketing,Sales Executive,4,11273,19,4,No,20,3,2,2,1,2,0.5,0,1
6792,44,Female,R&D,Analyst,1,13335,9,5,Yes,22,1,2,4,4,2,0.37,0,0
6793,59,Male,Finance,HR Specialist,2,7786,1,3,No,12,6,1,2,1,1,0.78,1,0
6794,32,Male,Finance,Technician,4,5751,16,3,No,10,0,3,3,2,1,0.63,0,0
6795,23,Female,Finance,Consultant,5,9785,9,3,No,38,2,3,3,1,1,0.76,0,0
6796,33,Male,Sales,Technician,5,14564,15,2,No,31,9,3,4,1,4,0.64,0,0
6797,32,Male,R&D,Manager,4,8095,8,9,No,39,4,3,4,3,4,0.63,0,1
6798,46,Female,Sales,Consultant,3,10031,18,4,No,21,6,3,3,1,2,0.41,1,0
6799,25,Male,HR,Manager,1,3545,10,5,Yes,23,2,3,3,2,3,0.28,0,1
6800,36,Male,Finance,Consultant,1,13837,5,2,Yes,31,3,3,2,2,3,0.23,0,1
6801,55,Female,R&D,HR Specialist,4,6831,3,2,Yes,30,4,3,4,4,4,0.9,0,1
6802,59,Male,Finance,Technician,1,13399,15,8,Yes,22,9,3,2,1,1,0.2,0,1
6803,54,Male,Sales,HR Specialist,2,12975,11,1,No,21,1,3,4,2,3,0.67,0,1
6804,36,Female,Sales,Sales Executive,1,10305,15,5,No,20,8,2,2,2,1,0.19,1,1
6805,21,Female,Sales,Analyst,5,10963,2,7,Yes,28,6,3,3,1,3,0.94,1,0
6806,32,Female,Finance,Technician,4,7515,11,7,Yes,39,1,3,2,1,2,0.2,1,1
6807,21,Male,R&D,Engineer,2,3012,14,0,Yes,16,5,3,4,1,3,0.85,0,1
6808,47,Female,R&D,Technician,1,9396,19,0,Yes,19,6,3,1,4,4,0.94,0,1
6809,45,Male,HR,Sales Executive,5,13875,11,7,No,24,9,4,2,2,4,0.21,1,1
6810,41,Female,Finance,Technician,3,13442,8,0,Yes,31,3,3,3,3,3,0.89,0,0
6811,22,Male,HR,Sales Executive,1,9954,9,2,No,5,3,2,4,3,2,0.11,0,0
6812,54,Male,Marketing,Technician,5,11444,7,8,No,17,7,3,2,1,4,0.7,0,1
6813,31,Female,HR,Sales Executive,5,9534,12,2,No,1,1,2,1,2,3,0.51,0,1
6814,43,Male,HR,Consultant,5,13294,14,1,Yes,37,1,4,2,2,1,0.96,1,1
6815,24,Male,HR,Manager,5,6203,16,0,Yes,30,1,2,4,1,1,0.48,0,0
6816,39,Female,Sales,HR Specialist,3,6377,11,0,Yes,32,1,4,3,4,3,0.07,0,1
6817,58,Male,Marketing,Technician,4,4668,15,9,No,32,6,2,4,4,1,0.13,1,0
6818,58,Male,HR,Analyst,5,8533,10,2,Yes,2,3,3,3,3,1,0.32,0,1
6819,32,Male,R&D,Manager,4,12768,18,5,No,34,4,2,1,1,2,0.47,0,0
6820,31,Female,HR,Sales Executive,3,14282,12,6,No,29,7,3,1,4,4,0.96,0,1
6821,32,Female,Sales,Analyst,3,11619,2,5,No,5,6,3,3,2,4,0.48,1,0
6822,29,Female,IT,Manager,2,5241,3,5,No,30,7,3,1,2,2,0.93,0,1
6823,52,Female,Marketing,Engineer,2,2877,14,8,Yes,18,4,1,4,4,4,0.91,1,0
6824,59,Female,IT,Technician,5,3198,13,3,No,14,7,2,1,3,1,0.17,1,0
6825,35,Female,IT,Technician,4,2453,10,4,No,37,0,2,2,1,3,0.92,1,1
6826,54,Female,Marketing,Sales Executive,3,6604,12,0,No,11,4,3,4,3,2,0.26,1,0
6827,22,Female,Finance,Manager,1,11455,19,3,No,4,9,2,1,3,4,0.84,1,0
6828,24,Male,R&D,Manager,2,4143,17,9,Yes,22,1,3,4,1,3,0.98,1,1
6829,45,Male,Sales,Sales Executive,2,13777,12,5,No,3,4,3,3,2,4,0.07,0,0
6830,30,Male,Marketing,Engineer,1,8345,18,6,No,24,1,4,1,3,2,0.68,0,1
6831,26,Male,IT,Technician,4,9204,3,1,No,34,5,4,1,1,1,0.43,0,1
6832,29,Female,Sales,HR Specialist,4,14378,11,9,Yes,8,8,4,1,4,4,0.46,0,0
6833,53,Male,Sales,Engineer,4,14520,2,5,Yes,24,1,4,1,3,2,0.56,0,1
6834,22,Male,Finance,Sales Executive,5,14946,15,2,Yes,16,9,4,1,2,3,0.95,1,1
6835,27,Male,IT,HR Specialist,5,5058,0,6,No,6,1,4,4,2,4,0.63,0,0
6836,50,Male,HR,Manager,1,4856,3,8,Yes,21,9,4,1,4,4,0.99,0,0
6837,30,Male,Sales,Consultant,3,11103,8,3,No,32,2,2,3,1,1,0.97,0,1
6838,26,Female,IT,Consultant,1,12963,12,7,Yes,39,9,3,2,2,2,0.86,0,0
6839,21,Female,Sales,Engineer,3,11659,9,9,Yes,22,4,3,3,4,1,0.7,0,0
6840,25,Male,Finance,Consultant,1,2440,8,5,No,9,9,3,4,1,3,0.23,1,0
6841,51,Male,Finance,Engineer,5,2995,19,2,Yes,18,8,2,4,1,3,0.57,0,0
6842,39,Male,HR,Consultant,4,4111,5,2,Yes,12,2,1,2,1,4,0.23,1,0
6843,53,Male,Finance,Technician,2,6100,18,2,No,6,8,2,2,2,3,0.95,0,1
6844,35,Female,IT,Consultant,1,13921,2,3,No,27,8,4,3,4,1,0.96,0,0
6845,44,Male,Marketing,Technician,1,8215,9,1,No,39,8,2,1,1,4,0.33,1,1
6846,31,Female,Finance,HR Specialist,2,5468,9,4,Yes,1,3,3,4,1,1,0.05,0,0
6847,26,Male,Marketing,Manager,1,14904,1,7,No,15,9,4,3,3,2,0.83,0,0
6848,58,Female,HR,Engineer,4,8473,12,6,No,14,5,3,4,4,3,0.35,0,0
6849,36,Female,R&D,HR Specialist,2,7266,6,8,Yes,13,1,3,4,2,1,0.32,0,0
6850,30,Female,Sales,Engineer,2,14031,12,2,No,21,0,3,1,1,4,0.58,0,0
6851,25,Male,Sales,Consultant,4,8492,13,3,Yes,6,1,4,2,3,1,0.0,1,0
6852,42,Male,IT,Technician,4,6460,17,7,No,20,3,3,4,1,4,0.37,0,1
6853,46,Female,HR,Manager,2,13030,13,9,No,4,6,2,4,4,4,0.42,0,1
6854,25,Male,HR,Consultant,4,14912,12,2,No,19,1,4,2,3,1,0.97,1,1
6855,57,Male,HR,Manager,4,14794,18,0,Yes,10,9,3,2,3,2,0.16,1,1
6856,21,Female,Sales,Analyst,4,10714,7,1,No,5,0,3,1,4,2,0.15,0,0
6857,41,Male,Finance,HR Specialist,2,10897,3,9,No,2,2,3,1,3,3,0.62,0,0
6858,39,Female,Sales,Technician,1,3759,8,9,Yes,31,6,1,2,2,3,0.08,0,0
6859,44,Male,Sales,Technician,3,2249,11,7,No,20,2,2,2,4,1,0.62,1,1
6860,34,Male,Sales,Technician,2,6996,19,6,No,6,1,3,3,1,3,0.41,0,1
6861,48,Female,Finance,Consultant,3,6344,1,3,Yes,19,0,1,1,4,1,0.0,0,0
6862,27,Female,R&D,Sales Executive,4,11566,3,7,Yes,18,2,3,2,2,1,0.44,0,1
6863,56,Female,IT,Engineer,4,8591,18,2,No,30,6,1,2,4,1,0.74,0,1
6864,52,Female,R&D,Manager,1,12018,8,0,No,7,2,1,3,2,3,0.13,1,0
6865,41,Male,R&D,Engineer,4,12322,8,3,Yes,17,4,4,3,3,4,0.18,0,0
6866,24,Male,Sales,Engineer,3,9708,10,5,Yes,4,5,4,4,3,1,0.23,1,0
6867,58,Male,R&D,Sales Executive,2,13670,9,5,Yes,3,4,2,1,4,1,0.39,1,0
6868,37,Female,Sales,Manager,2,8482,2,3,No,25,0,4,3,1,2,0.95,1,1
6869,57,Male,Sales,Analyst,1,11295,7,7,No,30,4,1,1,3,2,0.07,1,1
6870,56,Male,IT,Technician,3,8238,10,8,Yes,36,2,3,2,2,1,0.82,0,1
6871,49,Male,HR,HR Specialist,4,14185,5,1,Yes,14,7,3,2,4,3,0.8,0,0
6872,50,Female,Sales,Engineer,5,10450,17,2,No,23,4,3,2,1,3,0.47,0,1
6873,29,Female,R&D,Sales Executive,1,14409,7,7,No,16,7,3,3,2,2,0.14,0,0
6874,34,Male,IT,Sales Executive,1,11339,1,0,Yes,28,8,3,2,4,2,0.61,0,0
6875,37,Male,Marketing,HR Specialist,5,9096,19,0,Yes,12,1,3,1,2,1,0.72,0,1
6876,42,Female,Marketing,HR Specialist,2,2904,4,6,Yes,8,3,4,2,3,3,0.16,0,1
6877,52,Female,Marketing,Consultant,2,7042,9,9,Yes,30,9,2,1,2,2,0.7,1,1
6878,35,Female,R&D,Manager,2,9895,17,6,No,38,0,4,3,3,3,0.92,0,0
6879,57,Female,HR,Engineer,5,9456,11,6,Yes,6,9,3,3,4,4,0.19,1,1
6880,54,Male,Finance,Engineer,4,4139,1,4,No,39,8,2,4,2,2,0.13,0,1
6881,53,Female,HR,HR Specialist,4,7143,9,6,Yes,5,9,2,3,3,3,0.67,0,0
6882,47,Male,IT,Technician,3,5178,11,8,Yes,3,7,2,3,1,2,0.48,1,0
6883,21,Female,HR,Consultant,3,6147,18,5,No,10,1,3,3,3,4,0.85,0,0
6884,49,Male,Marketing,Analyst,2,6389,4,5,Yes,30,5,3,1,4,1,0.52,0,1
6885,32,Male,HR,Engineer,5,4347,9,2,Yes,16,4,3,4,4,3,0.82,0,0
6886,35,Female,IT,Sales Executive,1,7501,0,6,No,11,4,3,3,4,3,0.4,0,0
6887,24,Male,IT,Technician,4,3591,6,5,Yes,3,2,3,2,4,4,0.2,0,1
6888,47,Male,Marketing,HR Specialist,5,4241,0,4,No,15,0,3,2,3,3,0.38,0,1
6889,58,Male,R&D,Engineer,3,5628,16,2,No,1,5,3,1,4,3,0.36,0,0
6890,39,Female,Sales,Manager,4,11046,11,2,No,13,5,3,3,4,1,0.3,0,0
6891,43,Female,Finance,HR Specialist,4,2750,6,5,No,39,4,2,3,3,3,0.23,1,0
6892,46,Female,Finance,Sales Executive,5,9911,7,5,Yes,39,8,3,3,3,3,0.39,0,0
6893,49,Male,Marketing,Manager,3,14241,2,4,No,38,9,1,3,2,2,0.97,1,0
6894,46,Male,Finance,Consultant,5,12559,14,2,No,3,8,3,1,1,2,0.49,1,0
6895,45,Male,HR,HR Specialist,1,10430,11,1,No,30,9,3,4,4,4,0.14,0,0
6896,26,Male,IT,HR Specialist,4,8535,16,3,Yes,26,0,4,4,1,3,0.24,0,0
6897,57,Female,IT,Engineer,5,4695,1,3,No,11,6,3,1,1,1,0.35,1,1
6898,24,Male,Marketing,Manager,5,8156,16,9,No,6,5,3,3,4,4,0.19,0,0
6899,42,Male,IT,Consultant,1,6636,3,1,Yes,12,2,3,4,4,1,0.74,0,0
6900,47,Male,Sales,HR Specialist,5,11508,6,8,No,16,3,2,1,2,3,0.79,0,0
6901,53,Female,IT,Technician,4,4304,14,2,Yes,22,3,1,3,4,4,0.8,1,1
6902,34,Male,IT,Sales Executive,2,2107,15,0,No,22,3,3,3,3,2,0.92,0,0
6903,51,Female,HR,Manager,2,3604,5,4,Yes,38,6,1,4,2,2,0.86,0,0
6904,45,Female,R&D,Technician,3,3908,4,9,No,12,3,3,2,3,2,0.58,0,0
6905,50,Male,Finance,Engineer,1,4230,15,2,Yes,36,9,1,1,4,1,0.5,0,1
6906,38,Male,HR,Analyst,3,9921,0,5,Yes,17,5,4,4,2,3,0.8,1,0
6907,28,Male,HR,Consultant,2,13969,14,0,No,32,0,3,2,3,1,0.97,0,1
6908,48,Male,HR,HR Specialist,1,10558,19,9,Yes,37,7,2,2,1,1,0.03,0,0
6909,58,Female,Finance,Analyst,5,9163,4,3,Yes,3,3,2,1,1,2,0.36,1,1
6910,23,Female,Marketing,HR Specialist,5,9701,12,0,No,25,2,3,4,1,1,0.67,1,1
6911,22,Female,HR,Technician,4,13101,13,0,Yes,19,8,3,2,1,4,0.36,0,1
6912,48,Female,R&D,Engineer,2,5594,1,9,Yes,37,1,3,2,1,4,0.76,0,1
6913,30,Female,Marketing,Engineer,5,4921,1,7,Yes,38,7,1,2,1,1,0.79,0,1
6914,52,Female,IT,Engineer,1,14460,18,9,Yes,19,5,3,3,2,4,0.68,1,1
6915,57,Female,R&D,Engineer,5,3740,18,3,Yes,16,5,1,4,1,3,0.16,0,1
6916,30,Female,Marketing,Manager,3,4818,11,9,Yes,26,9,4,2,4,2,0.93,0,1
6917,46,Female,IT,Manager,3,3353,16,2,No,33,5,3,3,3,1,0.33,0,0
6918,52,Female,IT,HR Specialist,3,10643,1,5,Yes,15,1,4,1,1,3,0.98,0,1
6919,40,Male,HR,Manager,3,8140,10,9,Yes,37,6,3,4,1,1,0.35,0,1
6920,58,Male,HR,HR Specialist,3,14758,16,8,Yes,20,7,3,4,3,3,0.16,1,0
6921,50,Male,Finance,Consultant,4,6416,13,5,No,5,7,3,3,1,2,0.29,0,1
6922,57,Female,Sales,Manager,3,14728,8,0,No,24,9,1,3,2,3,0.81,0,1
6923,21,Male,R&D,Manager,4,12638,18,7,Yes,6,6,3,3,2,1,0.31,0,0
6924,46,Female,Finance,Manager,4,12427,18,0,No,12,6,2,2,3,3,0.6,0,0
6925,55,Female,Finance,Consultant,5,13701,0,2,Yes,4,4,4,4,1,1,0.7,0,0
6926,30,Male,R&D,Sales Executive,1,11076,4,8,No,13,3,4,1,3,1,0.3,0,0
6927,37,Female,Marketing,Consultant,3,8017,18,3,No,21,3,3,2,4,4,0.66,0,0
6928,20,Male,R&D,Engineer,1,8993,1,7,No,5,1,2,2,1,4,0.15,1,0
6929,54,Female,IT,Consultant,2,13711,13,8,No,13,3,3,3,4,3,0.63,0,0
6930,54,Female,Sales,Sales Executive,4,2742,18,7,Yes,2,6,3,2,1,4,0.65,0,1
6931,50,Male,Marketing,Manager,2,7589,7,5,Yes,6,1,3,3,1,4,0.03,0,0
6932,47,Male,HR,Manager,4,9005,16,8,Yes,29,6,3,1,3,1,0.29,0,0
6933,58,Male,Sales,Sales Executive,3,9628,1,5,No,23,8,3,4,2,2,0.01,1,0
6934,20,Male,Sales,Technician,2,12231,16,4,Yes,35,9,3,1,1,4,0.79,0,0
6935,44,Male,HR,HR Specialist,5,10002,7,7,No,10,2,2,3,3,3,0.45,0,1
6936,57,Male,Sales,Engineer,2,4562,13,3,Yes,20,7,3,1,2,1,0.43,0,0
6937,39,Female,Marketing,Consultant,4,3260,16,2,No,25,4,4,2,3,3,0.46,0,0
6938,22,Female,Marketing,HR Specialist,4,14468,5,3,Yes,36,9,3,2,3,2,0.4,0,0
6939,21,Female,Marketing,Technician,1,14697,10,8,Yes,10,9,4,3,2,4,0.16,0,0
6940,37,Female,Finance,Engineer,2,9239,7,3,Yes,27,9,1,1,2,3,0.66,0,1
6941,29,Male,Finance,Analyst,5,9439,12,6,Yes,7,3,2,2,2,3,0.92,0,1
6942,24,Female,Marketing,Engineer,3,4334,7,0,Yes,21,7,3,2,3,1,0.99,0,1
6943,28,Female,HR,Consultant,1,8230,6,5,No,22,9,3,1,1,3,0.8,1,1
6944,21,Male,HR,HR Specialist,2,10577,2,7,No,18,0,3,4,1,4,0.39,0,0
6945,53,Female,R&D,Engineer,1,2602,1,6,Yes,1,6,4,2,1,3,0.56,1,1
6946,57,Male,R&D,Analyst,2,2442,11,4,No,25,8,3,4,3,1,0.01,1,0
6947,50,Male,Marketing,Analyst,3,5307,3,3,Yes,21,6,3,1,4,4,0.36,1,0
6948,29,Male,Sales,Manager,3,9841,4,1,No,30,8,3,2,2,4,0.67,0,1
6949,31,Female,Sales,Consultant,5,12824,15,0,Yes,32,6,2,1,4,2,0.89,0,1
6950,55,Male,HR,Analyst,1,7856,1,0,Yes,35,1,3,3,3,3,0.11,0,0
6951,40,Female,Sales,Sales Executive,5,14159,12,4,Yes,14,4,1,2,1,2,0.09,0,1
6952,25,Female,IT,HR Specialist,2,5301,3,8,Yes,39,3,3,4,1,2,0.15,1,0
6953,22,Female,Finance,Sales Executive,3,4301,4,6,No,25,9,2,2,4,1,0.14,0,1
6954,29,Male,Sales,Technician,3,9095,11,1,No,29,7,4,1,1,3,0.78,0,0
6955,24,Male,Sales,Sales Executive,4,9841,14,5,No,32,9,4,3,4,1,0.71,0,0
6956,45,Male,R&D,HR Specialist,4,6450,4,9,No,11,8,3,2,2,2,0.9,0,1
6957,40,Female,IT,Technician,5,5566,4,6,Yes,28,8,4,1,2,1,0.29,1,1
6958,45,Female,Sales,Sales Executive,1,8553,15,7,No,5,2,3,3,1,3,0.68,1,0
6959,57,Male,Finance,Sales Executive,2,4476,8,8,No,35,2,2,1,1,1,0.36,0,1
6960,45,Female,Sales,Consultant,5,14762,14,2,Yes,25,4,4,1,1,2,0.14,0,1
6961,27,Male,HR,Technician,3,9120,3,1,No,7,1,2,3,1,2,0.79,0,1
6962,24,Male,IT,Sales Executive,3,6010,16,6,Yes,33,3,2,1,3,3,0.63,0,1
6963,34,Female,Sales,Analyst,3,4389,0,7,No,27,2,3,2,1,3,0.7,0,1
6964,35,Female,IT,HR Specialist,2,3830,15,8,No,21,5,2,2,4,2,0.16,1,1
6965,20,Male,Sales,HR Specialist,5,8540,19,9,Yes,27,0,3,4,3,2,0.65,1,0
6966,35,Female,Finance,HR Specialist,2,6073,16,4,Yes,25,4,3,3,1,3,0.31,0,0
6967,56,Male,Finance,Sales Executive,3,7545,3,8,No,22,3,3,2,1,1,0.25,0,0
6968,22,Male,IT,Analyst,4,13606,12,0,Yes,11,0,3,3,2,3,0.65,0,0
6969,50,Female,Marketing,HR Specialist,5,6829,7,8,Yes,6,3,3,1,4,1,0.02,0,0
6970,32,Male,R&D,Engineer,4,10054,17,9,No,3,6,3,3,4,1,0.9,1,0
6971,35,Female,R&D,HR Specialist,5,4266,12,4,No,30,2,3,4,3,3,0.16,0,1
6972,40,Male,HR,Manager,3,10787,8,1,No,28,4,3,2,4,3,0.42,0,0
6973,21,Female,Marketing,Engineer,4,10382,4,5,No,17,7,3,2,1,3,0.54,1,1
6974,46,Female,R&D,HR Specialist,4,5462,10,0,No,23,2,3,3,2,1,0.83,1,0
6975,57,Male,IT,Sales Executive,5,10835,13,6,No,34,2,3,4,1,1,0.22,1,1
6976,45,Female,R&D,HR Specialist,4,7918,17,6,No,21,7,3,4,3,3,0.92,1,0
6977,57,Female,HR,Analyst,4,14381,17,9,Yes,5,2,3,2,4,1,0.3,1,1
6978,44,Male,Sales,Analyst,3,11310,19,7,No,15,1,3,3,2,1,0.54,0,0
6979,30,Female,R&D,HR Specialist,5,5767,15,0,No,2,1,3,4,4,1,0.17,0,0
6980,27,Male,IT,Consultant,5,11859,3,1,No,24,7,3,4,4,3,0.62,0,0
6981,27,Female,IT,Sales Executive,1,3105,18,0,No,10,5,3,2,2,2,0.16,0,0
6982,52,Male,HR,Sales Executive,5,14627,4,7,Yes,20,9,2,4,4,4,0.08,0,0
6983,26,Male,HR,Sales Executive,3,4855,1,7,No,35,2,3,4,1,3,0.49,0,0
6984,57,Male,Finance,HR Specialist,4,8503,16,2,Yes,21,9,3,3,3,1,0.7,0,0
6985,40,Male,Finance,HR Specialist,1,4159,3,9,No,30,9,3,2,1,1,0.19,1,1
6986,27,Female,Finance,Manager,4,6398,5,1,No,29,0,1,2,4,1,0.05,1,0
6987,40,Male,Sales,Analyst,5,6146,17,8,Yes,35,5,4,3,2,3,0.04,0,1
6988,39,Female,IT,Consultant,2,10997,5,4,Yes,38,8,3,2,1,1,0.0,0,1
6989,27,Male,Finance,Engineer,4,8024,19,8,Yes,26,5,2,2,1,4,0.23,0,1
6990,50,Female,IT,Engineer,5,10892,14,1,Yes,20,0,3,4,4,4,0.87,0,0
6991,48,Male,HR,Analyst,3,5791,0,5,No,36,5,3,1,4,1,0.45,1,0
6992,28,Female,Sales,Technician,5,6756,16,0,No,18,8,3,1,4,2,0.92,0,0
6993,34,Female,HR,Manager,1,11992,1,6,Yes,22,5,3,4,3,2,0.25,0,1
6994,49,Male,IT,Analyst,2,3907,3,3,No,13,2,2,4,4,1,0.98,1,0
6995,45,Male,Marketing,Manager,2,3136,2,6,No,15,1,3,1,4,4,0.82,0,1
6996,29,Male,Marketing,Technician,2,6131,2,8,No,16,7,3,3,3,3,0.78,0,0
6997,48,Female,Finance,Manager,3,2622,13,0,Yes,25,1,1,3,1,1,0.6,0,1
6998,35,Female,Marketing,Sales Executive,2,9245,19,0,No,3,6,4,2,3,1,0.2,0,1
6999,55,Female,HR,Analyst,4,4896,7,6,No,5,2,2,2,4,1,0.95,1,0
7000,39,Female,Marketing,Engineer,3,7659,7,9,No,27,4,3,1,2,2,0.81,0,0
7001,56,Male,R&D,HR Specialist,5,6968,8,1,No,39,2,4,2,3,3,0.83,1,0
7002,41,Male,Sales,Technician,1,7423,17,7,Yes,33,2,1,4,4,3,0.89,0,0
7003,26,Male,IT,Technician,3,3415,6,3,No,38,6,3,3,4,2,0.26,0,0
7004,42,Male,Finance,HR Specialist,1,8797,9,6,Yes,4,6,3,4,2,2,0.87,0,1
7005,59,Female,HR,Analyst,3,4062,0,9,No,38,6,3,4,1,2,0.49,0,0
7006,48,Female,Sales,Consultant,5,4687,3,1,Yes,2,3,3,3,1,2,0.65,0,1
7007,35,Male,Finance,HR Specialist,1,6262,19,7,Yes,19,7,3,2,1,2,0.96,0,1
7008,57,Female,HR,Manager,3,3688,3,5,No,18,8,4,2,1,3,0.9,0,1
7009,47,Male,Marketing,HR Specialist,1,6158,13,0,No,11,0,1,4,1,3,0.25,0,1
7010,57,Female,IT,Manager,2,9738,4,8,Yes,35,6,2,3,3,2,0.73,1,1
7011,50,Female,R&D,Manager,2,10394,4,1,No,11,7,3,2,3,4,0.83,1,0
7012,33,Female,R&D,Engineer,2,11730,18,3,No,33,1,3,3,1,2,0.44,0,0
7013,52,Female,Marketing,HR Specialist,4,3124,4,8,No,2,5,4,4,2,4,0.11,0,1
7014,28,Female,IT,Consultant,2,11086,10,7,Yes,1,4,3,4,3,3,0.31,0,0
7015,46,Female,Sales,Engineer,2,7288,1,7,No,33,3,3,1,1,3,0.73,0,0
7016,43,Male,IT,Consultant,5,11747,14,3,Yes,13,3,3,3,1,3,0.59,1,1
7017,32,Female,Marketing,HR Specialist,1,4450,13,0,No,27,9,2,3,4,2,0.77,0,0
7018,45,Male,HR,Consultant,1,8490,13,9,No,1,5,2,2,3,3,0.9,0,0
7019,48,Male,Sales,Manager,2,10978,7,3,Yes,29,0,2,1,4,3,0.33,1,0
7020,47,Male,R&D,Consultant,1,11167,19,2,No,22,0,3,3,2,2,0.69,0,1
7021,47,Male,Marketing,HR Specialist,3,6929,7,2,Yes,39,3,3,1,3,2,0.1,0,0
7022,27,Male,HR,Technician,2,6288,4,0,Yes,20,2,3,1,4,4,0.66,0,0
7023,42,Male,Marketing,Technician,2,4946,4,8,No,2,4,3,2,4,2,0.04,0,1
7024,48,Female,Finance,Engineer,4,12391,13,2,Yes,17,9,2,4,1,1,0.25,0,1
7025,24,Female,Finance,Sales Executive,3,9915,4,3,No,5,9,3,3,3,3,0.45,0,0
7026,26,Female,Finance,Technician,2,14069,8,0,No,26,4,4,1,2,1,0.85,0,0
7027,55,Male,R&D,Consultant,2,14673,10,2,No,13,0,3,1,3,1,0.15,0,0
7028,46,Male,IT,Engineer,1,13471,16,0,No,34,4,3,3,2,2,0.78,1,0
7029,21,Male,Sales,Consultant,2,5036,11,3,Yes,30,5,3,3,3,4,0.56,0,0
7030,44,Female,R&D,Sales Executive,2,9716,11,9,Yes,2,3,3,3,4,3,0.46,0,0
7031,28,Female,HR,Analyst,2,6075,15,6,No,12,9,3,4,4,4,0.64,1,0
7032,46,Female,HR,Engineer,2,7507,0,9,Yes,22,1,2,4,3,3,0.34,1,1
7033,20,Male,Finance,Technician,4,8096,17,7,Yes,38,9,2,3,3,2,0.99,0,1
7034,42,Male,Sales,Technician,3,14459,5,7,Yes,13,8,2,1,1,3,0.11,0,1
7035,29,Male,Finance,HR Specialist,4,9724,4,0,No,25,8,3,4,3,4,0.14,0,0
7036,44,Female,HR,Sales Executive,1,10528,17,5,Yes,39,8,2,1,3,1,0.88,0,0
7037,22,Male,HR,Technician,5,5667,12,7,No,37,8,3,2,3,3,0.22,0,1
7038,25,Male,IT,HR Specialist,2,13131,5,9,No,21,9,3,3,1,3,0.06,1,0
7039,25,Male,IT,Sales Executive,1,10796,6,9,Yes,18,6,1,1,4,2,0.89,0,1
7040,21,Male,IT,Engineer,5,4536,2,7,No,19,1,3,1,3,1,0.06,0,0
7041,37,Female,Finance,Engineer,2,2665,10,8,Yes,13,6,3,3,1,1,0.86,0,1
7042,42,Female,Marketing,HR Specialist,2,4917,7,7,No,25,0,3,4,3,2,0.53,0,0
7043,21,Male,Sales,Engineer,5,3232,3,4,No,16,5,4,3,2,2,0.53,1,0
7044,31,Male,IT,HR Specialist,4,13979,9,0,Yes,29,5,2,2,3,3,0.13,0,1
7045,41,Female,R&D,Manager,5,9927,8,8,Yes,16,4,3,4,1,2,0.63,0,0
7046,56,Female,IT,Consultant,5,8024,12,9,Yes,22,6,3,1,4,3,0.37,0,0
7047,39,Male,Finance,Sales Executive,3,10543,18,9,No,12,2,3,1,1,4,0.36,0,1
7048,58,Female,Sales,HR Specialist,2,11953,14,9,No,26,6,3,1,1,3,0.7,0,0
7049,43,Female,IT,Sales Executive,2,4895,4,9,Yes,28,5,2,1,1,2,0.87,0,1
7050,39,Male,Sales,Manager,4,9413,12,4,Yes,28,2,3,2,4,2,0.73,0,0
7051,20,Female,R&D,Sales Executive,4,8174,11,6,No,23,5,2,3,4,3,0.68,1,1
7052,20,Female,HR,HR Specialist,3,13958,8,6,No,39,0,4,3,3,4,0.89,0,0
7053,36,Female,Sales,Consultant,3,6570,7,3,Yes,30,1,2,4,1,1,0.9,0,0
7054,20,Female,Marketing,Consultant,3,12716,8,7,No,36,9,4,3,3,4,0.74,0,1
7055,49,Male,IT,Engineer,4,9424,12,9,Yes,38,3,4,4,2,1,0.82,1,0
7056,22,Female,Finance,Consultant,5,11341,8,8,Yes,14,4,4,4,4,3,0.24,1,1
7057,30,Female,Marketing,Consultant,2,8362,5,3,Yes,31,2,1,3,4,2,0.68,0,0
7058,43,Male,Marketing,Sales Executive,2,8388,5,1,Yes,12,3,2,4,1,1,0.49,0,0
7059,41,Female,Finance,Sales Executive,1,6538,10,9,Yes,11,1,3,1,1,4,0.85,0,1
7060,45,Male,Finance,Technician,4,8644,9,3,No,4,7,3,4,1,2,0.96,1,1
7061,32,Male,Finance,Technician,4,9394,13,1,No,25,4,3,2,3,2,0.27,1,0
7062,20,Female,Marketing,Manager,3,6350,5,0,No,25,0,1,3,2,2,0.67,0,0
7063,43,Female,Sales,Analyst,1,2069,6,0,No,20,3,3,3,4,1,0.85,0,0
7064,29,Female,Finance,Consultant,1,10769,8,3,Yes,8,9,3,1,3,1,0.68,0,0
7065,54,Female,HR,Engineer,4,9169,2,8,Yes,24,1,3,3,4,4,0.69,0,1
7066,43,Female,Marketing,Consultant,3,6590,11,8,No,18,8,3,3,2,2,0.82,0,0
7067,47,Male,Marketing,HR Specialist,2,6084,15,6,No,38,4,2,1,1,3,0.7,1,0
7068,55,Female,Marketing,Manager,3,12642,12,4,Yes,9,5,3,2,3,2,0.83,1,1
7069,35,Male,R&D,HR Specialist,2,7934,5,5,No,24,8,3,4,4,4,0.99,1,0
7070,59,Female,Sales,HR Specialist,4,10320,12,0,Yes,5,8,3,1,3,2,0.54,1,1
7071,35,Male,Sales,Sales Executive,3,3506,4,2,No,13,2,3,2,2,3,0.67,0,0
7072,36,Female,Finance,Manager,1,14280,3,0,No,21,8,2,4,3,1,0.62,0,1
7073,34,Female,Marketing,Manager,5,3648,7,9,Yes,9,3,2,2,4,3,0.28,0,1
7074,35,Female,Marketing,Technician,1,10184,2,4,No,2,0,3,2,1,3,0.83,0,0
7075,34,Female,Finance,Engineer,2,5167,1,3,No,1,7,4,1,4,3,0.39,0,0
7076,53,Female,Sales,Analyst,4,4548,19,2,Yes,8,1,3,1,3,2,0.95,0,0
7077,30,Male,Finance,HR Specialist,3,3479,18,5,Yes,24,9,3,4,4,1,0.83,1,0
7078,20,Female,Finance,Consultant,4,11994,6,5,No,34,3,3,3,2,1,0.16,1,0
7079,34,Female,Finance,Engineer,4,7523,11,8,Yes,10,2,2,1,3,3,0.06,0,0
7080,45,Female,Finance,Consultant,2,2007,3,3,Yes,1,8,2,4,1,1,0.14,0,1
7081,23,Male,Finance,Technician,4,2219,9,8,No,35,4,3,1,3,3,0.78,0,0
7082,24,Female,IT,Engineer,3,10916,8,3,Yes,26,1,2,2,4,3,0.73,0,1
7083,54,Male,IT,HR Specialist,1,6197,11,7,Yes,4,3,3,3,3,2,0.6,0,0
7084,32,Female,Marketing,Sales Executive,4,8917,10,7,Yes,31,4,1,3,3,4,0.18,0,1
7085,29,Male,Marketing,Sales Executive,3,4049,18,1,No,5,5,4,1,4,1,0.45,1,0
7086,30,Female,IT,HR Specialist,3,5785,1,9,No,23,7,3,1,3,3,0.54,1,1
7087,37,Female,Sales,Technician,2,9657,5,7,Yes,34,8,1,1,2,1,0.97,1,1
7088,53,Male,R&D,Technician,4,5912,5,1,No,15,8,4,1,4,4,0.22,0,0
7089,58,Female,Sales,Manager,2,12934,0,7,No,3,0,3,2,1,1,0.35,0,0
7090,42,Male,Marketing,Analyst,1,10962,6,5,Yes,19,0,4,3,2,1,0.64,0,1
7091,26,Female,IT,Consultant,1,2739,11,2,No,39,2,2,2,3,3,0.21,0,0
7092,58,Female,Sales,Sales Executive,3,6295,11,6,No,39,7,3,3,1,2,0.18,0,0
7093,22,Male,R&D,Analyst,4,6121,19,5,Yes,27,4,3,3,4,3,0.44,1,1
7094,31,Female,Finance,Engineer,3,12209,5,2,Yes,22,9,2,3,2,2,0.52,0,1
7095,26,Male,HR,Consultant,4,7039,13,4,No,15,5,3,2,3,1,0.69,1,0
7096,45,Male,IT,Consultant,2,14389,16,3,Yes,15,7,2,3,4,4,0.76,1,0
7097,52,Female,IT,Consultant,1,9815,16,5,No,32,3,2,2,4,1,0.87,0,1
7098,56,Female,R&D,Engineer,1,9000,17,0,Yes,31,8,1,3,4,4,0.34,1,1
7099,34,Female,Finance,HR Specialist,2,10388,12,0,No,39,9,2,2,4,4,0.5,0,1
7100,21,Male,Finance,HR Specialist,5,2509,12,7,Yes,17,3,4,3,2,1,0.86,1,1
7101,26,Male,HR,HR Specialist,5,3995,10,7,Yes,13,9,2,2,3,1,0.46,1,1
7102,51,Female,Finance,Consultant,5,3014,2,8,Yes,38,9,4,4,1,2,0.14,0,1
7103,23,Male,R&D,Technician,4,5101,16,7,No,37,4,3,4,3,3,0.44,1,0
7104,39,Male,Marketing,Sales Executive,2,2922,1,1,No,16,5,2,4,2,2,0.77,0,0
7105,55,Male,Finance,Analyst,4,12538,1,4,No,28,5,4,1,3,3,0.47,0,0
7106,51,Male,Marketing,Engineer,4,13396,6,7,Yes,34,7,3,4,1,4,0.25,1,0
7107,47,Female,Marketing,Analyst,2,11983,9,8,No,32,8,3,4,2,1,0.94,0,1
7108,32,Female,R&D,Sales Executive,4,11747,13,5,Yes,24,0,2,4,4,1,0.3,0,1
7109,20,Female,IT,Consultant,2,7427,18,3,Yes,37,2,3,2,2,3,0.52,1,0
7110,54,Male,IT,Analyst,5,10212,16,8,Yes,5,6,1,4,2,4,0.35,0,1
7111,49,Male,IT,Consultant,5,12114,15,3,Yes,23,2,2,1,2,4,0.42,0,1
7112,55,Male,Sales,Analyst,4,3064,16,5,No,21,4,4,2,2,4,0.64,0,0
7113,44,Male,IT,Technician,1,8011,17,4,No,1,3,2,1,1,1,0.48,0,0
7114,35,Female,R&D,HR Specialist,2,12175,10,0,No,13,4,3,4,4,2,0.1,0,0
7115,38,Male,HR,Technician,3,3899,18,3,Yes,8,2,3,1,4,4,0.51,0,0
7116,20,Male,Finance,Technician,3,5543,10,9,No,1,2,3,4,2,3,0.3,1,0
7117,24,Female,IT,Consultant,4,2966,9,2,No,15,9,3,2,3,4,0.63,0,0
7118,41,Female,Sales,Analyst,1,7783,13,7,No,10,7,1,3,2,3,0.18,0,1
7119,43,Female,Marketing,Analyst,2,12698,13,6,Yes,1,2,3,3,2,3,0.58,0,0
7120,56,Male,Sales,Technician,5,10705,9,9,No,14,7,3,3,3,2,0.45,0,1
7121,55,Male,R&D,Analyst,4,5574,3,0,Yes,37,4,3,3,1,3,0.81,0,0
7122,55,Male,HR,Technician,2,13307,9,7,Yes,21,0,3,3,4,3,0.34,0,0
7123,23,Male,IT,Manager,2,2040,5,6,No,1,1,4,3,2,1,0.1,0,1
7124,55,Male,IT,Technician,2,8981,10,1,Yes,27,6,4,2,4,3,0.09,1,0
7125,37,Male,Sales,Engineer,1,2262,17,9,Yes,31,0,4,1,1,4,0.45,0,0
7126,35,Female,R&D,Engineer,2,10145,5,3,Yes,7,1,3,2,3,2,0.52,1,1
7127,37,Male,Sales,Analyst,1,11224,14,1,Yes,18,0,3,1,4,2,0.38,0,1
7128,41,Female,Sales,Technician,1,13316,5,8,No,36,9,3,4,1,1,0.79,0,0
7129,21,Female,HR,Technician,2,3819,19,7,No,24,6,3,4,3,2,0.67,1,0
7130,40,Female,R&D,HR Specialist,5,2127,0,0,Yes,38,1,3,1,4,1,0.57,0,1
7131,55,Male,HR,Consultant,2,4578,8,0,No,35,9,4,2,4,1,0.61,1,1
7132,58,Male,R&D,HR Specialist,5,14812,13,7,Yes,4,2,4,4,1,2,0.76,0,1
7133,58,Female,IT,HR Specialist,4,7851,2,4,Yes,2,6,3,1,1,3,0.61,1,0
7134,48,Male,Finance,Technician,3,9937,0,0,Yes,35,0,3,4,2,4,0.22,0,1
7135,45,Male,Marketing,Technician,4,13205,13,3,No,18,3,2,4,4,2,0.41,0,1
7136,40,Female,Finance,Engineer,1,5211,13,1,Yes,2,6,2,4,3,2,0.14,0,1
7137,36,Male,R&D,Sales Executive,4,11085,3,8,Yes,27,1,2,2,3,2,0.87,0,1
7138,35,Male,Finance,Analyst,3,4806,13,9,No,7,3,4,2,2,1,0.22,0,0
7139,50,Male,Sales,Engineer,3,4279,3,5,No,31,8,4,3,1,1,0.6,0,0
7140,28,Male,IT,HR Specialist,5,9076,10,8,Yes,34,6,3,1,1,2,0.05,1,0
7141,50,Female,Marketing,Engineer,4,7687,19,0,No,7,2,3,3,1,2,0.32,1,0
7142,33,Female,Marketing,Engineer,1,14375,8,0,Yes,29,2,2,2,1,1,0.9,0,0
7143,56,Male,Marketing,Engineer,1,13005,10,3,Yes,8,3,3,2,1,2,0.79,1,1
7144,21,Male,IT,HR Specialist,5,9926,14,1,Yes,33,3,2,1,3,2,0.09,0,1
7145,33,Male,Finance,Sales Executive,5,3787,5,0,Yes,3,7,4,3,4,1,0.56,0,0
7146,52,Female,Marketing,Manager,4,6732,11,5,Yes,32,5,2,3,1,4,0.38,1,0
7147,54,Male,Marketing,Analyst,5,12440,12,7,No,19,5,2,1,4,2,0.14,0,1
7148,58,Male,R&D,Analyst,3,13225,17,0,No,4,7,3,2,2,1,0.82,1,1
7149,39,Female,Sales,Consultant,1,12600,13,9,Yes,10,7,3,2,4,3,0.87,1,0
7150,21,Male,R&D,Engineer,3,4179,10,9,Yes,18,7,2,1,2,3,0.5,1,1
7151,38,Female,Finance,Sales Executive,2,10368,1,5,No,19,0,2,1,1,4,0.19,1,0
7152,56,Male,IT,HR Specialist,3,5123,18,0,Yes,12,7,2,1,1,4,0.42,0,1
7153,37,Female,IT,Manager,1,7665,1,7,Yes,11,4,4,3,2,1,0.03,1,1
7154,35,Male,R&D,Manager,2,10213,16,5,Yes,32,2,3,1,3,4,0.7,0,0
7155,23,Male,HR,Engineer,4,2652,7,0,No,6,6,2,2,2,2,0.9,0,0
7156,31,Female,R&D,Engineer,2,5390,4,8,Yes,38,1,1,1,2,3,0.02,1,1
7157,48,Female,HR,HR Specialist,5,10974,10,0,Yes,28,9,2,3,4,2,0.65,0,1
7158,26,Female,R&D,Consultant,1,10359,19,8,Yes,26,9,3,4,4,2,0.09,1,1
7159,33,Female,HR,HR Specialist,5,11253,0,2,Yes,8,5,2,4,3,2,0.23,0,1
7160,31,Female,HR,Technician,3,11064,19,7,Yes,10,3,3,3,1,1,0.54,0,1
7161,54,Male,Marketing,HR Specialist,4,3781,15,7,No,22,0,3,4,2,3,0.32,1,0
7162,24,Female,Marketing,Engineer,1,7866,4,6,No,34,5,3,1,3,3,0.01,0,1
7163,36,Female,HR,Sales Executive,4,9083,15,1,No,22,2,3,4,4,2,0.98,0,0
7164,51,Female,HR,Engineer,1,11588,4,2,No,22,3,1,4,2,2,0.17,0,0
7165,29,Female,Sales,Consultant,5,10823,9,4,No,6,3,3,4,3,1,0.53,0,1
7166,36,Male,HR,Engineer,3,3601,8,4,Yes,31,7,3,2,2,3,0.52,0,1
7167,24,Male,Marketing,Manager,2,4881,18,1,No,36,6,2,1,4,3,0.95,1,0
7168,28,Male,HR,HR Specialist,4,11642,2,0,Yes,11,8,1,4,2,1,0.77,1,1
7169,52,Male,IT,Analyst,1,3863,8,4,No,18,6,3,4,1,2,0.56,0,1
7170,55,Male,Sales,HR Specialist,1,9333,19,4,No,34,8,2,3,4,3,0.74,1,0
7171,55,Female,HR,Technician,4,2721,7,2,Yes,3,0,4,4,2,2,0.85,1,0
7172,37,Male,Marketing,Sales Executive,2,9242,3,7,Yes,38,3,3,2,1,4,0.32,0,1
7173,28,Male,Marketing,Sales Executive,3,14727,10,5,Yes,36,0,1,3,4,4,0.12,0,0
7174,48,Female,Finance,HR Specialist,1,13528,3,1,No,17,5,3,4,4,2,0.81,0,0
7175,33,Female,Marketing,HR Specialist,1,9573,11,1,Yes,30,1,4,3,2,3,0.19,0,0
7176,44,Male,Sales,Engineer,4,9853,6,3,No,30,9,4,3,3,3,0.34,0,1
7177,34,Male,Marketing,Analyst,4,2242,7,5,No,31,8,3,1,4,4,0.88,0,1
7178,25,Female,IT,Consultant,1,12840,9,8,Yes,32,3,3,4,1,3,0.67,0,0
7179,48,Male,R&D,Engineer,1,8905,12,7,Yes,19,3,3,3,1,3,0.09,1,0
7180,34,Female,IT,Manager,1,6638,13,7,No,9,5,4,4,3,4,0.24,0,0
7181,48,Female,IT,Manager,5,6372,15,1,No,16,4,3,1,4,3,0.16,1,1
7182,23,Male,Sales,Sales Executive,1,6645,6,3,Yes,38,5,3,1,1,2,0.03,1,1
7183,37,Male,Sales,Sales Executive,3,7427,15,5,Yes,19,8,1,1,3,3,0.22,0,1
7184,58,Male,Finance,Analyst,3,10594,16,5,Yes,30,5,2,3,2,1,0.65,0,0
7185,35,Female,Marketing,Sales Executive,2,3453,19,9,No,36,5,3,3,1,1,0.01,1,0
7186,30,Female,Finance,Technician,4,11188,18,5,Yes,11,3,2,3,4,1,0.96,1,1
7187,33,Male,Sales,Manager,2,6171,11,7,No,15,6,3,2,3,4,0.23,0,0
7188,22,Male,Marketing,Analyst,1,8482,8,7,No,24,3,3,2,2,3,0.29,0,1
7189,57,Male,Sales,Manager,4,8908,7,6,Yes,21,4,3,2,2,1,0.03,0,0
7190,37,Female,Sales,HR Specialist,1,7569,8,4,Yes,10,3,3,4,1,4,0.07,0,0
7191,39,Female,R&D,HR Specialist,4,13342,4,5,Yes,25,8,3,2,2,4,1.0,0,0
7192,44,Female,IT,Analyst,5,14605,9,5,No,32,5,3,4,4,2,0.33,0,0
7193,57,Male,Finance,Engineer,5,5501,4,2,No,33,9,3,2,3,4,0.68,0,0
7194,32,Female,Finance,Technician,5,3186,13,2,No,24,5,3,3,1,4,0.75,1,0
7195,23,Female,HR,Consultant,2,3381,17,6,No,21,4,3,3,1,4,0.49,0,0
7196,33,Male,R&D,Technician,4,8813,6,5,No,26,8,3,4,4,3,0.46,1,0
7197,52,Female,Sales,Consultant,2,14616,7,4,Yes,17,4,3,3,1,2,0.34,0,1
7198,47,Male,Sales,Sales Executive,4,12046,4,5,Yes,19,7,4,1,3,4,0.7,1,1
7199,56,Female,R&D,Consultant,1,3904,5,5,Yes,3,5,3,4,1,1,0.53,0,1
7200,27,Male,Marketing,Analyst,5,13858,19,3,Yes,13,5,3,1,2,1,0.43,1,0
7201,53,Male,Finance,Technician,5,12140,8,4,Yes,2,2,4,3,2,1,0.15,0,0
7202,24,Female,Sales,Consultant,4,14225,8,6,No,32,8,2,4,2,3,0.67,0,1
7203,24,Male,HR,Sales Executive,2,14763,7,0,Yes,33,9,3,3,4,4,0.44,1,1
7204,50,Female,Finance,Manager,2,13719,16,9,No,32,2,3,3,2,4,0.1,0,0
7205,28,Male,IT,Consultant,3,3752,7,5,No,25,8,4,3,3,2,0.34,1,0
7206,51,Male,R&D,Engineer,5,11929,0,4,No,3,1,4,1,3,4,0.05,0,0
7207,52,Male,Finance,Sales Executive,5,12005,17,5,No,7,7,3,1,4,3,0.12,0,0
7208,22,Female,IT,HR Specialist,2,3954,14,0,No,25,6,3,3,3,3,0.99,0,0
7209,49,Male,HR,Consultant,5,14201,15,3,Yes,23,2,2,3,3,2,0.79,1,0
7210,31,Male,Marketing,HR Specialist,2,7271,1,7,No,28,6,2,3,1,3,0.99,0,1
7211,48,Female,R&D,Manager,3,2537,12,3,Yes,12,7,3,4,1,1,0.94,0,1
7212,22,Male,Marketing,Analyst,4,9582,1,9,Yes,8,3,3,2,4,1,0.96,1,0
7213,45,Male,Sales,Sales Executive,4,4390,13,7,Yes,35,8,2,4,4,1,0.48,0,1
7214,49,Male,Marketing,Consultant,3,11981,6,7,Yes,25,7,3,3,4,4,0.68,0,1
7215,28,Male,Sales,Consultant,5,9930,10,1,No,30,9,2,4,2,4,0.01,1,0
7216,45,Female,IT,Manager,1,11382,14,5,Yes,32,1,3,3,1,3,0.38,0,1
7217,21,Male,Finance,Consultant,5,5936,16,6,Yes,36,5,3,3,3,4,0.68,0,0
7218,22,Male,HR,HR Specialist,2,3495,16,6,Yes,32,0,3,2,1,3,0.15,0,0
7219,23,Female,IT,Consultant,1,12379,14,0,No,25,0,3,2,3,1,0.9,0,1
7220,44,Male,HR,Consultant,3,8216,15,3,No,26,9,2,3,3,4,0.11,0,0
7221,32,Male,Marketing,HR Specialist,4,6523,8,6,Yes,8,0,3,2,3,3,0.84,0,1
7222,58,Female,HR,HR Specialist,4,5370,19,5,Yes,5,6,2,2,2,4,0.62,0,1
7223,54,Female,Marketing,Engineer,5,3259,18,2,No,2,6,1,4,4,4,0.86,0,0
7224,42,Female,HR,Engineer,4,7826,8,9,Yes,19,0,2,1,4,1,0.22,0,0
7225,28,Female,R&D,HR Specialist,5,6075,5,9,No,3,4,2,3,1,4,0.64,1,0
7226,21,Male,IT,Technician,2,5030,0,0,No,12,4,3,1,3,1,0.22,0,0
7227,50,Female,R&D,Analyst,2,6695,4,4,No,39,5,3,3,2,3,0.26,0,0
7228,21,Male,Finance,Engineer,3,2096,4,7,No,32,3,3,4,2,2,0.11,0,1
7229,51,Female,Finance,Sales Executive,2,14765,0,2,Yes,6,1,3,3,4,2,0.85,0,0
7230,37,Male,Sales,Engineer,5,14778,0,4,No,8,3,4,2,1,1,0.8,1,1
7231,32,Female,Sales,Sales Executive,4,11511,5,8,Yes,5,4,3,3,4,1,0.28,0,1
7232,24,Female,Sales,Engineer,2,6501,8,7,Yes,13,2,4,2,4,3,0.18,0,1
7233,29,Male,Finance,HR Specialist,2,10906,18,8,Yes,31,1,3,4,1,3,0.8,1,0
7234,44,Female,HR,Consultant,5,4494,4,4,No,13,5,4,2,2,3,0.46,1,0
7235,53,Female,Marketing,Sales Executive,2,4746,16,2,No,1,9,3,4,1,1,0.33,0,0
7236,56,Female,HR,Consultant,4,6043,19,8,Yes,4,3,1,1,3,4,0.68,1,1
7237,49,Male,IT,Consultant,4,7139,11,3,No,20,6,2,4,3,1,0.38,0,0
7238,26,Female,Finance,Analyst,4,2584,5,0,No,29,5,3,2,2,3,0.73,0,1
7239,25,Female,Marketing,Engineer,4,2953,12,1,Yes,32,7,3,1,3,2,0.21,0,0
7240,22,Male,Marketing,Engineer,1,4897,7,7,Yes,33,4,3,2,3,2,0.57,0,1
7241,32,Male,Marketing,HR Specialist,4,9528,2,1,Yes,14,5,4,4,3,2,0.87,0,0
7242,22,Female,Sales,Sales Executive,1,4030,10,5,No,19,8,3,1,2,4,0.81,0,0
7243,45,Male,Marketing,Technician,4,2593,19,4,No,3,4,3,4,2,1,0.94,0,0
7244,43,Male,Marketing,HR Specialist,4,3831,0,8,No,11,8,3,3,2,3,0.02,0,0
7245,25,Male,Finance,Consultant,5,10547,13,7,Yes,9,2,4,3,4,2,0.93,0,1
7246,31,Female,HR,Sales Executive,4,11868,12,0,No,28,8,3,2,1,3,0.24,0,0
7247,55,Female,HR,Engineer,2,13310,14,2,No,2,1,3,3,3,2,0.94,0,0
7248,21,Male,R&D,Engineer,4,8599,7,4,No,13,7,2,3,1,4,0.26,1,1
7249,30,Female,R&D,Engineer,3,2111,14,7,Yes,35,0,3,3,1,3,0.19,0,0
7250,58,Male,IT,Engineer,5,13926,12,6,Yes,31,8,3,2,4,2,0.63,1,1
7251,53,Female,Finance,Manager,5,6470,0,1,No,14,6,3,4,1,1,0.73,0,1
7252,45,Male,R&D,Engineer,4,11036,10,6,Yes,15,9,3,3,3,1,0.96,0,1
7253,37,Female,R&D,Engineer,3,4173,19,4,Yes,5,0,3,3,4,1,0.3,0,1
7254,40,Male,Finance,Technician,4,5078,14,5,No,39,0,3,4,3,2,0.45,1,0
7255,55,Female,HR,Technician,2,12801,3,7,Yes,34,7,2,3,2,1,0.6,0,1
7256,59,Female,IT,Sales Executive,5,3383,5,4,Yes,38,8,3,1,4,4,0.82,0,1
7257,41,Male,IT,Consultant,5,8721,11,8,Yes,2,1,2,4,2,3,0.78,0,0
7258,49,Female,IT,Engineer,3,5970,0,0,No,33,2,3,4,1,4,0.94,1,0
7259,49,Female,R&D,Engineer,1,2361,9,4,Yes,27,1,2,4,1,1,0.54,0,1
7260,27,Female,HR,Sales Executive,3,10870,17,0,Yes,3,0,4,3,3,1,0.82,0,1
7261,53,Female,IT,Consultant,2,7078,0,0,No,2,1,1,3,4,1,0.8,0,0
7262,28,Female,Finance,Engineer,3,4811,6,0,Yes,28,7,1,1,4,3,0.21,0,0
7263,39,Female,IT,Engineer,1,4822,1,4,Yes,30,1,3,2,4,4,0.34,0,1
7264,59,Female,Sales,HR Specialist,2,11923,7,8,Yes,23,8,3,2,4,1,0.2,0,0
7265,44,Female,HR,Manager,2,11479,0,1,Yes,33,0,3,4,1,3,0.04,0,0
7266,38,Male,Sales,Sales Executive,1,6895,18,5,No,14,5,3,1,1,2,0.85,0,1
7267,24,Female,HR,HR Specialist,4,10466,5,4,Yes,14,5,3,1,2,4,0.9,1,0
7268,30,Male,Marketing,Technician,3,2905,10,6,Yes,13,5,3,2,2,2,0.42,1,1
7269,34,Female,Finance,Consultant,2,10141,18,6,No,4,6,3,3,4,3,0.36,0,0
7270,27,Male,Marketing,Analyst,3,3882,9,2,No,19,0,3,4,2,1,0.47,0,0
7271,38,Female,R&D,Analyst,1,2491,15,5,No,24,8,3,2,3,2,0.63,0,1
7272,42,Male,R&D,Technician,5,9811,15,2,Yes,36,4,2,2,1,4,0.99,0,0
7273,46,Male,Marketing,Manager,1,14946,9,1,No,6,7,3,4,3,3,0.87,1,0
7274,59,Female,HR,Consultant,3,10732,17,4,Yes,12,1,3,2,2,3,0.16,0,1
7275,51,Male,IT,Consultant,2,4886,17,3,No,9,4,2,4,1,2,0.88,0,0
7276,45,Female,Sales,Analyst,3,14607,2,3,No,13,6,4,1,2,4,0.48,0,0
7277,46,Female,Finance,Manager,5,8132,11,3,Yes,24,2,4,3,1,4,0.81,0,0
7278,38,Male,IT,Analyst,2,2455,9,7,Yes,15,6,3,3,2,4,0.85,0,1
7279,48,Female,R&D,Analyst,5,2650,15,0,No,30,6,2,4,3,4,0.38,0,0
7280,58,Male,IT,Consultant,4,11504,8,2,Yes,32,9,3,3,3,2,0.03,0,1
7281,52,Male,Marketing,HR Specialist,1,3304,17,8,No,32,1,4,3,1,3,0.36,0,0
7282,38,Female,Marketing,Consultant,4,6512,12,2,No,34,7,3,2,4,3,0.03,0,0
7283,56,Female,Sales,Analyst,3,5609,13,0,Yes,35,8,3,3,2,4,0.51,1,1
7284,38,Female,R&D,Consultant,4,10995,18,4,No,18,5,1,3,2,1,0.95,0,0
7285,52,Female,HR,Technician,1,10989,13,3,No,19,5,2,3,4,1,0.89,1,0
7286,35,Female,Finance,Manager,2,5384,1,9,Yes,15,7,3,3,2,4,0.38,0,0
7287,42,Male,Marketing,Engineer,5,6704,10,7,Yes,22,4,3,1,3,2,0.76,0,0
7288,26,Male,Finance,Consultant,2,12204,7,8,No,25,0,3,4,1,2,0.73,1,0
7289,45,Female,R&D,Consultant,4,13032,2,9,No,24,9,3,1,1,2,0.58,1,0
7290,51,Female,HR,Engineer,3,7727,14,4,No,6,8,2,4,2,1,0.7,1,0
7291,31,Female,Marketing,Engineer,4,13254,12,0,No,36,2,1,3,2,3,0.9,0,1
7292,27,Male,Sales,Manager,1,11272,7,3,No,10,6,3,3,2,3,0.28,0,0
7293,24,Male,Finance,Manager,1,11505,12,2,No,12,5,2,3,1,4,0.18,0,0
7294,47,Male,R&D,Engineer,3,4645,15,5,No,5,3,3,1,4,2,0.32,0,1
7295,24,Female,Finance,Technician,2,9116,0,1,No,20,6,3,2,1,3,0.61,1,0
7296,45,Female,HR,Analyst,1,7429,1,4,Yes,37,8,2,3,4,1,0.48,0,0
7297,24,Male,Sales,Engineer,1,13826,12,7,Yes,18,3,3,1,3,4,0.67,0,1
7298,41,Female,HR,Sales Executive,3,4053,13,4,No,33,5,1,4,1,3,0.45,0,0
7299,34,Female,Marketing,Consultant,2,5514,1,4,Yes,12,2,3,2,1,4,0.65,0,0
7300,32,Male,IT,Manager,4,2309,15,7,Yes,33,2,1,1,3,4,0.09,0,0
7301,47,Male,HR,Sales Executive,5,10976,13,4,No,5,6,3,3,1,1,0.43,1,1
7302,52,Female,HR,Sales Executive,3,7000,6,3,Yes,9,8,4,2,4,1,0.65,1,1
7303,42,Male,Finance,Manager,2,7121,13,9,Yes,33,4,3,3,1,1,0.29,0,0
7304,52,Female,HR,Consultant,5,7722,17,8,Yes,30,2,3,1,2,1,0.32,0,0
7305,37,Male,R&D,Engineer,3,8897,16,1,Yes,17,5,3,1,3,1,0.02,0,0
7306,49,Male,Marketing,Technician,4,7494,4,0,Yes,35,7,4,1,4,4,0.79,0,0
7307,45,Female,Finance,HR Specialist,4,9639,10,3,No,16,3,4,2,2,4,0.49,0,0
7308,35,Female,Finance,Sales Executive,2,11806,17,9,No,19,6,3,4,3,1,0.17,1,0
7309,32,Male,IT,Engineer,2,11014,15,2,Yes,2,6,3,2,3,2,0.63,0,1
7310,58,Female,Marketing,HR Specialist,4,11519,9,8,No,6,4,3,4,4,1,0.12,0,0
7311,52,Male,R&D,Consultant,4,2057,5,2,Yes,11,9,3,4,1,4,0.46,0,0
7312,45,Female,Marketing,Sales Executive,3,3248,13,2,Yes,9,1,3,1,2,4,0.13,1,0
7313,20,Male,HR,Engineer,2,11641,1,9,No,27,3,1,4,3,3,0.68,0,0
7314,57,Male,IT,Sales Executive,5,8036,8,6,Yes,14,4,4,2,3,3,0.19,1,1
7315,21,Male,R&D,Engineer,4,2517,12,1,Yes,35,2,1,1,4,4,0.95,0,1
7316,25,Female,IT,Consultant,5,4077,19,7,Yes,20,3,3,1,3,2,0.6,0,0
7317,57,Male,Marketing,Technician,2,10342,11,5,No,32,4,3,1,3,4,0.02,0,0
7318,43,Male,Sales,Consultant,2,14835,1,8,No,8,0,3,2,4,4,0.42,0,1
7319,37,Male,Marketing,Analyst,1,4157,2,7,No,11,2,1,2,1,2,0.16,0,1
7320,46,Male,HR,Analyst,4,8384,12,3,No,2,8,3,4,1,1,0.61,0,1
7321,27,Female,IT,Consultant,2,5673,0,7,Yes,5,8,4,3,3,3,0.77,1,1
7322,47,Female,Sales,Manager,2,10097,19,3,No,30,8,3,2,2,1,0.31,0,0
7323,29,Male,HR,HR Specialist,4,7149,3,4,No,11,8,3,3,2,4,0.68,0,1
7324,36,Male,IT,Consultant,1,4513,17,9,Yes,16,8,3,3,3,1,0.87,1,0
7325,48,Female,IT,Consultant,1,8608,12,6,No,25,3,3,4,3,4,0.91,0,0
7326,25,Male,Marketing,Sales Executive,1,12476,5,5,Yes,25,6,2,1,4,1,0.12,1,0
7327,33,Female,IT,Sales Executive,1,3394,5,4,Yes,11,0,4,2,1,2,0.36,1,0
7328,41,Male,IT,Engineer,3,3705,14,1,Yes,1,4,3,4,2,1,0.27,0,0
7329,25,Female,Finance,HR Specialist,4,11364,17,4,No,33,1,2,4,2,1,0.57,0,0
7330,45,Male,IT,Sales Executive,4,4421,16,9,Yes,1,9,3,2,2,4,0.82,0,1
7331,58,Female,Marketing,HR Specialist,4,10791,13,6,No,9,3,3,4,1,2,0.64,0,1
7332,31,Female,Finance,Consultant,1,5504,3,5,No,27,8,3,3,4,3,0.98,1,0
7333,54,Female,Finance,HR Specialist,1,4299,0,5,No,38,4,4,1,3,3,0.04,0,0
7334,33,Male,Sales,Analyst,2,6015,7,4,Yes,19,1,2,4,1,4,0.2,0,1
7335,41,Female,HR,Sales Executive,3,3496,10,8,Yes,17,0,3,4,3,2,0.85,1,0
7336,42,Female,Finance,Sales Executive,4,8706,12,0,No,12,1,3,4,2,1,0.39,1,0
7337,26,Male,R&D,Manager,3,13309,16,3,No,2,9,4,4,3,1,0.78,0,1
7338,59,Male,Finance,HR Specialist,4,8771,13,6,Yes,8,0,4,1,2,3,0.97,0,1
7339,44,Male,R&D,Engineer,1,9706,16,0,Yes,33,2,3,1,3,1,0.59,1,0
7340,32,Male,Sales,Analyst,1,14894,19,3,Yes,13,7,3,1,4,1,0.67,0,1
7341,40,Female,R&D,Consultant,4,10626,0,5,Yes,21,6,2,3,4,1,0.38,1,0
7342,29,Male,Sales,Manager,5,4658,7,9,Yes,19,0,4,2,3,2,0.9,1,0
7343,28,Male,Sales,Analyst,1,13891,18,7,No,34,9,4,2,3,1,0.67,0,0
7344,34,Male,Sales,Engineer,2,4323,10,6,No,30,2,3,4,1,1,0.6,1,1
7345,21,Male,R&D,Manager,1,4895,9,8,No,20,6,2,1,4,2,0.03,1,1
7346,44,Male,R&D,Analyst,2,3531,0,6,Yes,18,4,4,4,2,4,0.49,0,1
7347,32,Male,Sales,Engineer,3,13358,4,2,Yes,21,5,3,4,1,4,1.0,1,0
7348,53,Male,Sales,Technician,1,14954,15,9,No,36,4,3,2,3,4,0.45,1,1
7349,53,Female,HR,Manager,1,2781,19,3,No,7,7,3,3,2,3,0.96,0,0
7350,54,Female,Sales,Engineer,3,3425,19,2,Yes,5,0,3,4,4,2,0.98,1,1
7351,57,Female,IT,Manager,2,6928,4,8,Yes,9,6,1,4,2,2,0.65,1,1
7352,22,Female,HR,Sales Executive,5,4551,15,7,No,18,8,3,3,1,4,0.3,0,0
7353,25,Female,HR,Sales Executive,2,13678,2,9,No,1,8,3,2,2,2,0.2,1,1
7354,38,Male,HR,Analyst,4,12515,1,8,No,36,2,3,4,2,1,0.55,1,0
7355,22,Male,IT,HR Specialist,4,14613,16,9,Yes,14,3,4,4,3,3,0.1,0,1
7356,37,Male,HR,Technician,4,9423,0,9,Yes,8,3,4,3,3,4,0.51,0,1
7357,58,Male,HR,Consultant,3,2556,15,1,No,37,7,3,1,3,1,0.66,0,0
7358,28,Female,R&D,HR Specialist,2,10704,1,4,Yes,20,6,3,3,1,4,0.44,1,0
7359,31,Female,Marketing,Consultant,1,13410,19,4,No,31,7,2,3,1,2,0.15,0,1
7360,24,Male,R&D,Consultant,4,8438,6,6,No,7,4,1,2,3,1,0.81,0,0
7361,22,Male,Sales,Consultant,2,8518,10,3,Yes,38,2,2,4,3,4,0.54,0,1
7362,30,Female,Sales,Engineer,1,7786,5,3,No,15,8,1,3,3,3,0.27,0,0
7363,49,Female,Finance,Manager,2,6151,1,7,No,35,8,3,3,1,3,0.02,0,0
7364,23,Female,Marketing,Sales Executive,3,8093,13,0,No,17,9,2,4,3,2,0.54,0,0
7365,24,Male,IT,HR Specialist,4,14307,3,5,No,27,9,2,4,2,2,0.77,0,1
7366,20,Male,R&D,Consultant,5,13733,18,8,Yes,21,1,2,3,1,1,0.36,1,0
7367,46,Female,Sales,Sales Executive,4,4899,1,1,Yes,26,7,4,1,4,1,0.66,1,1
7368,47,Female,IT,Consultant,4,8734,1,4,No,5,2,2,1,3,2,0.8,0,0
7369,48,Male,HR,Technician,3,7016,12,9,No,33,8,3,4,4,2,0.47,1,0
7370,37,Male,IT,Engineer,1,8509,12,9,Yes,5,1,4,2,4,2,0.27,0,1
7371,31,Male,R&D,Technician,4,14288,2,8,Yes,28,8,4,4,3,3,0.41,0,1
7372,32,Male,Marketing,Technician,1,4960,5,3,No,21,1,4,1,3,2,0.76,1,0
7373,21,Female,Finance,Engineer,1,6943,16,8,No,8,6,3,3,1,3,0.22,0,0
7374,56,Female,R&D,Manager,3,11444,0,7,No,2,6,3,2,1,1,0.26,1,0
7375,35,Female,Marketing,Technician,4,10916,6,8,Yes,37,7,2,4,2,2,0.36,0,0
7376,43,Male,Sales,HR Specialist,3,3306,6,1,Yes,14,3,1,3,4,2,0.63,0,1
7377,54,Male,Sales,Consultant,3,2759,12,9,Yes,34,3,4,1,1,4,0.24,0,1
7378,41,Male,IT,Engineer,5,7238,8,4,Yes,37,7,4,3,4,3,0.5,0,0
7379,55,Female,R&D,Engineer,3,2226,17,9,Yes,21,5,3,2,1,2,0.64,0,1
7380,30,Female,Sales,Consultant,5,6797,0,8,Yes,27,5,3,4,3,2,0.52,0,0
7381,48,Female,HR,Sales Executive,1,10499,10,4,Yes,18,9,4,1,2,4,0.01,0,0
7382,54,Male,HR,Analyst,1,5378,10,3,Yes,5,4,2,1,2,3,0.5,0,0
7383,34,Male,Finance,Technician,2,13201,9,7,Yes,34,9,4,2,2,1,0.36,0,0
7384,50,Female,IT,HR Specialist,2,8712,16,5,Yes,18,2,3,4,3,3,0.05,0,0
7385,35,Male,Sales,Manager,1,11709,16,1,No,35,1,3,2,1,3,0.92,0,1
7386,29,Female,Finance,Technician,4,11723,11,7,Yes,26,7,3,4,4,4,0.65,0,1
7387,51,Female,HR,Consultant,2,12036,9,4,Yes,29,0,3,2,4,1,0.91,0,1
7388,21,Female,Finance,Manager,3,7208,11,6,No,28,0,2,3,2,4,0.31,1,0
7389,43,Female,Finance,Sales Executive,2,9442,5,3,No,6,4,4,4,4,2,0.92,1,0
7390,42,Male,Sales,Technician,1,12860,5,8,No,26,4,1,1,2,4,0.44,0,0
7391,21,Male,Sales,Manager,4,6748,5,1,Yes,18,1,3,3,2,4,0.32,1,0
7392,57,Male,Sales,Technician,1,10988,19,9,Yes,30,9,1,3,2,1,0.84,0,0
7393,50,Male,IT,Engineer,4,14767,7,8,Yes,33,6,3,3,3,4,0.04,0,1
7394,59,Male,Finance,Technician,2,9045,4,3,No,32,0,1,1,1,2,0.73,1,1
7395,45,Male,Finance,HR Specialist,3,9624,5,5,No,26,3,1,4,2,2,0.86,0,0
7396,48,Female,IT,Technician,3,3779,1,4,Yes,22,3,3,2,1,2,0.87,0,1
7397,22,Male,HR,Manager,1,9063,16,2,No,34,1,3,1,1,1,0.03,0,0
7398,33,Male,R&D,HR Specialist,4,2585,7,6,Yes,12,2,3,3,3,2,0.88,0,0
7399,44,Male,HR,Manager,2,3378,8,3,No,22,1,4,2,4,2,0.72,0,1
7400,20,Female,IT,Consultant,4,14549,7,0,No,21,5,4,1,3,2,0.85,0,0
7401,22,Male,Finance,Consultant,4,7707,10,7,Yes,24,1,3,2,2,4,0.67,0,0
7402,45,Female,Finance,Analyst,4,7442,9,2,Yes,25,6,3,3,2,3,0.75,0,1
7403,37,Male,Sales,Analyst,2,14982,16,5,Yes,2,5,4,2,2,4,0.62,0,0
7404,28,Male,Sales,HR Specialist,4,8929,19,1,No,1,9,4,3,4,1,0.47,0,0
7405,57,Male,Finance,Consultant,3,8420,12,8,Yes,10,1,2,2,3,4,0.93,0,1
7406,42,Female,Finance,Analyst,1,14002,8,3,Yes,34,2,1,3,3,3,0.11,0,0
7407,40,Female,Marketing,Analyst,5,6031,14,6,No,5,7,3,2,1,4,0.06,0,1
7408,20,Male,Sales,Engineer,4,12916,12,8,No,17,0,4,1,4,2,0.67,1,0
7409,40,Male,Sales,Manager,3,9442,12,2,Yes,1,8,3,3,1,3,0.67,0,1
7410,46,Male,HR,Analyst,3,8360,12,2,No,14,1,3,4,1,3,0.84,1,0
7411,25,Female,Finance,HR Specialist,1,3847,3,2,Yes,21,7,4,2,3,4,0.65,0,1
7412,55,Female,Finance,Engineer,1,12429,9,4,Yes,6,7,2,4,3,4,0.09,1,0
7413,47,Male,IT,Consultant,5,3041,14,9,No,11,7,3,4,3,4,0.88,0,1
7414,36,Female,HR,Analyst,5,6839,9,5,No,39,3,3,4,4,2,0.1,0,1
7415,59,Female,R&D,Technician,5,13677,7,2,Yes,20,1,2,1,3,2,0.45,1,1
7416,22,Female,R&D,Consultant,2,9351,9,9,No,20,1,3,2,3,3,0.63,0,1
7417,31,Female,R&D,HR Specialist,2,9785,16,8,Yes,21,6,3,4,2,3,0.63,1,0
7418,58,Male,Marketing,Manager,3,2242,4,0,No,24,0,1,1,1,2,0.45,0,1
7419,31,Male,Sales,Consultant,1,7545,12,6,No,26,1,1,2,2,3,0.33,1,0
7420,21,Female,R&D,Technician,4,4100,18,8,Yes,3,2,3,4,4,2,0.3,1,0
7421,41,Female,IT,Consultant,1,11441,11,4,Yes,38,6,4,1,1,1,0.97,1,1
7422,42,Female,Sales,Analyst,2,3737,11,2,Yes,38,7,2,1,2,1,0.34,0,1
7423,49,Male,Sales,HR Specialist,3,13861,1,9,No,28,3,2,2,2,3,0.58,1,1
7424,24,Male,R&D,Technician,4,12110,8,3,No,10,3,1,2,3,1,0.58,0,0
7425,28,Female,Sales,HR Specialist,5,14606,1,7,Yes,24,9,3,1,3,1,0.57,1,1
7426,40,Female,HR,Sales Executive,5,4754,0,2,No,7,0,3,3,3,4,0.62,0,0
7427,30,Female,HR,Consultant,2,3392,13,4,Yes,23,0,4,1,2,4,0.26,0,1
7428,24,Female,R&D,Technician,3,10439,12,2,Yes,23,6,4,2,2,2,0.34,0,1
7429,54,Male,IT,HR Specialist,1,9735,2,5,Yes,24,8,3,1,3,2,0.07,1,1
7430,46,Male,Sales,Technician,2,14464,19,0,No,31,1,3,1,4,2,0.57,0,0
7431,21,Male,Finance,Sales Executive,1,9643,4,6,Yes,22,8,3,3,4,3,0.24,0,0
7432,43,Male,R&D,Manager,4,11877,1,5,No,27,6,3,3,3,1,0.17,0,0
7433,50,Male,Marketing,Manager,1,12123,17,5,Yes,38,7,4,2,2,2,0.83,1,1
7434,52,Male,Sales,Consultant,4,6016,8,2,Yes,5,4,2,3,2,3,0.58,0,1
7435,58,Female,R&D,Engineer,3,14300,11,0,Yes,18,0,2,4,3,2,0.56,0,0
7436,49,Female,R&D,Technician,2,5432,4,0,No,8,7,4,1,1,3,0.16,0,0
7437,56,Male,IT,Sales Executive,1,14576,17,6,No,35,9,3,2,1,2,0.44,0,0
7438,47,Male,Finance,HR Specialist,3,6526,1,3,No,17,2,3,2,1,1,0.56,0,0
7439,50,Male,Sales,Engineer,3,9784,9,5,No,12,4,4,2,4,4,0.44,0,0
7440,30,Female,R&D,Technician,1,14176,9,3,No,39,6,3,3,4,1,0.53,0,0
7441,42,Female,R&D,Engineer,5,14014,2,7,No,22,6,1,1,2,4,0.01,0,0
7442,21,Female,Sales,Technician,5,4081,13,8,No,6,6,3,3,1,4,0.2,0,0
7443,59,Female,R&D,Consultant,4,11539,4,1,No,30,1,3,1,4,1,0.22,1,1
7444,46,Male,R&D,Consultant,3,7575,12,0,Yes,2,1,4,2,1,4,0.38,0,1
7445,54,Female,R&D,Manager,2,7344,16,0,No,5,2,4,2,3,1,0.94,1,0
7446,21,Male,HR,HR Specialist,2,6736,5,6,Yes,2,5,3,1,3,4,0.54,0,0
7447,58,Female,HR,Sales Executive,3,2132,12,1,No,35,9,1,2,1,1,0.26,0,1
7448,56,Female,Finance,Consultant,5,13815,11,2,No,5,1,3,4,1,2,0.72,0,0
7449,40,Female,IT,Manager,3,3854,2,3,No,31,6,4,1,3,4,0.22,0,1
7450,24,Female,Sales,Engineer,4,13136,15,8,Yes,17,8,2,3,1,3,0.16,0,1
7451,40,Male,IT,Analyst,3,8050,4,9,Yes,27,8,3,1,4,2,0.3,1,0
7452,48,Male,IT,Consultant,1,7077,1,1,No,31,1,2,4,3,2,0.29,1,0
7453,39,Male,HR,Engineer,5,7340,10,9,Yes,10,7,4,4,3,1,0.42,0,1
7454,57,Male,Finance,Analyst,1,10592,3,1,No,12,7,4,4,2,4,0.71,0,1
7455,39,Male,IT,Technician,1,2605,0,0,Yes,18,7,3,3,3,4,0.58,0,1
7456,44,Male,IT,Manager,3,14898,12,7,No,13,1,3,2,3,3,0.49,0,1
7457,21,Male,R&D,Technician,3,2131,17,7,Yes,8,2,3,4,2,1,0.95,0,1
7458,51,Female,Sales,Sales Executive,2,14680,15,4,Yes,35,3,4,2,2,1,0.03,1,0
7459,45,Male,Finance,HR Specialist,1,9071,1,2,Yes,4,5,4,1,2,1,0.4,0,1
7460,25,Female,Sales,Consultant,3,14868,8,0,Yes,7,1,3,1,2,4,0.68,0,1
7461,22,Male,HR,Analyst,2,8157,11,1,Yes,21,4,2,1,2,2,0.32,1,1
7462,52,Female,IT,Consultant,1,8578,4,8,No,15,8,3,2,1,2,0.48,1,0
7463,20,Male,IT,HR Specialist,2,8613,4,7,No,34,5,3,1,2,3,0.03,0,0
7464,24,Female,Marketing,Technician,5,6506,12,9,No,22,7,3,1,3,2,0.2,0,1
7465,32,Male,Sales,Manager,4,14632,15,3,No,1,1,4,3,3,1,0.08,1,0
7466,38,Male,HR,Manager,1,2803,18,2,Yes,6,3,3,2,2,3,0.97,1,1
7467,31,Male,Marketing,Technician,3,13459,8,4,Yes,1,5,3,1,1,3,0.74,0,1
7468,44,Male,Marketing,Technician,5,7192,15,7,Yes,19,3,4,4,1,3,0.65,0,0
7469,54,Female,R&D,Manager,2,6289,18,9,No,27,8,3,3,3,1,0.0,0,0
7470,31,Male,Marketing,Sales Executive,4,5633,3,5,Yes,10,1,3,1,3,1,0.47,1,1
7471,49,Male,Marketing,Analyst,1,4676,14,9,Yes,14,6,1,2,3,3,0.71,0,1
7472,24,Female,R&D,HR Specialist,4,3215,8,3,No,34,8,1,1,1,3,0.61,1,1
7473,53,Male,IT,Engineer,5,4477,15,7,No,32,1,3,1,1,4,0.51,1,1
7474,41,Female,IT,Consultant,4,4264,5,3,Yes,3,5,1,2,1,2,0.83,1,1
7475,58,Female,Finance,Technician,1,9790,7,4,Yes,16,1,2,3,1,1,0.34,0,1
7476,32,Male,Marketing,Technician,5,2969,0,1,No,39,4,3,2,4,2,0.84,0,0
7477,22,Male,Sales,Consultant,2,8628,13,9,No,33,7,3,3,4,4,0.39,0,1
7478,39,Female,IT,Manager,1,2600,3,3,No,5,2,3,4,4,1,0.58,0,0
7479,50,Male,HR,HR Specialist,4,6455,9,9,Yes,35,4,4,4,1,1,0.52,0,0
7480,24,Female,Sales,HR Specialist,1,7941,15,9,No,17,2,3,2,2,3,0.41,1,1
7481,43,Male,Finance,Sales Executive,5,11524,3,2,Yes,23,2,3,4,2,1,0.27,0,0
7482,59,Male,Marketing,Analyst,4,4716,1,7,Yes,26,0,3,1,4,3,0.45,0,1
7483,52,Female,R&D,Sales Executive,2,14708,1,7,No,7,1,3,4,4,3,0.12,0,1
7484,27,Male,Finance,Sales Executive,3,2781,12,6,No,7,6,3,2,1,2,0.34,1,1
7485,43,Male,Sales,HR Specialist,2,14000,10,5,Yes,15,3,4,2,4,3,0.58,1,0
7486,39,Male,R&D,Analyst,1,3434,9,8,No,30,0,3,2,1,4,0.06,1,1
7487,35,Female,HR,Analyst,3,6338,5,3,Yes,20,3,4,2,1,3,0.74,0,1
7488,31,Male,R&D,Analyst,5,11208,6,3,Yes,3,8,3,3,1,2,0.57,1,0
7489,32,Female,R&D,Consultant,4,12411,14,5,No,22,7,4,3,1,4,0.97,0,0
7490,58,Male,HR,Manager,4,4702,19,0,No,7,5,1,2,4,1,0.09,1,0
7491,44,Female,IT,Analyst,5,14098,18,1,Yes,31,5,2,4,2,1,0.23,1,0
7492,51,Male,IT,HR Specialist,1,13008,2,1,Yes,3,1,1,3,2,4,0.54,0,1
7493,43,Male,R&D,Consultant,2,5991,13,9,Yes,17,4,3,2,4,1,0.49,1,0
7494,28,Female,R&D,Manager,3,10651,1,3,Yes,22,8,3,1,1,3,0.5,0,1
7495,59,Male,Finance,Engineer,5,9532,15,4,No,37,7,3,2,4,1,0.34,0,0
7496,42,Female,IT,Technician,1,9245,16,1,Yes,3,3,2,4,4,2,0.87,0,0
7497,32,Male,HR,Sales Executive,1,5640,14,7,No,30,6,2,2,4,1,0.05,0,1
7498,51,Female,Marketing,Analyst,3,2531,12,4,No,24,8,4,2,2,4,0.87,1,0
7499,34,Male,Marketing,Engineer,5,3977,11,7,Yes,33,4,1,1,4,4,0.78,0,1
7500,55,Female,R&D,Analyst,2,13469,6,8,Yes,10,1,4,1,3,4,0.79,1,1
7501,24,Male,R&D,Sales Executive,2,5764,19,8,No,7,1,3,1,2,4,0.91,1,1
7502,41,Female,Marketing,HR Specialist,5,2290,19,3,No,16,7,4,3,3,4,0.57,1,0
7503,35,Female,Finance,HR Specialist,4,8077,2,9,Yes,32,7,2,4,3,4,0.87,1,0
7504,29,Male,Finance,Sales Executive,2,9868,8,1,Yes,2,7,3,1,1,4,0.41,1,1
7505,43,Female,Finance,Engineer,4,5575,2,1,Yes,8,4,3,1,3,4,0.68,0,1
7506,37,Female,Sales,Manager,5,14946,15,4,No,15,1,3,1,1,3,0.3,0,1
7507,37,Male,HR,Technician,1,6649,19,9,No,3,9,3,1,4,2,0.81,0,1
7508,26,Male,Sales,Technician,5,12667,2,3,Yes,20,7,3,4,2,2,0.03,0,0
7509,23,Male,R&D,Technician,1,8614,7,5,No,34,3,3,3,2,4,0.85,0,0
7510,45,Male,Finance,Manager,5,2512,7,8,No,4,8,4,4,4,3,0.12,0,1
7511,24,Male,Finance,Analyst,4,3639,14,6,Yes,23,9,1,3,4,3,0.16,0,1
7512,35,Male,Marketing,Sales Executive,4,10446,4,3,No,8,5,2,4,3,1,0.76,0,0
7513,54,Female,Marketing,Sales Executive,5,6816,12,6,No,10,9,3,3,2,4,0.24,1,0
7514,45,Female,Finance,Manager,1,7849,14,1,Yes,38,6,4,4,2,3,0.49,0,0
7515,37,Female,IT,Engineer,5,4637,6,4,Yes,5,2,3,4,4,3,0.5,1,1
7516,48,Male,Marketing,Technician,1,3965,11,8,Yes,10,1,3,1,4,4,0.38,0,1
7517,42,Male,HR,Consultant,4,2050,2,8,No,26,1,2,4,1,4,0.93,0,0
7518,33,Female,Sales,Sales Executive,3,2799,7,3,No,16,2,4,4,3,2,0.56,0,0
7519,34,Female,HR,HR Specialist,2,10291,9,7,No,23,6,1,4,3,1,0.72,0,0
7520,52,Male,Marketing,HR Specialist,4,11939,1,4,Yes,17,7,2,3,1,1,0.89,0,1
7521,44,Female,Finance,Consultant,5,12703,7,2,Yes,28,3,1,4,3,2,0.61,1,0
7522,40,Male,R&D,Sales Executive,5,8642,17,5,No,18,2,1,2,3,2,0.69,0,0
7523,36,Male,IT,Technician,1,2236,11,3,No,11,6,4,3,2,2,0.44,0,1
7524,42,Female,Marketing,Technician,2,2471,17,2,No,34,2,2,4,1,1,1.0,1,0
7525,36,Male,HR,Technician,4,4204,18,3,No,15,7,2,3,4,3,0.78,0,0
7526,33,Male,R&D,Engineer,2,9181,4,0,Yes,1,3,2,3,3,4,0.97,0,1
7527,48,Male,Marketing,HR Specialist,2,8259,15,9,Yes,33,7,4,1,4,4,0.13,0,0
7528,39,Male,Finance,Engineer,4,10330,16,7,Yes,9,1,3,4,1,1,0.02,0,1
7529,49,Female,Finance,Manager,1,13054,8,8,No,17,7,3,1,3,1,0.52,1,1
7530,38,Male,Finance,Analyst,1,3383,9,5,Yes,15,7,4,3,3,4,0.73,1,0
7531,58,Male,Finance,Technician,1,13287,18,4,Yes,4,9,3,1,1,4,0.83,0,1
7532,32,Female,Marketing,Manager,3,6501,11,8,No,37,2,2,2,1,1,0.85,1,0
7533,37,Male,IT,Analyst,2,3712,0,3,No,6,1,1,2,1,3,0.29,1,1
7534,42,Male,IT,Consultant,3,11142,16,0,No,6,6,3,3,1,2,0.76,0,0
7535,52,Female,HR,HR Specialist,1,8710,2,6,Yes,19,8,3,4,1,2,0.16,0,1
7536,58,Female,Marketing,Analyst,4,5796,6,0,Yes,23,9,4,2,2,4,0.52,0,1
7537,59,Male,Finance,Analyst,2,4373,19,8,Yes,30,0,3,4,1,3,0.24,0,0
7538,37,Male,IT,Sales Executive,4,11549,8,3,Yes,1,4,4,3,3,1,0.23,0,0
7539,28,Female,Marketing,Analyst,5,6424,4,2,No,9,2,3,2,3,1,0.3,1,0
7540,52,Male,R&D,Sales Executive,2,7419,8,3,No,22,8,3,4,4,3,0.31,0,0
7541,51,Male,IT,Analyst,4,3699,18,0,Yes,1,7,3,3,4,1,0.33,0,0
7542,36,Male,IT,Sales Executive,1,12328,10,5,Yes,36,8,3,1,3,1,0.91,1,0
7543,38,Female,HR,HR Specialist,3,6110,13,6,No,25,8,4,1,2,4,0.69,0,1
7544,46,Male,IT,HR Specialist,4,5372,13,6,Yes,16,9,4,1,4,2,0.0,0,1
7545,25,Female,R&D,Analyst,5,10825,7,4,Yes,26,2,4,3,4,2,0.4,0,0
7546,54,Female,Finance,Consultant,1,12075,19,9,No,28,6,2,3,1,4,0.17,0,0
7547,56,Female,Sales,Consultant,5,7581,0,9,Yes,5,4,3,2,2,4,0.72,0,0
7548,53,Female,HR,Engineer,3,12508,3,4,Yes,22,5,3,1,4,4,0.98,0,1
7549,39,Male,R&D,Consultant,5,11320,15,5,No,14,7,1,1,2,4,0.5,0,1
7550,44,Female,HR,HR Specialist,4,4386,0,9,Yes,9,9,1,3,3,4,0.98,0,1
7551,23,Male,Marketing,Manager,4,10583,18,7,Yes,14,7,3,3,3,2,0.28,0,1
7552,29,Female,Finance,Consultant,1,2168,2,8,Yes,16,6,3,2,3,1,0.58,0,1
7553,29,Female,IT,Manager,3,13280,1,5,No,30,0,3,3,3,2,0.55,1,1
7554,43,Male,Marketing,Sales Executive,3,12244,16,2,Yes,32,0,2,2,3,2,0.8,0,1
7555,40,Female,IT,Engineer,2,5965,10,5,Yes,6,5,3,2,2,3,0.26,0,1
7556,30,Female,R&D,Technician,2,5208,2,3,Yes,17,8,2,1,1,1,0.26,0,0
7557,46,Male,Finance,Sales Executive,4,14906,6,3,Yes,1,7,1,1,3,4,0.35,0,0
7558,35,Female,Sales,Analyst,5,11377,9,6,Yes,18,0,1,3,1,3,0.58,1,1
7559,45,Female,Sales,Consultant,5,10172,2,5,Yes,11,7,3,4,2,1,0.14,1,0
7560,49,Female,IT,HR Specialist,1,4727,7,7,Yes,11,4,3,2,3,3,0.95,0,1
7561,35,Male,Marketing,Engineer,3,5509,4,7,No,28,1,3,2,1,4,0.46,0,0
7562,26,Female,Finance,Sales Executive,4,9549,9,2,Yes,12,6,2,2,4,3,0.5,0,0
7563,35,Male,Finance,Sales Executive,5,6477,11,3,Yes,34,1,2,2,4,3,0.41,0,1
7564,54,Male,R&D,Manager,2,14769,17,1,No,16,3,3,4,1,2,0.39,0,0
7565,35,Male,Marketing,Analyst,4,13618,5,0,No,10,3,4,1,3,4,0.46,0,1
7566,59,Female,Sales,Sales Executive,1,6720,7,6,Yes,39,4,3,3,2,4,0.24,1,1
7567,31,Female,R&D,Manager,4,3713,17,7,No,8,5,2,2,3,2,0.15,1,0
7568,54,Female,HR,Engineer,5,8619,5,7,Yes,26,1,4,4,4,2,0.44,0,1
7569,40,Female,Finance,Sales Executive,1,4512,8,5,Yes,14,7,3,3,2,1,0.68,0,1
7570,55,Male,Sales,Technician,2,13453,15,6,No,9,8,3,3,2,4,0.36,0,1
7571,36,Male,R&D,Technician,2,6589,10,7,No,19,2,2,1,2,3,0.11,0,1
7572,51,Female,IT,Manager,5,8678,1,3,Yes,34,6,4,3,1,3,0.52,0,0
7573,25,Female,HR,Technician,1,4678,16,7,No,38,3,1,1,3,1,0.52,0,0
7574,43,Male,R&D,Analyst,2,2281,12,5,No,29,9,2,2,1,4,0.17,1,1
7575,46,Female,IT,HR Specialist,1,6926,6,6,No,29,3,3,4,2,1,0.34,0,1
7576,39,Female,Sales,Technician,4,2429,9,9,No,28,0,3,4,1,2,0.79,0,0
7577,44,Female,Sales,Engineer,3,12820,12,6,No,24,4,3,3,1,3,0.03,0,1
7578,21,Female,HR,Sales Executive,3,14540,9,7,No,28,5,2,2,2,3,0.1,1,0
7579,28,Female,IT,Manager,3,6658,3,4,No,12,4,3,2,2,2,0.7,0,1
7580,47,Female,Finance,Sales Executive,2,7162,10,1,Yes,19,5,3,1,1,2,0.57,0,1
7581,57,Male,Sales,HR Specialist,5,10105,8,7,Yes,6,2,3,4,4,2,0.58,0,1
7582,22,Male,Marketing,Sales Executive,3,5212,15,0,Yes,2,1,4,1,2,1,0.46,0,1
7583,39,Male,Finance,Sales Executive,5,6632,16,1,No,39,4,3,2,4,3,0.09,0,0
7584,25,Male,Finance,Manager,3,13137,4,4,Yes,31,5,3,2,2,1,0.05,0,0
7585,58,Female,R&D,HR Specialist,4,12509,4,3,Yes,37,9,3,4,2,3,0.32,1,0
7586,52,Female,R&D,Engineer,3,14176,5,1,Yes,29,5,3,3,3,2,0.06,1,0
7587,20,Male,Sales,Manager,5,13624,1,3,No,12,4,3,4,4,1,0.57,0,1
7588,56,Male,Finance,Consultant,2,4663,13,6,No,33,1,3,2,1,3,0.68,0,0
7589,25,Male,R&D,HR Specialist,4,11127,10,4,No,25,0,3,3,1,3,0.62,0,0
7590,53,Male,IT,HR Specialist,5,12534,18,3,No,18,9,2,2,3,1,0.73,1,0
7591,34,Male,IT,Sales Executive,1,3688,10,1,No,30,5,3,3,4,3,0.95,0,0
7592,45,Female,IT,Analyst,3,7594,19,1,No,18,0,4,1,1,1,0.97,1,0
7593,33,Female,IT,Analyst,4,7935,5,0,Yes,7,0,3,1,4,1,0.29,1,1
7594,26,Male,Finance,Engineer,2,11074,12,9,No,15,5,4,3,4,2,0.29,0,1
7595,50,Male,IT,Sales Executive,1,12711,18,5,Yes,30,0,2,3,1,4,0.74,0,0
7596,43,Female,Finance,Analyst,3,2816,2,5,No,5,1,3,3,4,2,0.99,0,0
7597,50,Female,Sales,Manager,4,13424,15,3,No,5,0,2,2,2,2,0.41,0,0
7598,48,Female,Sales,Engineer,5,5866,8,8,Yes,33,6,3,4,4,2,0.19,0,0
7599,51,Male,IT,Sales Executive,3,8188,2,3,No,6,3,4,4,4,1,0.73,0,1
7600,36,Female,IT,Technician,4,13038,18,2,Yes,4,3,3,2,4,1,0.39,1,0
7601,33,Male,IT,Manager,3,2677,14,9,Yes,13,3,1,1,3,2,0.08,0,0
7602,59,Male,Sales,Analyst,4,12446,12,8,Yes,26,4,4,3,1,1,0.75,0,0
7603,55,Female,R&D,Analyst,5,13175,16,0,Yes,20,8,3,4,4,2,0.41,0,1
7604,43,Female,Sales,Analyst,3,4489,7,1,Yes,32,4,3,1,1,3,0.59,0,1
7605,46,Female,IT,Analyst,4,9232,13,0,Yes,32,9,3,3,3,2,0.69,1,0
7606,44,Male,R&D,HR Specialist,1,12506,8,6,No,37,1,2,3,1,3,0.82,0,0
7607,51,Female,R&D,Technician,2,4446,2,0,No,1,7,3,1,1,4,0.62,0,0
7608,37,Female,HR,Engineer,4,3888,8,0,Yes,25,7,2,4,2,3,0.94,1,0
7609,37,Male,Finance,Engineer,4,3720,11,5,No,25,8,2,3,3,1,0.48,0,0
7610,56,Female,IT,Analyst,4,12095,14,5,No,1,3,3,3,2,2,0.53,0,0
7611,45,Female,Finance,Engineer,3,2223,16,4,Yes,3,2,2,4,2,3,0.3,0,1
7612,28,Male,HR,Technician,2,14952,8,3,Yes,39,9,2,4,3,2,0.13,1,0
7613,54,Male,Finance,Manager,3,2934,7,7,Yes,21,5,3,3,1,3,0.63,1,0
7614,27,Male,IT,Manager,4,11504,5,2,Yes,25,0,3,1,4,1,0.29,0,1
7615,39,Male,HR,Consultant,4,3308,8,0,Yes,21,5,2,3,3,1,0.71,0,1
7616,41,Male,Finance,Engineer,2,10417,14,0,Yes,3,4,3,1,1,1,0.62,0,1
7617,38,Female,Sales,Analyst,1,2199,17,4,Yes,29,0,3,4,4,4,0.28,0,0
7618,49,Female,R&D,Sales Executive,3,14791,10,2,Yes,35,5,3,2,1,3,0.56,1,0
7619,47,Male,HR,Technician,1,6106,13,2,Yes,22,2,4,1,3,2,0.99,1,0
7620,54,Female,Sales,Analyst,4,13076,12,1,Yes,23,7,4,3,2,1,0.88,0,0
7621,30,Female,IT,HR Specialist,4,7074,12,8,No,13,2,2,1,2,3,0.42,1,0
7622,50,Male,R&D,Sales Executive,5,12516,12,5,Yes,34,2,3,4,3,2,0.69,0,0
7623,58,Male,HR,Technician,5,5993,15,6,No,23,6,3,4,3,4,0.18,1,0
7624,55,Male,R&D,HR Specialist,1,9072,11,1,Yes,35,0,3,1,1,3,0.01,0,0
7625,49,Female,Marketing,Engineer,5,5933,17,0,No,19,9,2,1,2,2,0.84,0,0
7626,42,Male,Marketing,HR Specialist,2,8933,11,7,No,15,9,2,2,3,3,0.41,0,1
7627,38,Female,HR,Engineer,1,3597,4,9,No,15,7,2,4,1,3,0.18,1,0
7628,31,Female,HR,HR Specialist,5,2004,16,3,Yes,26,3,3,3,4,3,0.32,0,1
7629,34,Female,Finance,Sales Executive,5,10471,0,8,Yes,39,4,2,2,4,1,0.92,0,1
7630,50,Female,R&D,HR Specialist,2,9590,12,8,Yes,3,4,3,2,3,3,0.89,0,1
7631,56,Male,Marketing,Analyst,2,5019,9,3,No,17,3,2,2,1,3,0.65,1,1
7632,56,Female,Marketing,Engineer,1,7357,2,9,Yes,30,0,4,4,4,2,0.09,1,0
7633,34,Male,R&D,Manager,3,4364,5,2,Yes,28,2,3,2,2,3,0.72,0,1
7634,48,Female,Marketing,HR Specialist,2,2126,15,4,No,34,7,2,3,4,4,0.89,1,1
7635,45,Male,Sales,Engineer,5,14591,0,5,No,16,1,2,4,3,1,0.92,0,1
7636,21,Male,Marketing,Manager,1,12988,18,9,Yes,11,7,3,4,4,1,0.39,0,0
7637,39,Male,Marketing,Engineer,3,6826,7,3,Yes,24,3,2,1,4,3,0.17,0,1
7638,34,Female,IT,Consultant,1,5249,8,0,No,23,8,2,2,3,3,0.96,1,1
7639,23,Female,Sales,Engineer,5,5901,19,6,Yes,25,7,2,4,4,2,0.81,0,0
7640,41,Female,Finance,Manager,3,14777,6,4,Yes,37,7,4,3,3,4,0.43,1,1
7641,57,Male,HR,Manager,3,14724,10,1,No,13,3,3,2,2,3,0.63,1,1
7642,42,Female,Marketing,Sales Executive,2,7157,7,8,No,19,1,2,1,4,1,0.4,0,0
7643,45,Female,Finance,Technician,4,13893,10,7,Yes,34,7,3,2,1,1,0.46,1,1
7644,30,Female,Finance,Consultant,5,10674,13,9,Yes,2,6,3,3,2,3,0.33,0,1
7645,47,Male,Sales,HR Specialist,4,5039,13,6,No,8,1,1,1,3,2,0.06,1,1
7646,21,Female,HR,HR Specialist,5,6410,3,8,No,5,6,3,1,2,3,1.0,0,1
7647,27,Female,IT,Consultant,1,11699,19,9,Yes,11,0,2,4,1,3,0.24,0,0
7648,48,Male,Finance,Engineer,4,13360,8,1,Yes,2,5,1,1,2,2,0.29,1,0
7649,30,Male,IT,Consultant,3,11130,7,2,No,38,6,4,4,3,3,0.32,0,0
7650,56,Male,HR,Analyst,2,2016,14,8,Yes,32,1,2,4,3,4,0.24,1,1
7651,37,Male,HR,Analyst,5,10004,19,5,No,24,1,2,3,3,2,0.33,1,0
7652,33,Male,Sales,Technician,2,9083,5,1,Yes,12,7,3,2,3,2,0.57,0,0
7653,29,Male,R&D,Engineer,5,7075,15,5,No,38,1,1,2,1,4,0.08,0,1
7654,54,Female,Marketing,Sales Executive,3,14734,15,4,No,16,9,4,3,2,1,0.07,1,0
7655,28,Female,Sales,Manager,3,14566,13,9,No,24,1,4,3,4,4,0.46,0,0
7656,54,Male,IT,Engineer,3,5942,14,4,No,17,4,3,1,1,3,0.7,0,1
7657,30,Female,Sales,HR Specialist,3,14739,11,4,No,32,3,4,2,2,3,0.22,1,0
7658,31,Male,HR,Analyst,3,12905,17,1,No,20,0,2,2,4,4,0.52,1,0
7659,22,Female,Finance,Analyst,2,14893,10,5,Yes,35,7,2,2,3,2,0.44,0,1
7660,58,Male,Marketing,Analyst,1,14077,6,6,No,30,3,4,2,2,1,0.45,0,1
7661,33,Male,Marketing,Sales Executive,4,8172,5,8,Yes,22,8,3,3,2,1,0.7,1,0
7662,47,Female,R&D,HR Specialist,2,5617,2,4,Yes,31,1,3,3,4,4,0.6,0,0
7663,30,Female,HR,Sales Executive,4,11225,8,4,No,37,1,1,1,3,4,0.47,1,1
7664,58,Female,Marketing,Manager,1,12003,14,8,No,24,5,3,1,3,1,0.27,0,0
7665,44,Female,Marketing,Engineer,5,12199,1,5,Yes,24,1,2,3,3,3,0.59,0,0
7666,40,Female,Finance,Engineer,1,14388,3,6,No,13,1,2,4,2,4,0.14,1,1
7667,29,Female,IT,Consultant,1,8230,1,3,No,25,5,3,2,3,3,0.42,1,0
7668,34,Female,IT,Analyst,5,10661,5,3,Yes,31,5,2,4,1,3,0.13,0,1
7669,38,Female,IT,Consultant,4,3324,11,0,No,36,7,3,1,2,2,0.32,0,1
7670,41,Male,Sales,Analyst,3,5277,6,4,No,14,9,1,4,3,4,0.64,1,0
7671,40,Female,IT,Manager,5,3624,8,1,No,20,0,3,4,4,2,0.79,1,0
7672,51,Female,IT,Sales Executive,5,9249,5,4,No,39,0,4,3,1,3,0.24,0,0
7673,42,Male,Sales,Technician,1,11427,4,4,No,28,6,3,2,4,3,0.64,1,0
7674,32,Male,Finance,Technician,5,2118,3,3,Yes,25,8,2,3,4,2,0.27,1,1
7675,24,Male,HR,Technician,2,12075,9,9,No,38,6,3,3,2,1,0.42,0,0
7676,23,Male,Marketing,HR Specialist,3,9303,19,8,Yes,11,3,4,1,1,2,0.91,1,1
7677,47,Female,R&D,Manager,1,9940,3,4,No,18,8,3,4,2,1,0.1,0,0
7678,33,Female,Marketing,Engineer,4,12196,4,5,Yes,39,5,3,3,3,1,0.98,0,1
7679,27,Male,IT,Engineer,4,10979,16,0,No,19,9,1,3,1,4,0.64,0,1
7680,28,Male,IT,Sales Executive,4,8520,17,4,No,3,0,3,1,3,2,0.61,0,1
7681,54,Female,Marketing,Consultant,4,4475,2,8,No,27,5,1,3,2,3,0.21,0,0
7682,56,Female,Marketing,Manager,4,4767,12,5,No,23,9,3,1,2,2,0.19,1,1
7683,40,Female,IT,HR Specialist,1,11619,0,8,Yes,35,5,2,4,1,2,0.92,0,0
7684,37,Female,Sales,Manager,2,2242,18,3,Yes,38,0,2,3,3,1,0.16,0,1
7685,52,Male,Sales,Manager,2,7080,1,1,No,13,7,4,4,4,3,0.17,0,0
7686,27,Female,Sales,Sales Executive,4,14230,3,8,Yes,26,4,3,3,2,3,0.7,0,1
7687,36,Male,R&D,HR Specialist,2,7464,15,3,Yes,14,3,3,4,4,2,0.7,0,0
7688,50,Male,HR,Technician,3,6722,15,1,Yes,35,9,3,2,3,2,0.4,0,1
7689,53,Male,IT,Engineer,2,14105,16,0,Yes,6,0,3,1,3,3,0.91,1,1
7690,25,Female,Finance,Analyst,5,10207,11,1,Yes,8,4,3,2,3,3,0.92,0,0
7691,41,Male,Marketing,Consultant,4,6611,1,4,Yes,15,0,3,2,1,2,0.84,0,1
7692,33,Female,Marketing,Technician,5,8409,9,2,Yes,8,2,1,4,3,4,0.02,1,0
7693,22,Male,IT,HR Specialist,5,10114,5,5,No,16,9,3,2,1,3,0.3,0,0
7694,31,Female,IT,Engineer,4,8703,11,3,No,29,0,2,4,2,4,0.29,1,1
7695,55,Male,IT,Technician,1,4782,11,1,Yes,34,9,3,4,3,1,0.07,0,0
7696,31,Male,Marketing,Sales Executive,2,8859,16,6,Yes,29,2,4,2,1,3,0.89,0,1
7697,21,Female,IT,Consultant,3,8163,17,5,Yes,35,1,4,4,4,1,0.99,0,0
7698,21,Female,Marketing,HR Specialist,1,3823,3,7,No,10,3,3,1,1,2,0.14,1,1
7699,34,Male,HR,HR Specialist,3,6923,2,9,Yes,1,6,3,3,4,4,0.29,0,1
7700,42,Male,Finance,Engineer,4,10202,16,4,No,5,0,3,2,4,1,0.03,1,0
7701,48,Female,Sales,Engineer,2,7139,8,2,No,3,6,3,1,1,4,0.12,1,0
7702,36,Male,Finance,Manager,1,10470,11,3,Yes,39,5,2,4,1,3,0.5,0,0
7703,51,Female,IT,Manager,4,13134,6,4,Yes,14,3,3,3,1,1,0.37,0,0
7704,26,Female,Finance,HR Specialist,1,14620,15,4,No,27,8,3,3,4,4,0.42,0,0
7705,49,Male,IT,Analyst,5,7666,7,5,No,29,6,4,2,1,3,0.67,0,0
7706,47,Female,Finance,Sales Executive,2,7520,2,8,No,1,9,1,1,1,4,0.1,0,0
7707,33,Male,R&D,Engineer,2,8921,12,3,Yes,18,9,3,2,3,1,0.85,0,1
7708,49,Female,Finance,Manager,4,12983,19,6,Yes,3,4,2,4,4,3,0.87,1,0
7709,36,Female,Sales,Sales Executive,4,4085,8,6,No,26,1,3,3,1,2,0.16,1,0
7710,51,Male,Sales,Consultant,4,7069,8,5,Yes,21,0,3,3,4,2,0.63,0,0
7711,25,Female,Finance,Technician,2,3106,3,0,No,24,1,3,1,4,4,0.69,0,0
7712,43,Male,Marketing,Technician,5,10223,13,8,No,20,8,3,4,2,3,0.17,1,1
7713,25,Female,Marketing,HR Specialist,2,13317,17,5,No,29,1,3,3,2,4,0.37,0,1
7714,46,Female,Marketing,Engineer,4,10928,0,2,Yes,18,4,2,4,1,1,0.69,0,0
7715,37,Female,Finance,Technician,3,3848,18,1,No,3,7,2,3,4,2,0.67,0,0
7716,43,Female,Marketing,Consultant,5,13224,1,2,No,33,7,3,4,2,1,0.84,0,0
7717,56,Male,HR,Engineer,2,5608,4,0,Yes,18,8,2,4,2,3,0.13,0,0
7718,43,Female,Finance,Manager,3,14332,13,2,No,37,3,3,4,2,1,0.32,0,0
7719,57,Female,Sales,Technician,5,10107,8,4,No,21,9,2,4,4,2,0.75,1,0
7720,53,Female,Marketing,Analyst,2,4677,19,3,No,19,6,4,1,4,3,0.25,0,0
7721,59,Male,R&D,Technician,4,2293,19,9,No,23,8,1,4,4,4,0.54,0,1
7722,34,Male,Marketing,Engineer,2,5196,14,0,No,20,6,3,2,4,3,0.14,0,0
7723,30,Male,Sales,Analyst,5,3571,19,4,No,24,0,2,1,2,1,0.16,0,1
7724,41,Male,HR,Sales Executive,4,13240,0,2,No,19,5,3,1,3,3,0.26,1,0
7725,43,Female,Finance,Technician,1,13131,18,9,No,26,1,4,2,1,1,0.29,0,0
7726,20,Female,Marketing,Engineer,3,8566,3,6,No,33,6,3,3,1,1,0.04,0,0
7727,37,Female,R&D,Technician,4,14454,13,9,Yes,32,8,3,4,3,1,0.86,0,0
7728,31,Male,Sales,Technician,4,2268,0,7,Yes,35,6,2,1,3,1,0.04,0,1
7729,47,Male,R&D,Engineer,5,9073,4,4,No,25,7,1,2,4,2,0.76,1,1
7730,59,Female,IT,Analyst,5,11339,9,9,Yes,33,1,2,1,1,2,0.29,0,1
7731,26,Female,Sales,Manager,3,5342,8,7,Yes,24,9,3,1,2,1,0.4,0,1
7732,42,Female,IT,Consultant,5,7177,16,5,Yes,9,4,1,4,3,1,0.58,0,0
7733,40,Male,R&D,Technician,4,2879,13,5,Yes,37,9,2,2,4,2,0.22,1,0
7734,53,Female,Finance,HR Specialist,3,2058,6,4,Yes,37,0,3,2,2,2,0.08,0,0
7735,30,Female,Finance,Sales Executive,3,12689,17,9,No,11,2,2,3,3,4,0.96,0,0
7736,41,Male,Finance,Engineer,2,5891,9,5,No,21,0,3,2,4,2,0.83,0,0
7737,54,Male,IT,Technician,4,2216,3,0,No,17,1,4,2,2,2,0.76,0,1
7738,48,Female,Finance,Consultant,4,7700,13,7,Yes,16,3,4,4,3,1,0.53,1,0
7739,47,Male,HR,Manager,5,9649,2,4,Yes,5,5,4,4,3,3,0.64,0,0
7740,37,Female,Sales,Engineer,4,14531,10,7,Yes,10,0,3,2,4,2,0.86,0,0
7741,33,Female,Sales,Technician,5,8246,9,2,Yes,13,8,2,3,4,1,0.39,0,1
7742,37,Female,R&D,Sales Executive,4,14804,7,9,Yes,6,0,3,3,3,3,0.1,1,1
7743,47,Female,Marketing,HR Specialist,2,9978,8,5,No,37,7,1,3,2,2,0.84,0,1
7744,43,Male,IT,Engineer,4,12503,5,0,No,16,0,3,3,3,2,0.06,1,0
7745,27,Male,Sales,Technician,2,8384,13,0,Yes,6,0,3,3,1,2,0.92,0,1
7746,27,Male,IT,Analyst,4,6956,8,3,Yes,29,7,4,1,1,4,0.72,0,0
7747,23,Female,R&D,Manager,4,2733,13,9,Yes,25,1,2,3,4,4,0.45,1,1
7748,46,Female,Finance,HR Specialist,1,7950,7,5,Yes,23,0,2,4,2,1,0.62,0,0
7749,55,Female,Marketing,Engineer,4,7348,5,2,Yes,11,6,3,2,3,1,0.54,0,1
7750,24,Male,R&D,Technician,2,7571,5,4,Yes,29,0,2,4,3,3,0.4,1,0
7751,52,Male,HR,HR Specialist,3,9074,1,9,No,21,3,4,2,1,3,0.13,1,1
7752,53,Female,Finance,Analyst,2,12694,4,3,No,26,9,3,2,2,4,0.81,1,0
7753,49,Male,Finance,Engineer,4,14831,2,9,No,37,9,3,4,4,1,0.59,0,1
7754,27,Male,Finance,HR Specialist,5,4421,10,2,No,11,8,3,4,1,1,0.7,0,0
7755,58,Male,R&D,Engineer,1,5377,6,8,No,38,9,3,4,2,2,0.21,1,0
7756,45,Male,HR,Engineer,5,10565,8,3,Yes,24,2,3,3,1,4,0.2,1,0
7757,56,Female,Marketing,HR Specialist,1,9104,12,9,No,17,5,4,2,4,2,0.84,0,0
7758,53,Male,IT,Engineer,1,8783,15,6,Yes,9,9,2,3,2,4,0.55,0,0
7759,26,Female,R&D,Analyst,5,2111,11,4,No,8,8,1,2,4,2,0.45,0,0
7760,59,Male,Sales,HR Specialist,4,12732,7,6,No,30,3,2,1,3,4,0.09,0,1
7761,47,Female,Sales,Technician,2,10485,13,4,No,7,2,3,3,3,2,0.43,0,0
7762,58,Female,R&D,Consultant,5,4469,13,2,Yes,37,4,2,2,2,2,0.7,1,1
7763,58,Male,IT,HR Specialist,3,4198,4,5,Yes,23,6,3,2,2,2,0.1,1,1
7764,47,Female,Sales,Analyst,1,7293,9,8,No,9,4,3,2,2,4,0.03,0,0
7765,33,Female,IT,Analyst,2,13460,13,5,No,19,3,4,2,2,2,0.55,0,0
7766,57,Male,Finance,Analyst,3,9581,16,3,No,8,0,3,1,2,4,0.32,0,0
7767,23,Female,R&D,Technician,2,10359,3,0,No,14,5,2,4,1,2,0.91,0,1
7768,37,Male,Finance,Technician,4,13345,14,2,Yes,28,3,4,1,2,2,0.59,0,1
7769,44,Female,Sales,Consultant,3,2069,10,2,Yes,35,5,1,4,4,2,0.3,0,0
7770,26,Male,IT,Consultant,5,7956,8,1,Yes,7,5,4,3,3,2,0.31,0,0
7771,57,Male,Finance,Engineer,2,11617,14,9,No,6,3,1,1,2,1,0.13,1,1
7772,47,Male,Sales,Engineer,5,8074,19,1,No,30,7,1,4,3,2,0.44,0,0
7773,24,Male,HR,Sales Executive,5,4572,1,7,Yes,37,3,3,3,3,3,0.07,0,1
7774,22,Male,Finance,Consultant,2,3654,0,7,No,16,4,3,3,1,3,0.44,0,0
7775,50,Female,HR,Consultant,2,4259,19,2,Yes,1,4,2,1,4,1,0.12,0,0
7776,39,Female,HR,Engineer,1,2101,16,3,Yes,17,1,4,4,3,1,0.68,0,0
7777,38,Male,Marketing,Analyst,1,7908,3,4,Yes,7,7,3,4,4,1,0.65,0,1
7778,30,Female,Sales,Sales Executive,3,11923,4,8,Yes,35,7,2,3,4,4,0.84,0,1
7779,59,Female,R&D,Consultant,3,7708,4,4,No,5,9,3,3,2,3,0.92,1,1
7780,22,Female,IT,Analyst,3,3361,13,5,Yes,27,7,4,4,3,1,0.65,0,1
7781,42,Male,Sales,Manager,1,10524,0,6,Yes,30,0,2,4,1,1,0.15,0,1
7782,26,Male,Marketing,Consultant,5,12444,1,1,No,35,6,4,1,2,2,0.51,1,0
7783,42,Female,Marketing,Technician,4,14516,9,3,No,16,2,2,4,4,3,0.94,1,0
7784,26,Male,Finance,HR Specialist,4,5260,4,5,Yes,6,0,1,1,3,3,0.2,0,0
7785,53,Male,IT,Manager,2,3122,8,3,Yes,16,4,2,4,2,1,0.39,1,0
7786,38,Female,Marketing,Technician,1,3957,12,4,No,8,3,1,4,3,1,0.75,0,0
7787,28,Male,R&D,Technician,2,12151,12,2,No,20,6,2,4,4,3,0.76,0,0
7788,37,Male,Sales,Analyst,4,10651,8,1,No,31,0,2,2,2,2,0.95,0,1
7789,44,Male,R&D,Engineer,2,11409,13,0,No,20,0,3,2,1,2,0.25,1,0
7790,33,Male,Finance,HR Specialist,1,8698,16,2,Yes,9,7,2,2,1,3,0.86,0,1
7791,44,Male,Sales,Engineer,1,6985,2,9,No,30,3,3,1,4,1,0.05,0,0
7792,38,Female,Finance,Engineer,1,8779,17,8,No,13,8,4,3,3,1,0.15,0,0
7793,58,Male,IT,Consultant,4,2930,11,0,Yes,26,9,1,1,4,3,0.94,0,0
7794,34,Male,IT,HR Specialist,1,10502,8,7,No,2,9,3,3,1,3,0.88,0,0
7795,35,Female,R&D,HR Specialist,3,4889,15,4,Yes,24,4,2,3,3,1,0.06,1,0
7796,46,Female,R&D,Manager,3,7959,12,3,No,13,5,3,4,1,3,0.07,0,1
7797,59,Male,IT,Analyst,1,9139,17,4,No,16,1,3,3,3,3,0.35,1,1
7798,29,Female,HR,Engineer,3,3758,11,6,Yes,18,2,4,1,2,3,0.4,0,1
7799,23,Male,IT,Analyst,1,10081,1,7,Yes,16,6,4,4,3,3,0.47,0,1
7800,38,Female,Sales,Analyst,4,6341,18,1,Yes,2,6,2,2,3,1,0.55,1,1
7801,47,Male,Finance,Consultant,3,10146,0,5,Yes,1,5,3,3,3,1,0.13,0,0
7802,40,Female,IT,Sales Executive,4,2471,5,3,No,10,3,2,4,2,4,0.99,0,0
7803,33,Male,IT,Manager,3,6417,17,7,Yes,25,9,3,2,1,1,0.96,0,1
7804,52,Female,Marketing,Engineer,5,14428,2,3,Yes,14,3,4,4,1,4,0.41,0,1
7805,29,Male,Finance,Technician,5,5180,5,2,Yes,17,7,1,2,2,2,0.49,0,0
7806,38,Male,Marketing,HR Specialist,4,12552,3,4,No,18,8,3,4,1,1,0.36,0,0
7807,49,Male,Finance,HR Specialist,3,9816,16,3,Yes,7,7,3,2,2,3,0.65,1,1
7808,41,Female,Sales,Analyst,5,3144,17,4,No,21,7,4,2,1,2,0.7,0,1
7809,22,Female,Finance,Manager,1,2098,6,8,Yes,29,4,2,2,3,2,0.54,0,1
7810,56,Male,R&D,Manager,2,5649,1,2,Yes,27,1,3,3,3,2,0.92,0,0
7811,37,Male,IT,Engineer,5,2493,14,1,No,4,9,1,3,3,4,0.35,0,0
7812,30,Male,Finance,Engineer,5,4157,16,1,No,12,1,3,3,4,3,0.26,0,0
7813,21,Male,Sales,Analyst,1,6579,5,8,No,22,1,3,1,2,3,0.66,1,1
7814,31,Female,Finance,Analyst,5,4177,7,6,Yes,34,5,2,4,4,2,0.16,0,1
7815,25,Female,IT,Analyst,5,11615,7,9,Yes,26,9,3,4,2,2,0.58,0,1
7816,59,Female,HR,Sales Executive,5,10697,6,3,Yes,28,4,3,1,1,2,0.32,1,1
7817,48,Male,Finance,Manager,3,8912,3,5,No,19,3,2,1,4,2,0.14,0,1
7818,49,Male,R&D,Analyst,5,14497,19,9,No,31,3,3,2,2,3,0.32,0,1
7819,21,Female,IT,Consultant,2,10552,4,5,Yes,14,7,4,4,1,4,0.2,0,1
7820,28,Female,Sales,Manager,3,10345,7,2,No,23,9,2,4,3,1,0.63,1,0
7821,21,Female,IT,Technician,3,10107,13,8,No,17,1,2,3,1,2,0.05,0,0
7822,48,Female,Marketing,HR Specialist,4,2532,19,3,Yes,23,4,3,2,4,2,0.82,0,0
7823,52,Male,HR,HR Specialist,5,7666,2,0,Yes,17,6,2,1,1,2,0.58,0,0
7824,29,Male,Sales,Manager,2,12203,17,1,Yes,8,6,3,4,3,2,0.86,0,0
7825,53,Male,HR,Technician,2,4357,14,4,Yes,38,7,2,4,3,4,0.16,1,0
7826,27,Female,HR,HR Specialist,4,12975,4,7,Yes,10,2,1,2,2,4,0.47,0,1
7827,56,Male,R&D,HR Specialist,2,8779,14,6,Yes,30,1,3,2,1,3,0.67,0,1
7828,52,Female,Finance,HR Specialist,3,3969,5,8,Yes,7,7,3,2,4,1,0.15,1,1
7829,25,Female,R&D,Engineer,1,6971,9,0,Yes,2,8,3,1,2,2,0.01,0,1
7830,59,Female,R&D,Technician,3,12539,19,1,Yes,22,0,3,2,1,4,0.94,0,1
7831,38,Female,Marketing,Engineer,1,14628,14,9,Yes,5,8,3,3,4,1,0.78,0,0
7832,51,Female,R&D,Manager,2,9171,19,3,No,3,7,3,2,1,2,0.78,0,0
7833,46,Male,Sales,Manager,5,2634,8,6,Yes,9,6,3,2,3,1,0.92,0,0
7834,20,Male,Finance,Sales Executive,1,4601,3,0,Yes,5,7,3,1,3,1,0.58,0,0
7835,52,Male,Finance,Engineer,3,3192,7,4,Yes,20,2,4,2,4,1,0.64,0,0
7836,59,Female,Sales,Manager,3,14707,12,1,No,29,1,2,3,1,3,0.21,1,0
7837,51,Male,R&D,Engineer,3,10928,16,1,No,6,3,2,3,2,2,0.47,0,0
7838,24,Female,R&D,Sales Executive,3,12628,3,1,Yes,4,6,3,1,2,4,0.16,0,1
7839,36,Male,HR,Manager,4,11400,1,8,Yes,36,1,4,4,1,1,0.1,1,1
7840,27,Female,HR,Manager,2,12250,4,9,Yes,21,6,4,4,3,2,0.26,0,1
7841,53,Female,Marketing,Manager,5,7804,1,4,No,17,6,2,1,1,2,0.46,0,0
7842,28,Male,IT,Manager,4,2607,15,7,No,15,9,3,2,4,4,0.64,0,1
7843,42,Female,HR,Analyst,2,8421,14,9,Yes,27,8,3,2,3,4,0.5,0,1
7844,54,Male,Finance,Technician,1,7258,3,5,Yes,39,2,4,2,4,3,0.89,1,1
7845,26,Male,Sales,Technician,4,5065,14,0,Yes,19,8,1,4,4,3,0.33,0,0
7846,34,Male,R&D,Engineer,4,13941,4,9,No,3,6,3,2,3,3,0.85,1,0
7847,39,Female,IT,Engineer,4,9866,2,8,No,28,7,3,2,1,1,0.44,1,1
7848,44,Female,HR,Engineer,4,9253,13,6,No,22,2,1,2,1,4,0.14,1,1
7849,22,Female,IT,Sales Executive,1,6326,6,1,Yes,6,4,4,2,2,3,0.87,0,0
7850,43,Female,Sales,Consultant,3,7570,14,7,No,31,6,2,3,3,1,0.49,0,0
7851,53,Male,Sales,Analyst,4,4037,4,1,Yes,5,7,4,3,3,2,0.14,0,0
7852,41,Female,IT,Consultant,2,4185,8,1,No,13,5,1,1,1,2,0.19,0,1
7853,30,Male,IT,Engineer,3,11188,12,3,Yes,34,5,4,1,2,4,0.07,0,1
7854,27,Male,Marketing,Engineer,1,12770,6,7,Yes,10,4,3,1,4,3,0.64,0,0
7855,58,Female,IT,Manager,5,9505,3,6,Yes,28,3,2,2,2,2,0.36,0,1
7856,54,Female,R&D,Consultant,1,3179,6,1,Yes,21,6,3,3,1,1,0.97,0,0
7857,57,Male,Finance,Manager,5,6702,0,9,No,37,9,2,2,3,4,0.54,1,1
7858,27,Female,HR,Consultant,2,8935,14,5,Yes,36,4,2,4,3,1,0.25,0,0
7859,56,Male,HR,Consultant,5,12112,14,3,No,28,7,2,2,2,3,0.59,0,1
7860,46,Female,HR,Manager,4,13423,17,9,No,13,0,4,4,4,3,0.98,0,0
7861,47,Female,IT,Engineer,3,11524,14,0,No,36,7,2,3,2,4,0.02,0,0
7862,59,Male,IT,Manager,3,4744,2,7,No,1,4,3,4,3,4,0.17,1,1
7863,53,Male,Marketing,Engineer,4,4260,4,7,Yes,9,3,3,2,2,3,0.93,1,1
7864,51,Male,IT,Consultant,3,8120,4,5,Yes,20,5,4,1,4,3,0.02,0,0
7865,34,Female,Marketing,Sales Executive,1,5498,15,9,No,17,6,1,4,1,4,0.96,0,0
7866,36,Female,Marketing,Sales Executive,4,5413,9,6,Yes,3,2,4,4,3,3,0.63,0,1
7867,52,Female,R&D,HR Specialist,4,7478,12,2,Yes,32,3,3,4,4,2,0.23,1,0
7868,35,Male,R&D,Analyst,3,7798,14,8,Yes,35,6,3,4,2,3,0.09,0,1
7869,48,Male,R&D,Manager,5,10097,7,3,No,6,6,4,2,2,2,0.1,0,0
7870,28,Female,R&D,Technician,2,2205,19,1,No,6,2,1,3,3,3,0.84,0,0
7871,52,Male,Sales,Manager,5,7380,6,3,Yes,25,8,3,1,2,4,0.82,0,1
7872,48,Female,R&D,Analyst,1,3809,13,1,Yes,28,2,3,4,2,2,0.83,1,1
7873,32,Male,R&D,Consultant,4,11091,5,3,Yes,39,7,4,2,4,3,0.96,1,0
7874,40,Female,R&D,Analyst,4,10939,7,1,No,1,7,4,2,4,2,0.39,0,0
7875,40,Female,Marketing,Consultant,1,12821,14,7,No,16,2,3,2,1,4,0.92,0,1
7876,24,Female,HR,HR Specialist,2,12634,16,5,No,20,6,2,1,4,3,0.16,1,0
7877,29,Male,HR,Analyst,4,14624,4,7,No,24,2,3,4,2,3,0.94,0,1
7878,25,Male,HR,Engineer,5,8942,11,0,Yes,15,1,2,1,4,4,0.24,0,0
7879,32,Female,Finance,Manager,1,11953,12,8,No,10,6,3,1,2,1,0.41,0,1
7880,20,Female,Sales,Analyst,4,14566,2,1,Yes,12,7,2,4,4,1,0.52,1,0
7881,39,Female,Marketing,Engineer,5,4296,18,7,No,37,8,4,2,1,2,0.8,0,1
7882,27,Female,IT,Analyst,1,6928,14,3,No,35,0,3,3,3,4,0.39,0,0
7883,29,Female,Marketing,Technician,1,11923,17,1,Yes,27,8,2,3,1,2,0.34,0,1
7884,28,Female,R&D,Engineer,1,7149,19,0,Yes,13,1,1,3,1,3,0.98,0,1
7885,22,Male,HR,Sales Executive,2,5998,6,3,No,30,2,3,3,2,3,0.07,1,1
7886,30,Male,Marketing,Engineer,1,7934,13,9,No,3,7,1,2,3,3,0.03,0,1
7887,31,Male,Sales,HR Specialist,3,13151,19,0,Yes,35,1,3,1,1,3,0.06,0,1
7888,29,Male,R&D,Consultant,3,2938,18,7,No,12,6,1,4,4,1,0.91,1,1
7889,44,Female,Finance,Engineer,1,7250,10,1,No,29,7,4,2,2,3,0.23,0,1
7890,44,Female,IT,Analyst,4,14811,6,7,No,30,9,3,1,2,1,0.04,0,1
7891,30,Female,R&D,Sales Executive,3,6555,10,9,Yes,22,4,3,2,2,4,0.73,0,0
7892,55,Male,IT,Sales Executive,5,8538,7,0,No,17,2,3,2,3,4,0.64,0,0
7893,58,Male,Marketing,Engineer,5,9695,9,6,Yes,27,8,3,4,4,4,0.79,0,1
7894,45,Female,R&D,Analyst,4,8556,10,6,No,22,7,3,4,2,2,0.52,0,1
7895,33,Male,Finance,Sales Executive,5,4164,0,4,No,7,2,3,4,4,2,0.18,1,0
7896,58,Male,Marketing,Technician,4,7268,19,2,No,11,7,3,1,4,1,0.29,0,0
7897,59,Female,Sales,Engineer,5,8252,9,5,Yes,16,2,3,1,4,2,0.06,1,0
7898,20,Female,IT,Engineer,1,8121,6,4,Yes,36,5,1,4,2,3,0.7,0,0
7899,23,Female,IT,Consultant,5,4873,2,8,Yes,22,0,3,2,2,2,0.65,0,0
7900,49,Male,Sales,Engineer,1,3450,18,3,Yes,37,3,3,1,4,2,0.68,0,0
7901,31,Female,IT,Sales Executive,5,7105,3,8,No,3,7,4,1,3,1,0.98,0,1
7902,54,Female,Marketing,Manager,5,7636,5,9,Yes,35,5,3,4,1,4,0.06,0,0
7903,32,Female,HR,Analyst,5,3203,0,5,No,38,4,4,2,4,2,0.07,1,0
7904,50,Male,Sales,HR Specialist,1,9052,3,8,Yes,38,5,2,4,2,3,0.74,0,0
7905,57,Male,Finance,HR Specialist,5,12064,6,2,No,24,6,2,3,3,3,0.97,0,0
7906,42,Female,R&D,Analyst,5,6491,10,0,No,34,0,3,2,4,1,0.54,0,0
7907,23,Female,R&D,Manager,2,5024,5,5,No,35,2,3,2,4,1,0.81,0,0
7908,35,Male,Sales,Consultant,1,8144,4,3,Yes,11,0,3,4,1,4,0.61,0,0
7909,26,Male,HR,Consultant,3,4055,11,9,No,15,8,3,2,3,3,0.93,0,1
7910,41,Female,Marketing,Consultant,4,4191,1,3,Yes,14,3,3,4,1,2,0.2,1,0
7911,48,Male,Finance,Consultant,2,11870,17,3,Yes,17,1,3,2,1,2,0.36,1,0
7912,30,Female,R&D,Analyst,5,9832,8,0,No,21,4,3,3,3,1,0.61,1,0
7913,52,Female,R&D,Engineer,3,14574,13,4,Yes,28,1,2,1,3,3,0.2,0,1
7914,48,Male,Marketing,Technician,3,12729,11,8,Yes,38,6,2,3,4,3,0.83,1,0
7915,58,Female,HR,Analyst,5,11857,8,2,No,22,3,1,1,4,3,0.8,0,0
7916,31,Female,IT,Analyst,5,6728,0,1,Yes,34,4,4,3,3,3,0.72,0,0
7917,26,Male,Sales,Technician,2,7690,6,1,Yes,1,8,3,2,4,2,0.62,0,1
7918,58,Female,HR,Sales Executive,1,6824,6,9,Yes,23,1,2,4,2,2,0.22,0,1
7919,45,Male,HR,HR Specialist,2,14318,9,6,No,32,4,3,3,1,4,0.87,0,1
7920,59,Female,HR,HR Specialist,1,5011,1,5,Yes,4,3,1,4,4,4,0.58,0,0
7921,28,Female,HR,Engineer,3,9619,3,1,No,6,2,3,3,4,1,0.21,0,0
7922,53,Male,IT,Technician,4,10435,7,0,No,16,0,4,2,4,1,0.74,0,0
7923,32,Male,Marketing,Consultant,5,10331,13,6,Yes,10,5,3,3,3,1,0.03,0,1
7924,55,Male,Finance,Consultant,2,4448,12,5,No,35,6,3,1,3,3,0.22,0,0
7925,44,Male,HR,Engineer,3,2724,15,4,No,24,0,4,2,4,1,0.23,1,1
7926,43,Male,HR,Sales Executive,2,11756,6,4,Yes,10,5,3,1,2,1,0.29,0,1
7927,36,Male,Sales,Engineer,1,14451,9,9,Yes,12,0,3,4,1,2,0.03,0,0
7928,21,Female,R&D,Technician,5,2103,10,2,Yes,33,5,4,1,1,3,0.84,0,1
7929,32,Male,IT,Technician,1,6047,10,4,No,27,3,3,2,4,1,0.1,0,1
7930,50,Female,HR,Manager,1,2062,5,5,Yes,25,5,3,1,4,1,0.83,0,1
7931,48,Male,Finance,Sales Executive,1,4062,11,6,Yes,10,0,3,1,3,4,0.18,0,1
7932,47,Female,Finance,Technician,3,14061,9,6,No,25,0,3,4,1,3,0.84,0,0
7933,46,Female,Finance,Technician,5,5565,8,9,Yes,32,2,1,2,2,1,0.03,1,1
7934,34,Male,Sales,Sales Executive,4,12418,5,9,Yes,26,5,3,4,4,2,0.78,0,0
7935,50,Female,Finance,Consultant,2,11738,8,7,Yes,4,2,1,4,3,4,0.53,0,0
7936,59,Female,Marketing,Analyst,1,8584,2,4,No,9,6,3,2,2,4,0.22,0,0
7937,34,Female,Sales,Consultant,5,8668,6,3,Yes,27,3,4,3,3,1,0.41,0,0
7938,52,Male,IT,Analyst,2,6822,2,6,No,9,8,3,2,1,2,0.1,1,1
7939,39,Male,Finance,Manager,5,14264,19,1,No,26,6,2,3,3,4,0.14,0,0
7940,31,Female,R&D,Consultant,2,6833,7,7,Yes,11,3,1,2,3,2,0.37,0,0
7941,56,Male,HR,Technician,5,5646,7,3,Yes,38,8,1,1,2,3,0.41,1,1
7942,28,Male,IT,Sales Executive,4,11982,12,9,Yes,32,4,3,4,4,3,0.78,0,0
7943,42,Female,Marketing,Sales Executive,5,2129,1,0,Yes,30,3,3,1,2,3,0.76,0,0
7944,27,Female,R&D,Analyst,5,5015,13,1,No,39,1,4,2,1,1,0.24,0,1
7945,51,Male,IT,Consultant,1,9669,4,0,Yes,9,8,4,3,4,3,0.18,0,1
7946,33,Male,Marketing,HR Specialist,1,7290,12,4,No,11,9,3,2,2,4,0.17,0,0
7947,46,Male,Finance,HR Specialist,1,2926,12,0,Yes,23,7,2,3,3,4,0.59,0,1
7948,44,Female,IT,Technician,5,3980,18,8,Yes,17,5,3,4,2,2,0.58,1,1
7949,32,Male,IT,Analyst,4,7525,2,3,No,32,0,1,2,2,1,0.1,0,1
7950,40,Male,IT,Technician,2,11917,13,9,No,11,7,3,3,3,4,0.34,1,0
7951,50,Male,Sales,Engineer,1,3819,3,2,No,22,3,4,2,1,4,0.87,0,1
7952,56,Female,R&D,Sales Executive,3,7107,9,8,Yes,32,0,3,1,1,2,0.94,0,0
7953,24,Female,Marketing,Consultant,5,14736,5,3,Yes,9,2,3,3,2,2,0.97,0,1
7954,32,Female,Finance,Consultant,4,12399,5,0,Yes,17,5,4,3,4,3,0.69,0,1
7955,47,Male,HR,Technician,4,13480,1,1,No,25,1,3,1,3,4,0.04,0,1
7956,44,Male,Finance,Manager,1,6783,1,3,No,16,7,2,4,1,2,0.49,0,0
7957,54,Female,Finance,Consultant,1,4895,18,0,No,33,4,1,2,4,2,0.24,0,0
7958,58,Male,Sales,HR Specialist,3,3756,2,5,No,2,4,3,4,4,4,0.89,1,0
7959,26,Male,Sales,Technician,3,12729,19,6,Yes,39,0,2,2,4,3,0.04,0,0
7960,57,Male,IT,Engineer,1,4327,3,0,No,12,8,4,2,2,2,0.11,0,0
7961,51,Female,Finance,Sales Executive,2,12320,3,5,Yes,34,1,4,2,4,1,0.29,0,0
7962,22,Male,R&D,Consultant,1,5196,10,2,No,25,8,4,3,1,4,0.7,0,0
7963,58,Male,Sales,Engineer,1,12409,2,6,Yes,14,9,3,2,1,2,0.94,1,1
7964,56,Female,Marketing,Technician,4,5653,16,1,Yes,9,9,3,2,2,2,0.39,0,0
7965,41,Male,Sales,Sales Executive,1,13353,8,1,Yes,30,0,4,1,4,2,0.34,0,0
7966,27,Female,R&D,Sales Executive,1,12619,13,3,Yes,12,9,2,1,4,3,0.78,0,1
7967,36,Male,Sales,Analyst,1,8254,1,7,Yes,10,7,3,3,3,4,0.9,0,1
7968,46,Female,R&D,Analyst,2,6259,13,2,Yes,24,2,3,4,4,2,0.09,0,0
7969,52,Female,HR,Manager,4,2414,2,7,Yes,34,2,3,3,3,2,0.99,1,1
7970,36,Male,R&D,Manager,5,14286,1,6,No,12,6,4,4,1,4,0.51,0,1
7971,31,Male,HR,Consultant,5,14442,0,4,No,26,6,3,1,2,2,0.99,0,0
7972,46,Female,Marketing,Engineer,5,8337,3,3,No,32,6,4,4,3,2,0.01,1,0
7973,27,Male,IT,Analyst,5,10146,9,9,No,35,6,1,2,1,3,0.89,1,1
7974,42,Female,IT,Sales Executive,4,12027,14,9,No,13,2,4,3,3,3,0.1,1,0
7975,48,Male,Sales,Analyst,1,12260,11,1,No,19,7,3,1,4,2,0.78,0,0
7976,39,Male,R&D,Sales Executive,5,4870,5,8,Yes,13,0,3,1,4,2,0.0,0,1
7977,35,Male,Sales,Analyst,1,11214,2,3,Yes,22,2,3,1,2,2,0.14,1,0
7978,36,Male,R&D,Sales Executive,5,8252,2,4,Yes,23,7,2,4,1,4,0.16,1,1
7979,35,Female,Sales,Engineer,2,2398,18,1,Yes,1,1,3,3,1,3,0.61,1,1
7980,38,Female,IT,Analyst,1,13169,19,1,No,8,6,3,3,1,2,0.69,0,1
7981,27,Male,Marketing,HR Specialist,4,13111,3,1,No,39,3,2,2,3,1,0.09,0,0
7982,57,Male,IT,HR Specialist,2,5970,18,9,Yes,34,5,3,4,3,3,0.41,0,0
7983,57,Male,Sales,Sales Executive,2,10320,13,1,No,13,8,3,3,4,3,0.7,1,0
7984,48,Male,R&D,Engineer,4,11724,3,8,No,10,7,3,4,3,4,0.91,0,0
7985,55,Male,Finance,Sales Executive,2,8570,7,4,No,3,3,3,1,3,2,0.19,1,1
7986,45,Female,Marketing,Engineer,1,3050,18,5,Yes,28,6,2,2,2,2,0.42,0,1
7987,50,Female,R&D,Manager,3,4952,18,3,Yes,27,2,3,2,1,4,0.23,1,0
7988,31,Male,Sales,Analyst,3,2343,0,1,No,21,8,4,3,4,2,0.04,0,0
7989,36,Female,R&D,Engineer,5,11616,14,2,No,11,1,4,3,1,4,0.46,0,0
7990,34,Female,HR,Sales Executive,5,2603,10,2,No,24,5,4,3,2,1,0.42,0,0
7991,28,Male,R&D,Consultant,1,11782,8,9,Yes,12,4,3,3,2,4,0.82,0,0
7992,58,Female,IT,Consultant,4,9036,2,7,No,7,3,1,4,1,4,0.89,0,0
7993,31,Female,IT,Manager,1,6828,17,7,No,32,1,4,4,4,4,0.35,1,0
7994,51,Female,HR,Consultant,5,7932,18,5,Yes,10,8,3,2,3,2,0.71,1,0
7995,44,Female,Marketing,Sales Executive,2,6251,15,9,No,28,4,4,1,4,3,0.58,0,0
7996,58,Male,R&D,HR Specialist,1,8583,15,7,Yes,26,0,3,2,4,3,0.77,0,1
7997,37,Female,Marketing,HR Specialist,1,4148,2,2,Yes,29,4,4,1,3,2,0.15,0,1
7998,34,Female,Finance,Analyst,4,8044,17,6,Yes,27,6,2,1,1,3,0.81,0,0
7999,51,Female,R&D,Technician,5,2747,12,4,No,10,2,4,3,1,4,0.6,0,0
8000,25,Male,IT,Analyst,1,10691,19,8,No,4,6,4,1,2,1,0.77,0,0
8001,54,Female,IT,Consultant,2,5356,7,8,No,22,5,2,4,2,1,0.42,0,1
8002,53,Female,Marketing,Manager,2,7188,6,4,Yes,10,6,3,2,1,1,0.01,1,0
8003,57,Female,Sales,Consultant,3,7898,18,5,No,4,8,1,3,4,2,0.92,0,0
8004,24,Male,IT,HR Specialist,5,2385,19,0,No,7,1,3,4,2,3,0.73,0,0
8005,37,Male,Sales,Engineer,2,6233,11,3,Yes,23,1,3,2,3,3,0.69,0,0
8006,35,Male,IT,HR Specialist,4,14535,17,0,Yes,3,0,1,2,1,3,0.47,0,1
8007,27,Male,IT,Technician,5,8246,14,3,No,24,1,3,3,4,3,0.04,1,0
8008,44,Male,Finance,Analyst,2,3735,11,0,Yes,37,2,3,4,3,2,0.14,0,1
8009,51,Female,Sales,Sales Executive,1,4557,5,9,No,30,6,3,1,2,3,0.44,1,1
8010,45,Male,Sales,Consultant,5,6822,16,3,No,12,2,3,4,2,4,0.79,0,0
8011,41,Female,IT,Manager,2,3178,3,5,No,21,7,2,2,2,2,0.89,0,0
8012,50,Male,Sales,Technician,1,2879,11,8,Yes,17,2,1,1,1,4,0.46,0,1
8013,29,Male,IT,HR Specialist,3,3505,16,1,No,3,1,4,4,3,3,0.99,0,0
8014,31,Male,IT,Engineer,5,7328,4,1,Yes,15,9,3,1,1,1,0.98,1,0
8015,47,Female,Marketing,Technician,5,3006,5,5,No,36,9,3,2,3,2,0.36,0,1
8016,25,Female,R&D,Engineer,2,7297,14,9,Yes,32,3,1,1,2,2,0.06,1,1
8017,39,Female,Sales,Engineer,3,5657,7,5,Yes,9,3,3,3,3,3,0.49,0,1
8018,24,Male,HR,Manager,4,7109,19,2,No,22,4,4,4,1,4,0.98,0,1
8019,42,Male,Marketing,Engineer,2,12497,15,1,No,36,4,3,2,4,4,0.37,0,0
8020,28,Male,Sales,Engineer,2,2272,12,2,Yes,32,2,3,2,1,3,0.35,0,1
8021,48,Male,Sales,HR Specialist,4,4895,14,3,Yes,5,0,3,4,3,4,0.3,0,1
8022,35,Male,Finance,Manager,4,5095,19,3,No,4,7,3,4,2,3,0.95,0,0
8023,41,Male,HR,Sales Executive,4,13064,12,6,Yes,5,9,3,1,3,4,0.19,0,1
8024,27,Female,HR,Sales Executive,4,3606,14,3,No,7,1,2,2,2,1,0.44,0,0
8025,39,Female,Finance,Engineer,4,14882,1,9,No,11,4,1,1,1,4,0.2,1,1
8026,33,Male,Finance,Technician,1,4447,19,5,No,39,1,2,4,1,1,0.11,0,0
8027,58,Female,Sales,Analyst,1,8496,17,5,No,6,5,1,1,1,2,0.44,0,1
8028,56,Female,R&D,Manager,4,13043,6,9,No,29,6,3,4,1,2,0.81,0,0
8029,53,Female,Finance,Consultant,3,3324,8,2,Yes,17,6,4,2,3,2,0.01,0,0
8030,30,Male,HR,Analyst,3,12249,6,8,Yes,28,0,3,2,4,4,0.49,0,0
8031,59,Male,HR,Manager,4,5902,8,9,Yes,38,8,3,4,2,4,0.51,1,1
8032,52,Male,Sales,Manager,1,9210,11,4,No,19,0,4,2,2,1,0.08,0,0
8033,50,Male,R&D,HR Specialist,3,5122,9,9,No,12,7,4,2,2,2,0.98,0,0
8034,53,Female,IT,Engineer,1,12958,9,8,Yes,38,0,3,4,3,2,0.2,0,1
8035,26,Male,Finance,HR Specialist,2,12346,12,9,Yes,19,2,1,1,1,2,0.91,1,0
8036,42,Male,Finance,Technician,1,6866,4,5,No,33,9,3,4,1,3,0.23,0,0
8037,26,Male,Sales,Consultant,4,3729,7,5,Yes,5,3,3,4,2,4,0.52,0,0
8038,44,Female,Marketing,Analyst,5,7354,9,8,Yes,1,8,4,1,1,4,0.8,1,1
8039,22,Female,Marketing,Analyst,4,6585,5,9,Yes,35,7,4,4,1,1,0.95,0,1
8040,57,Female,R&D,Sales Executive,2,4722,10,4,No,35,4,4,4,3,4,0.4,0,0
8041,39,Female,HR,Technician,1,14762,3,2,Yes,31,3,3,4,1,4,0.07,1,0
8042,53,Female,HR,Consultant,3,6676,1,2,No,36,9,3,1,3,2,0.02,1,1
8043,49,Male,IT,Technician,4,4894,5,1,No,35,8,3,4,3,4,0.87,0,0
8044,36,Female,HR,HR Specialist,3,13555,12,1,Yes,12,0,2,3,2,2,0.48,0,1
8045,29,Female,Marketing,HR Specialist,1,12032,11,5,Yes,18,5,1,1,2,1,0.15,1,1
8046,54,Male,Marketing,Technician,2,9648,13,7,Yes,28,7,3,1,2,4,0.46,0,1
8047,39,Male,Finance,HR Specialist,4,3961,7,7,Yes,13,6,3,3,4,3,0.22,1,1
8048,37,Male,IT,Sales Executive,3,8568,2,7,Yes,30,7,4,4,3,2,0.7,1,1
8049,46,Female,R&D,Consultant,4,14616,4,9,Yes,17,2,1,4,1,3,0.41,0,1
8050,55,Male,IT,Consultant,4,6862,6,6,No,9,4,1,4,1,2,0.73,0,1
8051,42,Female,R&D,HR Specialist,3,14793,17,1,No,39,0,4,2,1,4,0.77,0,1
8052,51,Male,Marketing,HR Specialist,2,4675,5,9,Yes,22,7,2,2,3,2,0.37,0,1
8053,29,Female,HR,Consultant,4,3939,17,1,Yes,15,1,3,1,2,2,0.66,0,1
8054,30,Female,Sales,Technician,2,14765,7,9,No,29,9,2,4,1,3,0.77,1,0
8055,57,Female,IT,Consultant,2,2013,6,6,Yes,16,2,4,1,4,1,0.05,0,1
8056,25,Female,IT,Technician,1,13250,1,3,Yes,20,9,3,3,4,1,0.19,1,0
8057,53,Male,Finance,HR Specialist,3,2745,3,5,Yes,25,1,1,4,3,3,0.98,0,1
8058,55,Male,Finance,HR Specialist,1,10162,8,8,No,24,0,2,4,4,2,0.01,0,0
8059,56,Female,Marketing,Technician,5,12202,15,4,Yes,16,1,4,1,3,3,0.31,0,1
8060,36,Male,R&D,Analyst,1,12805,18,9,No,16,9,4,4,2,1,0.78,0,1
8061,59,Female,Sales,Engineer,4,6570,9,3,No,25,1,1,2,1,1,0.32,0,0
8062,59,Male,Finance,Analyst,4,9709,7,2,No,1,5,3,4,1,1,0.82,1,0
8063,31,Male,Finance,HR Specialist,4,4946,15,6,Yes,33,3,3,2,1,2,0.13,1,1
8064,40,Female,HR,Manager,5,14811,7,6,Yes,7,9,3,4,1,1,0.88,0,1
8065,59,Female,HR,Manager,2,5182,19,6,Yes,38,3,2,1,2,4,0.47,0,1
8066,38,Male,Marketing,Sales Executive,4,5486,3,4,Yes,28,0,4,4,1,3,0.04,0,0
8067,22,Female,Marketing,Analyst,1,8564,19,9,No,39,9,3,1,4,2,0.62,0,0
8068,37,Male,Finance,Technician,2,6506,12,7,Yes,28,1,1,3,3,1,0.28,1,0
8069,38,Male,R&D,Sales Executive,1,6078,9,1,Yes,32,2,3,4,3,1,0.7,0,0
8070,25,Male,Sales,Sales Executive,1,3907,8,3,Yes,24,8,3,3,4,2,0.9,1,0
8071,35,Female,Finance,Manager,4,5991,11,0,Yes,8,4,3,1,4,1,0.08,1,0
8072,27,Female,R&D,Analyst,1,3647,14,5,No,32,3,1,4,2,2,0.24,0,1
8073,37,Male,R&D,Engineer,5,6776,0,5,No,28,9,3,3,2,2,0.39,0,0
8074,58,Female,Finance,Consultant,2,4663,11,2,No,3,2,3,2,3,1,0.96,0,1
8075,31,Female,R&D,Technician,4,10127,13,0,No,7,9,2,2,3,2,0.41,0,1
8076,29,Male,IT,Analyst,4,3882,1,4,No,6,0,2,3,3,2,0.11,1,0
8077,26,Female,R&D,Sales Executive,1,2328,2,0,No,29,0,4,2,3,3,0.3,0,0
8078,20,Female,Finance,HR Specialist,1,6367,5,2,Yes,14,9,3,2,1,1,0.02,1,1
8079,55,Male,R&D,Sales Executive,3,14462,18,7,Yes,19,7,3,4,1,4,0.19,0,0
8080,40,Female,Finance,Analyst,3,12397,12,9,No,25,9,2,2,3,1,0.61,1,1
8081,56,Male,HR,Manager,4,6717,19,8,No,37,8,4,2,3,2,0.17,1,1
8082,43,Female,Finance,Consultant,4,11879,7,2,No,18,2,4,3,1,1,0.92,0,1
8083,44,Female,R&D,Analyst,1,14521,3,8,Yes,4,8,3,2,2,3,0.71,1,0
8084,26,Male,Finance,Engineer,5,14428,18,6,No,1,7,3,1,3,3,0.69,0,1
8085,36,Male,Sales,Technician,5,7600,6,7,No,33,0,3,3,4,3,0.45,0,1
8086,48,Female,Finance,Technician,1,4166,6,5,Yes,28,5,4,4,4,3,0.78,1,1
8087,49,Male,Finance,HR Specialist,3,2381,0,4,No,19,8,4,3,3,1,0.19,0,0
8088,26,Male,Sales,HR Specialist,3,13784,18,9,Yes,33,3,4,2,2,2,0.44,0,1
8089,52,Female,Sales,Sales Executive,5,11625,16,7,No,15,8,2,1,1,2,0.99,0,1
8090,26,Male,Sales,Analyst,4,6144,7,1,Yes,23,1,3,2,3,3,0.29,0,1
8091,43,Female,Marketing,Technician,1,5881,14,6,Yes,29,9,3,2,2,3,0.41,1,1
8092,30,Female,IT,Manager,4,10108,19,0,Yes,39,8,3,3,2,3,0.22,1,0
8093,28,Male,Marketing,Engineer,3,13633,18,6,Yes,14,0,1,2,3,1,0.08,0,0
8094,31,Female,Finance,Sales Executive,5,13596,6,5,No,30,3,2,1,2,2,0.4,0,1
8095,54,Male,Marketing,Analyst,4,14436,12,3,No,2,4,4,4,4,4,0.15,1,0
8096,23,Female,Marketing,Manager,3,12396,0,2,Yes,13,1,3,3,2,2,0.51,1,1
8097,55,Male,Sales,Analyst,3,8747,6,8,No,28,5,4,1,3,4,0.75,1,1
8098,47,Male,Sales,Manager,3,4199,4,5,Yes,31,7,2,2,4,2,0.85,0,0
8099,32,Female,HR,Consultant,4,5532,17,5,No,12,1,2,2,4,1,0.17,1,0
8100,42,Male,Marketing,Analyst,2,14663,7,0,No,13,8,3,4,3,3,0.9,1,0
8101,38,Male,IT,Analyst,5,4729,14,4,Yes,3,1,3,1,2,3,0.36,0,1
8102,56,Male,Finance,Consultant,3,10787,17,6,No,29,0,3,1,3,3,0.45,0,1
8103,58,Female,R&D,Technician,4,10038,5,3,No,30,5,2,4,3,2,0.58,1,0
8104,43,Female,IT,Sales Executive,1,5910,4,1,Yes,12,4,4,2,4,1,0.15,1,1
8105,35,Male,IT,Analyst,5,5496,10,8,No,21,9,4,2,2,1,0.84,0,1
8106,52,Male,HR,Analyst,1,13311,7,5,Yes,2,2,2,2,3,1,0.79,1,1
8107,31,Female,Finance,Sales Executive,1,9502,8,8,Yes,16,2,3,3,1,2,0.47,1,1
8108,53,Female,Finance,Sales Executive,4,5800,12,7,No,32,7,2,1,3,3,0.32,0,1
8109,26,Female,Sales,HR Specialist,2,10162,2,0,No,28,3,4,4,1,2,0.5,0,0
8110,30,Male,Sales,HR Specialist,4,4636,2,1,Yes,9,0,3,3,4,1,0.65,0,0
8111,50,Female,IT,Technician,4,13262,6,1,Yes,17,3,4,1,2,4,0.7,1,1
8112,48,Male,HR,Sales Executive,5,4823,2,1,No,19,5,3,4,2,1,0.44,0,0
8113,32,Female,Finance,Consultant,4,3492,10,3,Yes,7,1,3,4,3,3,0.03,0,1
8114,50,Male,HR,Engineer,5,5316,13,6,Yes,36,6,4,2,3,4,0.71,0,0
8115,21,Female,R&D,Technician,3,8775,9,6,No,1,0,3,2,2,3,0.32,0,1
8116,58,Male,Finance,Manager,5,5902,19,0,Yes,36,9,2,4,4,2,0.88,0,0
8117,34,Female,Sales,Sales Executive,4,12501,8,7,Yes,39,8,3,2,3,1,0.42,1,1
8118,30,Female,IT,HR Specialist,3,6937,11,3,No,1,1,4,2,4,2,0.8,0,0
8119,53,Male,HR,Analyst,3,9417,7,7,Yes,24,8,1,1,4,1,0.37,1,1
8120,58,Female,Sales,Sales Executive,2,6584,11,9,No,10,0,3,4,4,1,0.37,1,1
8121,23,Female,IT,Sales Executive,4,14052,8,8,Yes,11,3,4,4,3,1,0.76,0,0
8122,30,Female,Sales,HR Specialist,1,13405,17,6,Yes,38,4,3,4,4,2,0.54,0,1
8123,48,Female,Finance,HR Specialist,4,8394,16,2,No,22,7,2,2,2,1,0.26,0,0
8124,21,Male,HR,Engineer,1,10172,10,2,Yes,31,4,4,1,2,4,0.84,0,1
8125,35,Male,R&D,Technician,2,8457,1,4,No,1,0,3,4,1,3,0.63,0,0
8126,58,Female,Marketing,HR Specialist,4,5296,18,6,Yes,11,0,4,3,4,3,0.63,0,1
8127,32,Male,Sales,HR Specialist,2,7784,13,6,Yes,6,1,3,2,4,4,0.78,0,0
8128,56,Male,Marketing,HR Specialist,1,9223,2,8,No,17,8,3,4,1,2,0.63,0,0
8129,36,Male,HR,Technician,5,13784,5,0,No,14,0,2,4,4,1,0.26,0,0
8130,40,Male,Finance,Analyst,4,11715,3,2,No,32,2,3,3,2,3,0.01,0,1
8131,38,Male,Sales,Sales Executive,3,10164,11,0,No,20,7,4,1,2,3,0.79,0,0
8132,26,Female,Finance,Sales Executive,3,13747,1,5,No,4,0,4,4,1,1,0.96,0,0
8133,57,Male,R&D,HR Specialist,2,14451,5,9,No,39,3,2,1,2,4,0.72,0,1
8134,27,Female,R&D,Consultant,5,7560,4,6,No,22,7,3,1,2,1,0.83,0,0
8135,32,Male,IT,Consultant,3,2974,4,1,Yes,29,5,3,4,2,3,0.86,0,1
8136,56,Female,IT,Technician,3,8276,7,8,Yes,37,5,3,3,3,3,0.25,0,0
8137,21,Female,IT,Engineer,4,8224,4,4,No,13,0,3,4,4,3,0.36,0,0
8138,30,Female,Finance,HR Specialist,3,8493,7,2,Yes,15,6,1,1,1,4,0.73,0,1
8139,43,Male,IT,Technician,1,3670,0,6,No,35,0,4,1,4,3,0.44,0,1
8140,25,Male,HR,Technician,2,14421,19,6,No,25,2,3,3,1,1,0.64,1,1
8141,45,Female,Marketing,Engineer,3,9118,8,0,Yes,3,0,3,2,1,2,0.27,0,1
8142,26,Female,Marketing,Technician,4,10184,13,5,Yes,12,7,4,3,4,1,0.71,0,0
8143,58,Male,Finance,Sales Executive,1,7171,1,2,Yes,14,3,3,3,4,2,0.59,1,1
8144,38,Male,Finance,Engineer,3,8637,10,6,No,32,4,1,1,2,1,0.96,1,0
8145,25,Female,IT,Engineer,2,6805,3,4,No,4,0,3,3,2,1,0.92,0,0
8146,48,Male,Marketing,Manager,2,8761,3,3,No,29,0,2,1,3,2,0.56,0,0
8147,58,Male,Marketing,Engineer,2,14086,16,9,Yes,31,9,4,4,4,3,0.25,0,1
8148,21,Male,IT,Engineer,3,4803,15,6,No,32,0,2,2,1,3,0.39,1,0
8149,38,Male,Finance,Analyst,1,11723,6,6,No,24,2,3,4,4,1,0.74,1,0
8150,23,Male,R&D,Sales Executive,5,5816,11,7,No,11,5,3,1,4,2,0.42,1,0
8151,25,Male,R&D,HR Specialist,2,7133,16,4,No,30,4,2,3,2,4,0.82,0,1
8152,56,Female,IT,Manager,1,12404,4,3,No,19,9,2,3,2,3,0.24,0,0
8153,47,Female,R&D,Engineer,4,14848,7,0,No,36,6,3,4,3,1,0.77,0,0
8154,49,Female,HR,Analyst,4,6079,19,3,No,6,0,4,3,2,4,0.78,0,0
8155,26,Female,HR,Analyst,1,10075,4,9,Yes,2,7,3,2,1,1,0.18,0,0
8156,28,Female,HR,Technician,4,10773,10,0,Yes,39,4,3,4,1,1,0.09,1,0
8157,44,Female,Finance,HR Specialist,4,8262,18,6,No,19,5,2,2,1,3,0.6,0,1
8158,52,Male,Finance,HR Specialist,2,9818,18,5,No,18,1,4,1,1,4,0.77,1,1
8159,20,Male,Finance,Consultant,3,5557,3,6,Yes,36,8,3,3,3,1,0.94,0,0
8160,25,Female,Finance,Sales Executive,3,9350,10,7,Yes,20,2,3,2,4,1,0.68,0,1
8161,37,Female,Finance,Consultant,3,13721,18,5,No,37,4,3,4,2,3,0.68,1,0
8162,29,Female,IT,Technician,3,4382,4,1,Yes,1,9,3,1,3,4,0.43,0,1
8163,47,Male,R&D,Engineer,1,7681,1,1,Yes,23,7,2,1,3,4,0.32,0,0
8164,30,Male,IT,Analyst,2,12876,18,8,No,38,0,3,3,1,4,0.42,1,1
8165,52,Male,R&D,Manager,1,2230,16,5,No,20,3,2,3,4,2,0.7,0,1
8166,20,Male,IT,Sales Executive,4,8454,19,5,No,4,4,3,2,1,1,0.98,0,0
8167,32,Female,HR,Engineer,2,3883,17,0,No,38,5,3,3,4,4,0.69,0,1
8168,56,Female,Sales,Technician,5,14290,14,7,No,5,2,3,4,4,4,0.58,0,1
8169,39,Female,Finance,HR Specialist,3,12103,15,7,No,6,3,3,2,4,4,0.41,0,1
8170,20,Female,Sales,Technician,4,8031,11,3,No,26,2,2,2,2,1,0.39,0,1
8171,22,Male,Sales,Engineer,3,10876,7,6,No,1,3,3,4,1,1,0.43,0,1
8172,37,Male,HR,Technician,3,6176,5,8,Yes,15,6,4,4,3,2,0.49,1,1
8173,33,Female,Sales,HR Specialist,3,12147,17,0,Yes,16,8,3,2,3,3,0.43,0,0
8174,50,Male,Sales,Engineer,5,11490,10,4,No,23,8,2,1,3,4,0.87,0,0
8175,46,Male,HR,Manager,4,6483,5,7,No,22,4,1,2,2,2,0.02,0,0
8176,36,Male,R&D,Consultant,3,6922,16,6,Yes,5,5,3,2,4,3,0.56,0,0
8177,48,Male,IT,Sales Executive,3,3368,9,9,No,5,8,2,4,4,4,0.84,0,0
8178,55,Female,Marketing,Technician,2,4266,18,3,Yes,6,3,3,2,3,4,0.44,0,0
8179,56,Male,Sales,HR Specialist,3,2651,14,2,No,2,6,3,1,4,1,0.87,0,0
8180,45,Female,Finance,Manager,2,4110,15,0,Yes,10,2,3,4,4,2,0.6,0,1
8181,36,Male,HR,Analyst,4,5098,16,2,No,36,8,3,3,2,4,0.28,0,0
8182,41,Male,Sales,Manager,4,4755,6,1,No,35,8,3,2,1,1,0.22,1,1
8183,44,Female,Marketing,Manager,4,9548,18,4,Yes,23,9,4,1,2,3,0.04,0,1
8184,21,Female,R&D,Manager,2,13927,7,0,No,16,4,2,3,1,1,0.7,1,0
8185,41,Male,R&D,HR Specialist,5,6048,7,3,Yes,37,3,3,1,1,3,0.65,1,1
8186,24,Male,Marketing,Analyst,5,3177,4,7,Yes,35,9,3,2,1,3,0.78,1,1
8187,23,Female,Finance,Sales Executive,3,12449,10,8,Yes,16,9,1,4,2,1,0.96,0,1
8188,55,Male,Sales,Manager,4,9749,1,0,Yes,5,8,1,4,2,2,0.33,0,0
8189,25,Male,Finance,HR Specialist,1,11234,17,2,Yes,11,4,3,1,1,4,0.24,0,1
8190,40,Female,R&D,HR Specialist,3,4556,3,5,Yes,29,0,2,1,4,1,0.28,1,1
8191,32,Male,R&D,Sales Executive,5,13876,11,4,No,11,1,4,4,3,4,0.56,0,1
8192,56,Male,IT,Consultant,5,8794,3,0,Yes,16,9,3,3,4,2,0.47,1,0
8193,44,Male,R&D,Engineer,4,13127,4,1,Yes,25,6,3,4,3,3,0.09,0,0
8194,45,Male,HR,Analyst,2,11815,16,1,Yes,3,2,3,3,4,1,0.22,0,0
8195,58,Male,IT,Analyst,3,9596,18,6,No,3,0,1,1,1,1,0.56,0,0
8196,39,Female,Finance,Technician,2,4084,9,5,No,1,8,1,4,3,2,0.97,1,0
8197,52,Male,R&D,Manager,5,12646,13,5,Yes,12,3,3,4,4,2,0.76,1,1
8198,33,Female,Marketing,Engineer,4,4471,14,0,Yes,7,2,2,2,4,3,0.98,0,1
8199,55,Female,HR,Consultant,5,6778,13,0,No,32,4,1,1,2,2,0.72,1,0
8200,36,Male,IT,Analyst,4,4385,15,3,No,22,0,3,1,1,2,0.99,1,0
8201,40,Female,HR,Consultant,1,10157,7,9,No,12,0,3,4,3,4,0.25,0,0
8202,35,Male,IT,Technician,2,11486,8,5,Yes,6,0,3,3,3,2,0.92,0,0
8203,35,Female,IT,Manager,3,14260,7,5,Yes,38,6,3,4,3,4,0.67,0,0
8204,39,Female,IT,Engineer,4,2918,10,4,Yes,39,6,3,3,2,4,0.6,0,1
8205,48,Female,Marketing,HR Specialist,1,6747,11,3,No,38,8,4,4,4,1,0.7,0,1
8206,47,Male,Finance,Manager,1,11795,13,1,Yes,21,4,1,3,2,2,0.57,0,1
8207,27,Female,IT,Engineer,2,13187,17,6,No,28,1,1,3,3,4,0.36,0,1
8208,43,Female,IT,Sales Executive,4,7736,11,5,No,32,8,3,3,3,3,0.81,0,1
8209,22,Female,HR,Analyst,3,7581,3,6,No,27,3,4,2,4,2,0.37,1,0
8210,44,Male,IT,Consultant,3,13578,12,2,Yes,15,4,3,2,3,1,0.43,0,0
8211,38,Male,Finance,Manager,3,3081,15,0,No,33,0,3,4,4,4,0.79,0,0
8212,52,Female,Marketing,Technician,5,10567,9,0,Yes,32,1,3,4,3,2,0.97,1,1
8213,21,Female,Marketing,HR Specialist,5,9866,10,3,Yes,34,7,3,1,1,2,0.31,1,1
8214,34,Female,HR,Technician,4,9623,11,3,No,7,1,3,3,3,2,0.98,0,0
8215,41,Female,IT,Consultant,3,8550,17,6,No,13,7,3,4,3,2,0.89,0,0
8216,29,Male,HR,Manager,1,11600,1,6,No,39,0,2,3,1,3,0.2,1,1
8217,37,Male,Marketing,Analyst,3,4103,18,3,Yes,6,8,3,1,1,4,0.16,1,0
8218,41,Male,Finance,Analyst,4,7635,4,6,No,9,8,3,3,3,3,0.82,0,1
8219,46,Female,HR,Engineer,3,7916,19,7,No,4,8,2,1,3,3,0.07,1,0
8220,32,Male,Finance,Technician,2,10208,9,8,No,30,5,3,4,1,2,0.98,0,0
8221,52,Female,R&D,Technician,3,2432,15,5,Yes,28,1,3,2,2,4,0.21,1,1
8222,24,Female,IT,HR Specialist,1,6050,11,3,Yes,21,0,1,2,2,4,0.02,1,1
8223,45,Female,Finance,Consultant,4,2236,8,9,Yes,12,5,3,4,4,2,0.66,0,0
8224,32,Male,IT,Engineer,4,2306,2,1,No,13,3,4,2,2,2,0.57,0,1
8225,46,Female,Finance,HR Specialist,1,7881,0,8,No,13,7,2,4,1,3,0.91,0,0
8226,33,Male,Sales,Manager,4,14720,4,6,Yes,27,7,3,4,4,2,0.14,0,0
8227,43,Female,Sales,Manager,3,2023,7,5,No,28,1,4,4,3,2,0.19,1,1
8228,22,Male,Sales,Technician,4,7419,16,3,Yes,18,1,4,4,2,3,0.73,0,1
8229,49,Female,Finance,Consultant,3,13501,0,3,No,37,3,1,2,2,2,0.39,0,0
8230,54,Male,Marketing,Engineer,4,11205,12,1,No,16,8,3,1,3,3,0.63,1,0
8231,33,Female,Marketing,Consultant,3,2680,5,0,Yes,21,5,3,4,1,4,0.03,0,0
8232,31,Male,IT,Sales Executive,3,12040,14,4,Yes,10,6,2,3,2,4,0.81,0,1
8233,47,Female,Sales,Analyst,1,3515,6,5,Yes,14,2,3,4,4,2,0.26,0,0
8234,48,Female,IT,Consultant,1,2951,7,9,Yes,28,6,3,1,2,3,0.53,0,1
8235,36,Female,Finance,Engineer,5,7407,2,8,No,29,2,2,4,3,4,0.69,1,1
8236,59,Male,IT,Consultant,1,2414,14,0,No,11,1,3,4,4,3,0.17,0,0
8237,40,Female,IT,Engineer,3,6848,3,4,Yes,30,1,2,3,3,2,0.08,0,0
8238,42,Female,Sales,Manager,3,11615,8,4,Yes,27,8,3,1,1,2,0.0,0,0
8239,39,Female,Marketing,Analyst,4,6511,10,8,No,3,6,3,2,3,4,0.06,0,1
8240,30,Male,HR,Consultant,4,6971,13,3,Yes,1,4,2,2,1,4,0.91,1,1
8241,53,Female,R&D,Consultant,5,6985,8,2,No,32,2,1,2,1,2,0.52,0,1
8242,29,Female,Finance,Consultant,3,9969,11,2,No,39,7,2,4,4,1,0.06,0,0
8243,29,Male,Finance,Engineer,5,9650,4,5,Yes,21,1,4,2,3,3,1.0,1,0
8244,25,Female,Finance,Consultant,3,7370,5,0,Yes,2,2,3,1,2,4,0.09,0,1
8245,55,Male,R&D,Manager,1,14964,18,0,Yes,10,4,4,2,2,4,0.92,1,1
8246,43,Female,HR,Manager,4,12639,4,0,No,31,0,3,3,4,3,0.22,0,0
8247,31,Male,Marketing,Technician,5,12380,0,6,No,18,5,3,4,2,3,0.7,0,0
8248,42,Male,IT,Technician,2,8521,9,4,No,7,1,3,3,4,3,0.23,0,0
8249,46,Male,Marketing,Engineer,3,13383,13,8,No,5,6,2,2,3,1,0.99,0,1
8250,56,Female,Finance,Engineer,1,7457,16,2,Yes,29,6,2,3,1,3,0.18,0,0
8251,25,Female,IT,Manager,2,2449,10,5,Yes,4,0,3,4,1,1,0.35,0,0
8252,20,Male,Sales,Technician,1,13127,3,6,No,3,3,3,1,3,3,0.14,0,0
8253,25,Female,Marketing,Consultant,1,9328,17,2,No,13,0,4,1,3,1,0.49,0,0
8254,41,Female,Sales,Consultant,3,13368,18,8,Yes,3,9,3,1,3,3,0.43,1,1
8255,43,Male,Sales,Engineer,1,10283,3,1,Yes,8,6,3,1,3,1,0.81,0,0
8256,44,Male,Marketing,Analyst,5,8628,11,6,No,4,4,3,4,4,3,0.85,0,0
8257,34,Male,Finance,Manager,2,9586,13,9,No,35,7,4,1,2,1,0.86,0,1
8258,45,Male,R&D,Manager,1,14708,17,3,Yes,12,0,3,4,2,1,0.04,0,0
8259,27,Female,Finance,Engineer,1,12791,0,8,Yes,24,9,1,2,2,2,0.18,1,1
8260,43,Female,Sales,Engineer,4,4951,19,6,Yes,38,3,2,4,2,4,0.64,0,0
8261,57,Female,Sales,Engineer,4,5125,10,7,No,19,8,2,4,1,3,0.6,0,0
8262,25,Female,Finance,Consultant,5,8744,18,9,No,36,9,3,2,4,2,0.81,1,1
8263,54,Female,R&D,Consultant,4,13910,0,2,Yes,35,0,4,3,4,1,0.77,0,0
8264,20,Female,R&D,Analyst,1,3537,0,5,No,18,2,3,1,2,4,0.22,1,0
8265,55,Male,IT,Manager,1,5168,2,3,Yes,34,1,3,4,4,2,0.34,1,0
8266,31,Female,HR,Sales Executive,2,7687,13,3,No,25,8,4,2,4,2,0.57,1,0
8267,57,Female,Sales,Analyst,4,3895,7,1,No,7,9,4,3,3,1,0.86,0,0
8268,30,Female,R&D,Analyst,3,9803,14,9,Yes,11,4,2,4,3,2,0.53,0,0
8269,31,Male,Marketing,Consultant,4,10376,3,8,Yes,38,5,3,2,3,2,0.69,0,1
8270,58,Male,Sales,Technician,1,3456,10,0,No,19,7,2,1,2,2,0.39,0,1
8271,26,Female,HR,Manager,2,3494,7,0,Yes,35,8,3,1,4,2,0.1,1,0
8272,30,Male,Marketing,Consultant,4,7060,6,6,No,20,7,3,3,2,1,0.44,0,1
8273,55,Male,Sales,Sales Executive,2,11340,1,9,No,27,7,1,2,3,1,0.16,1,0
8274,50,Female,R&D,Manager,4,13597,7,6,Yes,31,0,1,3,4,2,0.36,0,0
8275,52,Female,IT,Analyst,5,11479,18,3,Yes,25,9,3,3,3,3,0.3,1,0
8276,32,Female,Finance,Engineer,1,12430,8,7,Yes,2,0,2,1,2,3,0.25,1,0
8277,37,Male,Marketing,Manager,1,12065,15,4,Yes,29,7,2,1,1,2,0.69,0,0
8278,43,Male,Finance,Manager,3,3750,7,5,Yes,37,0,3,4,3,1,0.2,0,0
8279,28,Female,R&D,Engineer,1,11436,7,3,No,31,4,2,3,2,4,0.68,0,0
8280,50,Male,R&D,Sales Executive,3,12438,10,2,Yes,6,3,3,1,3,4,0.04,0,0
8281,29,Male,Marketing,Sales Executive,1,8487,6,1,No,21,4,3,4,2,2,0.67,0,1
8282,21,Male,HR,Manager,4,2173,1,7,No,33,7,4,1,4,4,0.04,1,0
8283,57,Female,Marketing,Consultant,4,6312,4,4,Yes,9,9,3,2,2,1,0.18,1,0
8284,34,Female,Sales,Engineer,5,5277,17,9,Yes,10,7,1,3,1,3,0.5,1,1
8285,22,Female,HR,Technician,4,4021,10,5,No,22,3,4,1,4,4,0.99,1,1
8286,50,Female,Finance,Manager,2,7698,16,5,Yes,31,7,2,4,1,2,0.64,0,0
8287,25,Female,Sales,Engineer,4,3396,5,3,Yes,11,9,2,4,1,2,0.0,1,1
8288,22,Male,HR,Analyst,3,2173,12,8,Yes,19,4,3,4,1,1,0.78,0,0
8289,30,Male,Finance,Technician,5,8221,6,6,No,12,3,3,1,3,4,0.34,1,0
8290,34,Male,Sales,Engineer,2,13586,10,9,Yes,38,6,3,1,4,1,0.99,0,1
8291,47,Male,IT,Consultant,2,12815,17,7,Yes,16,2,2,1,4,3,0.61,0,1
8292,29,Male,Marketing,Manager,1,9551,5,6,No,13,4,3,1,4,3,0.93,1,1
8293,57,Male,Marketing,HR Specialist,3,13080,11,3,Yes,38,4,3,1,1,2,0.05,0,1
8294,26,Female,Marketing,Sales Executive,4,4246,2,8,No,13,4,3,4,1,2,0.37,1,1
8295,34,Female,IT,Manager,4,8745,18,1,Yes,15,1,4,3,4,4,0.29,0,1
8296,37,Male,HR,Engineer,1,5078,10,4,Yes,18,9,3,2,4,4,0.37,0,1
8297,37,Female,R&D,Technician,4,5051,1,1,Yes,16,6,3,4,3,1,0.3,0,0
8298,43,Male,Sales,Technician,2,6729,2,7,Yes,5,9,3,2,1,3,0.28,1,1
8299,21,Male,HR,Engineer,4,3699,16,8,Yes,27,6,3,3,4,3,0.48,0,1
8300,59,Female,R&D,Sales Executive,4,8668,4,2,No,2,7,3,1,1,2,0.78,0,1
8301,39,Female,Marketing,Manager,2,11154,1,4,No,27,6,1,1,3,4,0.65,1,0
8302,53,Male,Marketing,Technician,3,5091,11,8,No,1,0,2,3,4,4,0.37,0,0
8303,45,Female,Marketing,Technician,3,5784,4,5,Yes,14,8,3,4,4,3,0.59,0,0
8304,26,Male,R&D,HR Specialist,2,3844,12,2,Yes,35,3,1,1,2,1,0.91,0,1
8305,57,Male,Sales,Analyst,2,8397,6,5,No,23,0,1,2,3,1,0.27,1,0
8306,49,Male,Sales,HR Specialist,5,14885,10,8,No,22,9,2,2,2,1,0.5,0,0
8307,24,Male,R&D,Analyst,5,5251,4,9,Yes,27,1,2,3,2,3,0.91,0,0
8308,30,Male,Finance,Technician,4,9520,17,6,Yes,25,7,4,1,3,4,0.73,0,1
8309,20,Female,Marketing,Analyst,4,11942,5,3,No,34,7,2,1,4,4,0.17,0,0
8310,53,Male,HR,Manager,5,2892,2,3,No,27,8,2,1,3,1,0.79,0,1
8311,20,Female,Sales,Technician,4,10406,5,0,Yes,35,8,3,1,1,2,0.8,1,1
8312,38,Male,R&D,Technician,3,5429,15,2,Yes,21,9,3,2,4,3,0.75,0,0
8313,21,Female,Finance,Analyst,3,8745,2,8,Yes,39,7,4,2,1,3,0.6,0,0
8314,40,Male,IT,Engineer,1,5644,17,0,Yes,3,3,3,1,3,4,0.12,0,1
8315,39,Female,R&D,Analyst,5,12807,3,1,No,25,9,2,3,1,1,0.47,0,1
8316,42,Male,Finance,Analyst,3,7339,4,1,No,4,6,2,3,1,4,0.09,0,0
8317,40,Male,IT,Sales Executive,1,2605,8,7,Yes,15,8,4,2,3,4,0.52,0,0
8318,43,Female,Finance,Sales Executive,2,10743,3,5,Yes,3,5,1,3,2,3,0.41,0,0
8319,23,Female,Sales,Manager,3,6414,0,6,No,11,5,3,2,2,2,0.01,1,1
8320,31,Female,R&D,Manager,1,4513,10,3,No,28,0,3,2,2,2,0.78,0,0
8321,41,Female,IT,Engineer,4,9043,4,3,Yes,3,9,3,4,3,4,0.65,0,0
8322,39,Female,Finance,Sales Executive,1,3177,9,3,No,18,8,4,3,2,3,0.24,1,1
8323,37,Female,IT,HR Specialist,3,14638,2,5,No,9,1,3,4,2,4,0.64,0,0
8324,20,Male,HR,Manager,4,7181,14,3,No,15,2,3,4,3,3,0.54,0,0
8325,49,Male,R&D,Manager,4,3483,13,0,No,8,4,4,1,2,3,0.51,0,1
8326,52,Male,Sales,Sales Executive,1,5311,4,0,No,14,4,1,1,2,3,0.38,0,0
8327,43,Female,IT,Sales Executive,1,6285,7,7,Yes,38,4,3,2,4,3,0.04,0,1
8328,33,Female,Marketing,Engineer,3,9313,16,1,Yes,13,3,4,4,1,2,0.99,1,0
8329,55,Female,Finance,Sales Executive,4,11737,19,8,Yes,39,4,3,1,2,4,0.51,1,1
8330,24,Male,Marketing,Consultant,5,11688,18,9,No,10,2,3,2,1,4,0.05,1,1
8331,30,Female,IT,Analyst,1,14974,3,7,Yes,30,0,4,4,2,2,0.05,0,1
8332,43,Male,Marketing,Technician,5,10264,1,0,Yes,5,6,1,4,2,2,0.77,0,1
8333,50,Female,Finance,HR Specialist,5,7358,1,9,No,22,9,4,1,1,3,0.34,1,1
8334,32,Female,IT,Technician,4,8559,1,7,Yes,35,1,4,2,2,2,0.43,0,1
8335,35,Female,Sales,Analyst,3,14228,2,8,No,5,7,3,4,4,2,0.62,0,0
8336,43,Male,Sales,Consultant,5,12418,8,3,Yes,12,0,3,4,4,3,0.0,0,1
8337,32,Female,R&D,Consultant,3,3090,4,6,No,35,5,3,3,1,1,0.52,1,1
8338,43,Male,Sales,Analyst,1,11808,19,3,Yes,21,0,3,1,1,2,0.69,0,1
8339,45,Female,IT,Technician,4,14364,14,2,Yes,26,7,2,4,3,3,0.39,0,0
8340,21,Female,IT,Analyst,2,6802,3,0,No,1,1,3,4,2,3,0.16,0,1
8341,35,Female,Sales,Manager,4,11179,2,1,Yes,10,7,3,2,3,4,0.85,1,1
8342,57,Female,HR,Consultant,2,12307,8,6,No,38,3,3,4,4,2,0.4,0,0
8343,20,Male,IT,Technician,1,3591,9,5,Yes,24,2,1,4,1,4,1.0,0,0
8344,30,Female,R&D,Analyst,3,7901,16,7,Yes,31,1,1,3,2,4,0.54,0,0
8345,54,Male,HR,Manager,1,10079,19,2,Yes,23,3,4,3,4,4,0.13,0,1
8346,48,Female,Sales,Sales Executive,4,10779,7,5,No,21,9,3,3,4,1,0.08,1,1
8347,56,Female,Finance,Consultant,2,11034,18,5,Yes,2,9,3,3,2,4,0.21,1,1
8348,36,Female,IT,HR Specialist,2,5649,4,1,Yes,31,1,1,4,1,2,0.89,0,0
8349,58,Male,Finance,HR Specialist,4,13808,10,0,Yes,2,2,3,1,1,3,0.49,1,0
8350,47,Female,Marketing,Analyst,4,3565,3,1,Yes,30,1,2,4,2,3,0.83,0,1
8351,48,Male,R&D,HR Specialist,1,5609,3,8,Yes,25,1,1,1,4,3,0.67,0,1
8352,22,Male,HR,Manager,5,4929,14,5,No,19,9,3,1,4,3,0.86,0,1
8353,29,Female,Finance,Sales Executive,2,2721,7,2,No,1,8,4,4,2,3,0.52,0,0
8354,33,Male,R&D,Analyst,4,3804,12,9,Yes,37,0,3,4,3,3,0.82,0,1
8355,31,Female,Finance,Engineer,1,14611,19,6,Yes,28,2,2,4,2,4,0.94,0,0
8356,49,Male,Finance,Technician,5,13386,11,0,No,20,0,3,1,1,3,0.14,0,1
8357,51,Male,R&D,Consultant,3,2654,1,7,No,5,2,2,2,3,2,1.0,0,1
8358,51,Male,IT,HR Specialist,4,10336,0,9,Yes,30,0,3,3,3,4,0.74,0,0
8359,51,Male,Finance,HR Specialist,5,9684,13,6,Yes,23,8,3,2,1,4,0.57,0,0
8360,45,Female,R&D,Analyst,3,11888,19,2,No,27,4,3,2,2,1,0.99,1,0
8361,20,Male,Finance,Technician,3,8453,7,3,No,1,3,3,1,2,4,0.17,1,0
8362,21,Female,IT,Technician,1,6239,15,6,No,9,7,3,3,3,1,0.65,0,0
8363,36,Male,R&D,HR Specialist,2,12903,4,3,No,7,0,3,3,1,1,0.19,0,0
8364,49,Female,Finance,HR Specialist,4,2892,1,4,No,26,8,4,3,3,3,0.51,1,0
8365,58,Female,Sales,Engineer,5,12756,14,0,No,16,1,3,4,4,1,0.04,1,0
8366,26,Male,IT,Technician,3,6290,3,4,Yes,6,7,3,4,3,3,0.34,0,1
8367,46,Male,Finance,Manager,2,13746,3,9,No,37,6,4,2,4,4,0.87,0,0
8368,28,Female,HR,Consultant,3,3660,9,9,No,12,9,2,1,2,2,0.76,1,1
8369,41,Male,R&D,Analyst,4,13738,17,3,No,24,1,3,4,2,2,0.4,0,0
8370,53,Male,Finance,Analyst,4,6913,6,2,Yes,17,9,3,4,1,3,0.17,0,1
8371,20,Male,IT,Engineer,1,9336,4,8,Yes,2,9,2,2,3,1,0.06,0,1
8372,28,Male,IT,Consultant,4,12968,3,0,Yes,31,5,1,4,4,3,0.95,0,0
8373,39,Male,HR,Engineer,4,9350,14,9,Yes,37,4,3,1,1,3,0.43,0,0
8374,38,Male,HR,Manager,4,5920,17,4,No,29,6,3,2,4,4,0.72,0,1
8375,55,Male,Marketing,Sales Executive,2,11328,16,9,Yes,1,1,3,1,1,3,0.91,1,1
8376,59,Male,Marketing,Analyst,5,3299,5,1,No,14,9,3,3,2,2,0.74,0,1
8377,23,Male,Finance,Technician,5,4523,0,4,Yes,11,8,1,2,3,4,0.47,0,0
8378,28,Female,Sales,Consultant,4,13441,2,4,No,32,2,4,1,3,4,0.37,0,0
8379,41,Male,IT,HR Specialist,5,3660,8,9,Yes,20,0,4,3,1,1,0.87,0,0
8380,37,Male,Sales,Consultant,4,11506,4,0,Yes,2,7,1,4,1,4,0.32,0,1
8381,31,Male,Sales,Manager,5,10625,5,3,Yes,31,6,2,3,1,2,0.33,0,1
8382,58,Male,Finance,Analyst,5,9630,12,6,Yes,5,6,3,1,3,1,0.76,0,1
8383,28,Male,R&D,Technician,3,6512,2,0,Yes,32,3,2,4,2,2,0.59,0,0
8384,25,Female,R&D,Manager,2,3858,2,9,Yes,9,9,4,3,1,3,0.43,1,0
8385,38,Female,R&D,Sales Executive,3,10902,4,1,No,10,2,3,3,1,1,0.45,1,1
8386,26,Male,HR,Technician,3,10329,11,3,Yes,36,8,3,2,3,4,0.58,1,0
8387,35,Female,IT,Analyst,5,13752,19,9,No,26,2,3,4,2,4,0.44,0,0
8388,24,Male,HR,Consultant,1,3753,17,1,Yes,3,6,3,2,4,2,0.32,0,1
8389,35,Male,IT,HR Specialist,1,13048,6,1,No,36,6,3,1,4,2,0.91,0,0
8390,20,Female,Marketing,Technician,2,9335,19,0,No,23,9,3,1,2,1,0.51,0,1
8391,56,Female,IT,Analyst,4,8277,11,1,Yes,30,6,3,1,2,2,0.2,0,1
8392,58,Female,IT,Manager,5,3184,1,2,No,39,0,3,3,1,3,0.16,0,0
8393,38,Female,Finance,Sales Executive,2,8927,15,3,No,23,9,4,4,3,2,0.29,0,0
8394,56,Female,R&D,Technician,3,2733,1,0,No,23,1,2,1,3,4,0.99,0,0
8395,36,Male,HR,Manager,5,3851,7,0,No,36,1,2,2,2,3,0.92,0,0
8396,45,Male,Marketing,Manager,3,8520,0,6,Yes,25,2,1,3,4,1,0.09,0,0
8397,41,Male,HR,Engineer,2,11545,13,4,No,20,3,4,4,3,1,0.08,1,1
8398,27,Female,Finance,Manager,1,10586,9,6,No,38,0,2,2,2,3,0.38,1,1
8399,52,Male,IT,Consultant,2,7291,12,9,Yes,33,4,2,2,1,4,0.51,0,0
8400,21,Female,Marketing,Technician,5,4517,9,8,No,33,0,2,2,3,1,0.3,0,1
8401,49,Male,R&D,Sales Executive,5,9589,12,0,Yes,38,6,4,4,4,1,0.66,1,1
8402,39,Female,Sales,HR Specialist,4,5327,12,7,Yes,1,6,4,3,4,2,0.43,1,1
8403,37,Female,Sales,Engineer,1,14246,0,9,Yes,33,1,3,1,4,4,0.54,0,0
8404,29,Male,Finance,Manager,5,8124,4,3,Yes,38,3,3,1,2,2,0.28,0,0
8405,43,Male,R&D,Technician,1,4066,15,8,Yes,24,8,1,2,3,3,0.07,0,1
8406,23,Male,Sales,Consultant,5,2246,5,1,No,9,0,4,3,4,4,0.69,0,0
8407,56,Male,Sales,Consultant,1,7324,3,8,No,31,9,2,3,1,1,0.73,1,0
8408,23,Female,Marketing,Consultant,2,9587,9,7,No,38,5,1,2,1,2,0.47,0,1
8409,32,Male,Marketing,Analyst,1,5138,10,5,No,28,9,3,1,3,3,0.86,1,0
8410,44,Female,HR,Engineer,3,2341,1,4,Yes,23,0,2,3,3,4,0.31,0,1
8411,32,Male,R&D,Sales Executive,2,13163,8,2,No,30,5,4,1,4,1,0.72,0,0
8412,37,Male,Sales,Analyst,5,13960,13,0,No,18,0,1,4,1,2,0.58,0,1
8413,43,Male,Marketing,Sales Executive,5,4434,1,5,Yes,26,2,4,1,1,3,0.43,1,1
8414,21,Male,Marketing,Analyst,4,2341,4,9,Yes,33,3,3,3,3,1,0.21,0,1
8415,52,Male,Marketing,HR Specialist,3,2107,11,4,Yes,16,9,2,1,2,4,0.66,1,1
8416,38,Female,HR,Sales Executive,4,8820,0,7,No,29,4,4,3,4,3,0.16,0,1
8417,28,Male,R&D,Analyst,2,6728,18,0,Yes,16,6,3,2,2,1,0.73,0,1
8418,47,Female,IT,Consultant,4,7093,11,9,No,33,1,3,4,2,3,0.21,1,0
8419,54,Male,Marketing,Sales Executive,2,7521,11,0,No,39,5,2,3,1,2,0.02,0,1
8420,58,Female,R&D,Engineer,4,14883,19,6,Yes,38,3,4,4,1,3,0.3,0,0
8421,29,Male,Finance,Sales Executive,1,11988,4,7,No,23,5,4,4,1,1,0.86,1,1
8422,20,Male,HR,Technician,2,7226,19,9,No,26,6,3,1,4,1,0.03,0,1
8423,40,Male,IT,Sales Executive,2,9802,1,0,No,17,6,3,1,2,4,0.06,1,0
8424,28,Female,Marketing,Analyst,1,14872,13,8,No,38,4,2,4,2,4,0.53,0,0
8425,34,Female,Marketing,Sales Executive,1,12716,16,6,No,24,6,3,1,2,4,0.0,0,0
8426,54,Male,HR,HR Specialist,3,4384,14,6,Yes,19,2,1,2,1,3,0.64,0,0
8427,24,Male,HR,Manager,1,13723,16,7,No,27,9,3,2,4,2,0.62,1,0
8428,41,Male,Sales,Engineer,4,12552,1,7,No,2,4,2,1,1,4,0.22,0,0
8429,42,Female,Marketing,Technician,1,7920,7,0,No,8,4,2,4,2,1,0.44,0,0
8430,26,Male,R&D,Consultant,1,10800,9,3,Yes,15,1,4,4,3,3,0.77,0,0
8431,42,Female,HR,Analyst,2,7923,2,8,No,13,3,4,2,1,3,0.2,0,1
8432,44,Male,HR,Consultant,2,7468,10,2,Yes,27,1,3,3,1,3,0.6,1,1
8433,46,Female,Finance,Consultant,1,12833,8,5,Yes,22,8,3,4,4,2,0.44,0,0
8434,25,Female,Finance,Sales Executive,3,9696,14,3,No,1,8,2,3,3,4,0.39,0,1
8435,53,Female,Finance,Sales Executive,2,12539,10,0,Yes,5,0,3,1,4,3,0.33,1,1
8436,28,Male,HR,Sales Executive,4,4739,2,2,Yes,29,1,3,4,1,3,0.54,1,1
8437,52,Female,IT,Engineer,4,6823,6,2,Yes,15,7,4,3,4,2,0.25,0,0
8438,25,Male,R&D,Technician,1,14523,6,2,Yes,30,2,2,1,1,3,0.64,0,0
8439,56,Female,HR,Manager,1,7060,3,5,No,6,2,1,4,3,1,0.11,1,0
8440,50,Male,Sales,HR Specialist,3,9040,5,8,Yes,6,9,3,4,4,3,0.86,1,0
8441,53,Female,Marketing,Technician,1,10402,18,6,Yes,23,5,3,2,3,3,0.76,1,0
8442,48,Female,IT,HR Specialist,5,10477,13,6,No,5,4,1,1,1,1,0.42,0,1
8443,33,Male,IT,Consultant,5,12662,3,0,Yes,22,3,2,4,1,3,0.18,0,1
8444,55,Male,R&D,Technician,1,7838,18,8,Yes,20,6,1,1,3,3,0.4,0,1
8445,55,Female,IT,Analyst,5,10685,18,3,Yes,20,0,3,4,4,1,0.67,1,1
8446,34,Female,R&D,Manager,4,3017,16,7,Yes,39,0,4,2,3,3,0.37,0,1
8447,27,Male,IT,Manager,1,5490,18,0,Yes,30,0,2,2,3,1,0.08,0,0
8448,45,Female,Marketing,Engineer,4,4884,11,7,No,17,7,1,3,2,3,0.11,1,1
8449,55,Female,R&D,Technician,4,4814,16,8,No,23,8,2,1,3,1,0.7,0,0
8450,40,Male,Finance,Sales Executive,5,12181,14,4,Yes,13,2,1,1,3,4,0.86,0,1
8451,47,Male,Finance,Manager,3,10714,8,6,Yes,36,0,3,3,2,1,0.83,0,1
8452,23,Male,IT,Technician,4,6914,19,9,No,10,8,3,4,2,3,0.74,0,0
8453,35,Female,IT,Sales Executive,5,12558,15,1,No,38,2,2,4,3,2,0.76,0,0
8454,41,Female,R&D,Engineer,3,13642,17,0,Yes,39,8,4,1,1,4,0.98,0,1
8455,31,Female,R&D,Consultant,5,11848,17,5,No,39,3,3,2,2,1,0.16,0,1
8456,35,Male,Marketing,Consultant,5,9915,3,8,No,4,0,4,1,3,1,0.55,0,0
8457,59,Female,HR,Technician,1,5064,3,0,No,19,4,2,2,1,1,0.26,0,0
8458,57,Male,Finance,Technician,2,12934,0,9,Yes,28,6,3,2,4,3,0.23,0,1
8459,56,Male,HR,Analyst,3,2589,4,0,Yes,27,5,3,2,1,3,0.41,1,1
8460,48,Female,HR,Technician,5,10826,11,3,Yes,23,3,2,4,4,3,0.34,0,1
8461,37,Male,Sales,Analyst,4,14232,13,9,No,19,9,3,2,3,1,0.65,0,1
8462,29,Female,R&D,Sales Executive,4,10399,9,5,Yes,16,7,4,1,3,2,0.41,1,1
8463,58,Male,Sales,Consultant,2,4233,17,8,No,35,9,3,4,2,4,0.29,0,1
8464,37,Male,Sales,Sales Executive,3,11168,9,1,Yes,5,9,4,4,4,3,0.08,0,0
8465,20,Male,HR,Consultant,1,12256,15,4,Yes,24,0,3,4,1,4,0.29,1,1
8466,58,Female,Sales,Consultant,3,3313,5,6,No,5,3,3,3,1,2,0.48,0,1
8467,40,Male,Marketing,Manager,4,10169,2,3,Yes,29,6,1,2,1,3,0.61,0,1
8468,20,Female,R&D,Engineer,4,14541,19,5,No,6,5,3,3,3,1,0.64,0,0
8469,34,Male,HR,Analyst,1,2970,14,5,Yes,37,0,1,3,4,3,0.21,0,0
8470,23,Male,R&D,Consultant,1,6706,4,3,Yes,29,4,2,4,3,1,0.41,1,0
8471,39,Male,Marketing,Manager,4,8589,5,3,No,33,5,3,2,3,2,0.4,0,0
8472,29,Female,IT,HR Specialist,5,11671,11,8,No,27,9,3,4,1,3,0.01,0,1
8473,42,Female,Sales,Manager,5,11362,0,0,Yes,35,8,3,2,2,4,0.88,0,1
8474,53,Female,HR,Sales Executive,1,5185,9,4,No,38,4,3,3,1,4,0.67,0,0
8475,52,Female,Finance,HR Specialist,5,9264,2,8,Yes,6,4,3,4,3,3,0.66,1,0
8476,53,Female,R&D,Manager,1,11591,4,8,Yes,10,7,2,4,1,3,0.58,0,1
8477,58,Male,Marketing,Technician,3,9126,14,8,Yes,36,5,2,3,3,3,0.46,0,0
8478,29,Male,Sales,Engineer,3,14793,3,1,No,7,9,2,1,1,4,0.22,0,0
8479,39,Female,R&D,Analyst,3,13585,18,6,No,7,7,3,2,4,4,0.39,0,1
8480,20,Female,Marketing,Technician,1,4375,16,9,Yes,29,5,3,4,1,1,0.18,0,1
8481,32,Female,R&D,HR Specialist,1,6444,7,7,Yes,16,8,3,1,3,4,0.82,0,1
8482,20,Female,IT,Consultant,5,8450,4,0,No,1,7,3,2,4,2,0.21,0,0
8483,24,Male,Marketing,Engineer,5,2198,3,1,Yes,35,7,3,3,2,4,0.28,1,0
8484,35,Female,R&D,Consultant,5,5248,18,0,Yes,29,0,4,3,4,3,0.01,1,1
8485,34,Female,IT,Manager,2,3147,8,8,No,38,3,2,3,1,4,0.37,0,0
8486,47,Female,IT,Technician,1,7276,12,9,Yes,13,1,3,4,4,4,0.71,0,1
8487,50,Female,IT,Sales Executive,3,8750,16,4,No,12,6,3,3,1,4,0.18,1,1
8488,42,Male,Sales,Sales Executive,3,6706,7,3,No,23,9,3,1,3,2,0.51,1,1
8489,36,Male,Marketing,Engineer,2,6035,18,7,No,16,5,1,4,3,2,0.94,1,0
8490,53,Female,R&D,Sales Executive,2,12474,10,2,Yes,14,6,3,4,3,2,0.44,0,0
8491,32,Male,R&D,Analyst,3,11917,13,7,No,16,4,2,3,1,2,0.79,0,1
8492,33,Male,Marketing,Consultant,1,11509,17,2,Yes,6,2,2,1,2,4,0.8,0,0
8493,30,Female,IT,Engineer,3,5968,4,5,No,36,3,2,3,3,3,0.65,0,0
8494,47,Female,R&D,Engineer,3,13281,11,3,No,24,9,3,1,3,3,0.37,0,0
8495,51,Male,R&D,Sales Executive,2,7054,15,7,Yes,27,0,3,2,4,3,0.76,1,1
8496,54,Male,IT,Engineer,2,3426,15,6,No,25,4,3,2,3,3,0.94,1,1
8497,50,Male,Finance,Manager,5,12620,13,4,No,36,5,2,1,1,4,0.27,0,0
8498,36,Male,Finance,HR Specialist,2,3841,6,2,No,29,6,3,1,4,2,0.5,1,1
8499,28,Male,IT,Technician,3,9287,8,4,Yes,31,7,3,2,4,4,0.6,0,0
8500,29,Female,Sales,HR Specialist,5,6863,2,3,Yes,3,4,3,2,1,2,0.59,0,0
8501,27,Male,R&D,Consultant,3,14085,13,7,Yes,13,0,1,4,2,1,0.42,0,1
8502,40,Male,R&D,Technician,1,8174,0,4,No,4,4,4,4,2,1,0.54,0,0
8503,32,Male,Finance,Sales Executive,1,4144,13,9,No,11,0,3,4,2,4,0.06,0,0
8504,24,Male,IT,Analyst,2,11685,19,9,Yes,15,7,3,3,2,2,0.06,1,1
8505,25,Male,Marketing,Analyst,5,2704,17,4,No,2,1,4,4,1,1,0.93,0,0
8506,49,Male,Marketing,Sales Executive,4,11960,2,1,No,15,1,4,4,1,2,0.55,1,0
8507,50,Male,Sales,Consultant,1,3069,5,8,Yes,6,5,2,2,2,1,0.2,1,1
8508,36,Male,IT,Sales Executive,1,14066,3,5,No,13,8,3,4,4,1,0.26,0,0
8509,30,Female,Finance,Engineer,1,12475,0,0,No,35,4,3,3,4,1,0.7,0,0
8510,39,Female,Finance,Analyst,1,9728,2,2,Yes,13,5,4,1,3,1,0.69,0,1
8511,28,Male,R&D,HR Specialist,2,8480,17,3,No,12,2,3,2,2,2,0.66,0,1
8512,21,Female,HR,Sales Executive,5,8817,19,9,No,16,8,1,4,4,1,0.25,0,0
8513,56,Female,Sales,Consultant,1,8428,19,9,No,20,3,3,3,4,2,0.83,0,0
8514,20,Female,Sales,Consultant,2,8277,2,1,No,13,5,3,2,4,1,0.06,0,1
8515,23,Female,HR,HR Specialist,5,10960,15,9,No,34,3,1,2,1,1,0.42,0,0
8516,55,Female,Marketing,Technician,5,13915,6,3,No,19,5,3,4,4,1,0.76,0,0
8517,44,Female,Marketing,HR Specialist,4,10451,8,1,No,27,0,3,1,4,2,0.24,0,0
8518,22,Male,Marketing,Consultant,3,8646,1,5,No,29,0,2,1,2,3,0.24,1,1
8519,28,Male,Finance,Analyst,1,8735,2,9,No,19,0,3,1,2,2,0.0,0,0
8520,41,Female,IT,Technician,2,4943,0,8,No,27,9,4,4,3,4,0.49,0,1
8521,42,Male,Sales,HR Specialist,5,11779,5,0,No,2,1,4,1,2,4,0.92,0,1
8522,31,Female,HR,Engineer,4,10275,14,4,Yes,39,6,3,2,1,3,0.51,1,0
8523,29,Male,R&D,Engineer,3,6505,4,8,No,1,2,2,4,3,4,0.93,0,0
8524,53,Male,R&D,Analyst,5,7275,12,6,Yes,14,0,2,3,1,3,0.22,0,1
8525,29,Male,Finance,Engineer,5,5561,7,5,No,8,7,3,1,3,2,0.39,0,0
8526,49,Female,Sales,Sales Executive,1,8471,12,6,No,27,7,3,2,4,4,0.99,0,1
8527,41,Male,IT,Technician,3,11831,18,8,No,33,3,3,4,2,1,0.8,1,0
8528,25,Male,Sales,Analyst,3,4393,8,2,Yes,31,6,3,2,3,1,0.58,0,1
8529,21,Female,Marketing,Technician,2,13162,2,7,No,30,1,3,1,2,2,0.09,0,1
8530,49,Female,R&D,Consultant,4,8240,13,0,Yes,25,5,1,4,3,3,0.13,0,0
8531,21,Male,Sales,HR Specialist,2,4684,6,9,No,36,8,4,4,2,2,0.44,0,0
8532,51,Female,R&D,Sales Executive,4,4230,12,5,Yes,38,6,2,1,4,1,0.81,0,1
8533,35,Male,HR,Analyst,2,13590,8,8,No,1,5,4,4,3,3,0.74,1,0
8534,31,Male,HR,HR Specialist,4,13829,10,0,Yes,31,9,3,2,2,4,0.85,1,1
8535,20,Female,R&D,HR Specialist,1,11005,8,4,Yes,35,1,4,1,1,3,0.41,1,0
8536,27,Female,IT,HR Specialist,4,5747,10,7,Yes,21,3,2,2,4,3,0.58,1,1
8537,32,Male,IT,HR Specialist,2,2895,13,9,No,34,5,4,2,3,2,0.31,0,0
8538,34,Female,Sales,HR Specialist,3,10852,14,5,No,17,4,2,1,3,2,0.54,0,1
8539,27,Male,R&D,Analyst,5,7040,16,5,Yes,9,4,4,4,1,3,0.62,0,1
8540,29,Female,Finance,Engineer,4,13041,0,2,Yes,29,3,3,2,1,1,0.52,0,0
8541,24,Female,IT,HR Specialist,4,12617,2,7,Yes,8,7,4,1,3,4,0.2,1,0
8542,38,Female,IT,Consultant,3,3110,2,0,Yes,19,7,2,3,1,4,0.34,0,1
8543,57,Female,Marketing,Consultant,1,5745,2,3,No,6,4,3,3,1,3,0.63,1,1
8544,30,Female,HR,Sales Executive,2,8823,3,7,No,24,6,3,2,4,1,0.57,1,0
8545,39,Male,IT,Analyst,1,11350,16,5,No,6,1,3,2,1,2,0.45,0,0
8546,39,Male,IT,Manager,4,4137,19,8,No,3,2,4,1,4,2,0.06,0,0
8547,40,Male,Marketing,Engineer,4,3840,3,0,Yes,31,9,3,1,1,1,0.45,0,0
8548,37,Female,IT,Sales Executive,1,3910,12,1,No,31,8,3,4,1,1,0.57,0,0
8549,29,Male,Marketing,Consultant,2,13856,6,0,No,12,6,4,1,4,2,0.22,0,0
8550,53,Male,R&D,HR Specialist,4,13102,3,3,Yes,8,5,3,4,4,2,0.01,0,1
8551,45,Female,R&D,Analyst,4,2742,7,8,Yes,26,6,3,2,2,2,0.51,0,1
8552,49,Female,HR,Analyst,1,5160,10,3,No,26,5,3,4,1,2,0.38,0,0
8553,28,Female,Sales,HR Specialist,5,3316,18,8,Yes,15,1,2,2,1,4,0.69,0,0
8554,50,Male,Marketing,Consultant,3,6541,6,5,No,13,2,3,1,2,1,0.13,0,0
8555,23,Male,IT,Sales Executive,4,9566,8,4,No,22,4,3,1,1,3,0.54,0,1
8556,25,Female,Sales,Analyst,2,9681,3,9,Yes,13,1,2,2,1,2,0.9,0,1
8557,33,Male,R&D,Technician,5,9007,3,3,No,9,2,1,4,3,1,0.93,0,0
8558,23,Male,IT,Consultant,1,5805,0,9,Yes,24,6,3,3,3,2,0.88,0,0
8559,45,Female,Sales,Consultant,1,11232,5,1,No,3,1,2,2,4,3,0.8,1,0
8560,58,Male,Marketing,Engineer,2,10108,2,7,Yes,23,5,3,3,4,4,0.94,0,1
8561,36,Female,Marketing,Sales Executive,5,3731,2,2,Yes,12,9,4,2,3,1,0.97,0,1
8562,38,Male,Sales,Consultant,2,11847,0,0,Yes,11,4,1,4,2,2,0.28,0,1
8563,25,Female,Marketing,HR Specialist,4,9409,6,9,Yes,19,2,3,4,4,3,0.49,0,1
8564,48,Male,Finance,Consultant,5,3567,8,6,Yes,9,7,3,3,3,1,0.71,0,1
8565,30,Male,R&D,Sales Executive,3,3810,2,7,Yes,37,5,1,2,1,4,0.51,1,1
8566,35,Female,HR,Technician,3,9874,14,6,No,10,8,3,1,3,1,0.91,0,0
8567,49,Female,HR,Consultant,2,7123,2,3,Yes,9,0,3,3,1,3,0.97,0,0
8568,44,Female,Finance,Sales Executive,3,12520,10,7,No,33,2,3,4,1,4,0.5,1,0
8569,59,Female,Sales,Consultant,2,13208,17,9,Yes,13,9,3,3,1,4,0.33,1,1
8570,30,Male,Marketing,Manager,4,11686,2,3,Yes,20,7,2,3,2,3,0.41,0,0
8571,26,Female,Finance,HR Specialist,4,10796,19,4,Yes,11,0,2,2,2,2,0.68,0,0
8572,45,Female,Finance,Engineer,2,10669,6,7,No,29,7,4,2,1,4,0.73,0,0
8573,41,Female,Marketing,HR Specialist,4,9280,8,1,Yes,13,9,3,4,1,2,0.38,0,0
8574,44,Female,R&D,Manager,3,7852,16,9,No,14,4,3,2,2,3,0.85,0,0
8575,38,Female,Marketing,HR Specialist,4,6705,8,7,No,9,7,3,3,3,4,0.13,0,0
8576,50,Male,Marketing,HR Specialist,3,2141,9,4,Yes,38,9,3,1,3,3,0.02,0,1
8577,45,Female,IT,Engineer,3,6655,12,4,Yes,19,6,3,2,3,2,0.98,1,0
8578,55,Female,Sales,Manager,1,4098,4,6,No,8,8,3,3,3,4,0.92,0,1
8579,42,Female,HR,HR Specialist,4,12762,13,3,Yes,18,6,2,1,4,3,0.31,0,0
8580,32,Male,HR,Technician,4,14218,3,2,No,34,3,3,2,1,4,0.96,1,0
8581,44,Male,Finance,Consultant,2,7389,13,5,Yes,36,0,3,3,4,1,0.31,0,0
8582,21,Male,Finance,HR Specialist,2,3286,10,5,No,9,1,3,4,3,3,0.47,0,0
8583,21,Female,Finance,Analyst,5,14996,9,9,No,16,1,4,4,4,3,0.53,1,0
8584,35,Female,Sales,HR Specialist,3,11401,4,5,No,5,0,2,3,1,3,0.64,0,0
8585,28,Male,Finance,Engineer,1,2807,11,6,Yes,15,9,1,2,1,2,0.53,0,1
8586,47,Male,Finance,Analyst,3,9388,14,3,No,24,6,4,3,4,1,0.91,0,0
8587,32,Female,IT,Technician,4,12320,12,2,No,39,3,3,1,2,1,0.56,0,0
8588,54,Female,Sales,Consultant,5,5805,7,2,No,25,9,3,1,3,3,0.03,0,0
8589,32,Female,R&D,Technician,3,6504,3,2,Yes,16,6,3,1,3,2,0.18,0,0
8590,50,Male,R&D,Technician,5,2973,12,1,Yes,22,7,3,1,2,2,0.96,0,1
8591,40,Female,Marketing,Manager,3,4938,14,5,No,16,5,2,2,2,3,0.04,0,1
8592,51,Female,IT,Technician,4,2085,8,0,No,33,7,3,3,1,3,0.76,1,0
8593,53,Male,HR,Sales Executive,4,9723,5,5,No,5,1,1,2,3,2,0.98,0,0
8594,27,Male,Marketing,Engineer,3,11988,17,7,Yes,7,0,3,3,1,2,0.03,0,0
8595,21,Male,R&D,Manager,1,11499,8,5,No,18,8,1,3,3,4,0.86,0,0
8596,57,Female,Sales,Analyst,4,10651,5,1,No,6,8,3,1,3,1,0.7,1,0
8597,51,Male,HR,Sales Executive,2,4508,6,6,Yes,12,8,4,1,1,3,0.03,1,0
8598,59,Male,Finance,Manager,1,3144,11,2,Yes,33,3,2,4,2,2,0.6,0,1
8599,47,Female,Sales,Engineer,3,9828,3,8,No,34,8,2,3,3,2,0.92,0,0
8600,56,Female,HR,Analyst,1,14080,10,7,No,21,8,3,4,3,1,0.45,0,0
8601,20,Male,R&D,Engineer,2,6664,2,5,Yes,18,4,3,2,2,1,0.74,0,0
8602,29,Female,Marketing,Engineer,4,13452,6,0,No,14,0,4,4,4,4,0.33,0,0
8603,23,Male,Finance,Analyst,4,6645,1,1,Yes,30,7,2,1,2,3,0.39,0,1
8604,54,Female,Finance,Technician,4,7832,9,7,Yes,3,0,3,1,1,1,0.69,0,1
8605,29,Female,Sales,HR Specialist,2,11601,2,5,Yes,13,2,4,2,1,3,0.03,0,0
8606,30,Male,Marketing,Engineer,1,6266,16,0,No,37,2,3,3,2,1,0.73,0,0
8607,33,Male,Finance,Technician,3,11545,10,8,No,19,4,2,2,4,3,0.26,1,0
8608,57,Male,HR,Consultant,3,6130,0,7,No,37,4,1,1,1,4,0.85,0,1
8609,31,Female,IT,Analyst,1,11416,1,1,Yes,13,4,3,3,1,3,0.56,0,0
8610,36,Male,R&D,Engineer,4,3191,12,9,No,15,3,3,3,1,3,0.29,0,0
8611,35,Female,Sales,HR Specialist,3,11724,13,4,Yes,26,0,2,3,3,2,0.68,0,0
8612,54,Female,Marketing,Consultant,4,12108,16,2,No,6,3,3,1,3,3,0.91,1,1
8613,21,Male,IT,Analyst,5,13509,1,0,No,27,9,3,1,2,2,0.52,0,1
8614,30,Female,IT,Manager,5,11439,16,6,Yes,12,7,3,2,1,1,0.86,0,1
8615,22,Female,Sales,Manager,3,12809,18,8,No,25,4,2,3,4,2,0.94,1,0
8616,48,Male,HR,Technician,1,7921,8,6,Yes,16,6,4,4,3,2,0.38,1,0
8617,37,Female,Marketing,Manager,1,14824,11,2,Yes,16,0,2,1,3,2,0.83,0,0
8618,39,Female,R&D,Sales Executive,1,4025,15,5,Yes,3,4,3,4,1,1,0.78,1,1
8619,33,Male,Sales,Engineer,4,5511,3,2,No,34,9,3,4,1,3,0.56,0,1
8620,53,Male,Marketing,Engineer,5,14831,10,3,Yes,24,7,2,4,1,3,0.06,0,0
8621,50,Female,IT,Analyst,4,7741,19,0,No,23,4,3,1,3,1,0.8,0,0
8622,59,Female,IT,Sales Executive,2,10024,3,1,Yes,30,0,3,3,2,3,0.05,1,1
8623,37,Female,Sales,Engineer,2,9872,1,0,Yes,21,1,3,4,3,3,0.97,0,1
8624,49,Female,Marketing,Analyst,3,5692,9,9,Yes,17,5,3,4,2,4,0.46,0,0
8625,44,Male,IT,HR Specialist,2,8499,8,1,Yes,18,1,2,2,4,3,0.03,0,1
8626,38,Female,Sales,Engineer,1,10159,16,3,No,3,8,4,2,3,4,0.23,1,0
8627,27,Female,Sales,Technician,3,6628,11,5,Yes,12,8,3,4,4,3,0.23,0,0
8628,47,Female,R&D,Engineer,5,8516,3,7,Yes,16,1,3,3,4,1,0.86,1,1
8629,27,Female,Sales,HR Specialist,5,5483,8,9,No,38,0,3,2,3,3,0.07,0,0
8630,50,Male,Marketing,HR Specialist,2,13515,13,8,Yes,14,6,3,3,1,3,0.17,0,1
8631,22,Female,Marketing,Engineer,2,12130,3,9,Yes,27,6,2,4,1,4,0.37,1,1
8632,22,Male,IT,HR Specialist,5,3015,1,6,Yes,18,2,4,1,2,2,0.18,0,0
8633,41,Male,Finance,Analyst,2,8157,17,3,No,20,1,4,1,4,2,0.19,0,0
8634,36,Male,R&D,Engineer,2,8358,12,6,No,35,8,3,1,3,3,0.21,1,0
8635,55,Male,Marketing,Engineer,4,4583,9,0,No,17,8,3,4,4,2,0.14,0,1
8636,36,Male,IT,Manager,5,7139,13,9,No,20,5,3,2,4,4,0.62,0,1
8637,33,Female,IT,Technician,5,2927,8,5,No,6,6,3,2,3,3,0.07,1,1
8638,28,Male,R&D,Engineer,2,11703,10,0,No,26,1,3,2,2,3,0.36,0,0
8639,49,Male,R&D,Consultant,1,3737,19,7,Yes,7,5,1,2,2,2,0.67,0,1
8640,40,Male,IT,Manager,4,8579,0,3,Yes,38,5,3,4,3,4,0.31,0,1
8641,31,Female,Finance,HR Specialist,1,5038,11,7,No,12,7,3,3,2,3,0.34,0,0
8642,56,Male,HR,Technician,2,9219,16,7,No,17,8,3,2,4,2,0.77,0,1
8643,51,Female,IT,Technician,5,8500,16,1,Yes,21,1,1,2,1,1,0.79,0,1
8644,30,Male,R&D,HR Specialist,1,3721,7,5,No,6,6,3,2,2,2,0.74,1,1
8645,39,Male,Sales,Analyst,3,4766,16,9,No,37,8,1,2,3,4,0.33,0,0
8646,54,Female,Sales,Manager,1,14894,19,3,Yes,25,5,3,2,1,1,0.53,0,1
8647,30,Female,R&D,Engineer,5,13611,12,2,No,15,6,4,3,1,2,0.87,1,1
8648,27,Female,R&D,Manager,2,4825,12,8,Yes,11,8,4,1,3,1,0.43,1,1
8649,23,Male,HR,HR Specialist,1,14613,14,9,Yes,9,9,3,2,1,3,0.27,0,0
8650,46,Female,Marketing,HR Specialist,2,8670,17,8,Yes,4,3,3,1,1,3,0.03,0,1
8651,59,Female,R&D,Consultant,4,12926,12,1,No,3,1,2,2,1,2,0.57,0,0
8652,57,Female,Sales,Analyst,3,10410,7,4,Yes,13,1,3,2,1,4,0.22,0,1
8653,49,Female,Finance,Technician,5,10713,6,9,No,32,0,1,3,2,4,0.73,0,1
8654,46,Female,R&D,Technician,5,2404,18,9,No,6,8,3,1,2,4,0.08,0,0
8655,40,Male,HR,HR Specialist,2,7138,9,6,No,1,9,3,4,1,3,0.41,0,0
8656,39,Female,Finance,Manager,3,10771,11,8,No,5,3,2,3,4,2,0.33,0,0
8657,23,Male,HR,Technician,5,12046,1,7,No,2,4,3,4,4,3,0.28,0,1
8658,30,Female,Finance,Consultant,1,8158,13,9,No,22,3,3,4,3,3,0.99,0,0
8659,32,Female,R&D,Consultant,5,6421,9,3,No,32,3,3,1,3,3,0.1,0,0
8660,28,Male,Sales,Engineer,1,5697,16,2,Yes,7,5,3,3,2,3,0.0,0,0
8661,23,Male,Finance,Engineer,5,7066,12,0,Yes,21,5,3,3,3,2,0.01,1,0
8662,31,Male,IT,Manager,1,12027,0,0,Yes,17,0,2,1,2,4,0.1,1,1
8663,28,Male,Marketing,Analyst,4,2157,14,8,Yes,20,0,2,4,2,4,0.85,1,1
8664,32,Female,HR,Engineer,2,5175,0,3,No,1,6,3,3,1,4,0.16,0,0
8665,45,Male,Finance,Manager,4,7911,14,7,No,32,0,3,4,2,3,0.57,1,1
8666,57,Female,HR,Manager,1,11813,19,3,Yes,32,0,4,3,2,2,0.64,0,1
8667,32,Female,Sales,HR Specialist,2,13869,14,5,Yes,20,5,3,2,3,1,0.77,0,1
8668,58,Female,HR,Technician,3,9043,13,3,No,10,7,2,4,4,3,0.13,1,0
8669,47,Male,HR,HR Specialist,1,9921,12,1,Yes,6,6,2,1,3,4,0.13,1,0
8670,38,Male,IT,Technician,5,2805,1,0,No,33,5,3,4,2,3,0.31,0,0
8671,43,Male,HR,Analyst,5,11497,7,7,No,10,6,4,4,2,4,0.1,0,0
8672,38,Female,Finance,Analyst,3,12386,8,5,Yes,25,1,3,3,1,1,0.28,0,0
8673,32,Male,HR,Analyst,4,10705,18,0,Yes,24,5,3,4,2,2,0.59,0,1
8674,32,Male,R&D,Manager,1,9235,18,4,Yes,31,8,4,1,3,2,0.43,0,1
8675,47,Female,HR,Manager,5,2503,8,2,Yes,29,3,2,3,2,4,0.3,0,0
8676,21,Male,R&D,HR Specialist,2,9236,6,1,No,12,1,3,3,1,2,0.34,0,0
8677,29,Female,Marketing,Engineer,3,9726,13,2,Yes,37,8,1,2,2,2,0.23,0,0
8678,41,Male,HR,Consultant,4,7986,1,1,Yes,9,7,4,4,4,3,0.45,0,0
8679,32,Male,Marketing,Technician,4,14700,11,9,No,29,7,2,2,3,1,0.46,0,0
8680,28,Male,HR,Technician,2,7183,10,1,No,3,6,4,2,4,1,0.9,0,0
8681,52,Male,Finance,Analyst,2,4639,16,0,No,4,7,3,2,2,1,0.67,0,0
8682,33,Male,R&D,Technician,3,10957,1,2,No,21,2,4,3,4,1,0.63,1,0
8683,39,Female,Marketing,Sales Executive,2,2236,11,2,No,6,5,3,1,4,1,0.26,0,0
8684,34,Male,Marketing,Analyst,5,6491,14,3,No,2,6,3,2,1,4,0.34,1,1
8685,51,Male,R&D,Consultant,4,12196,7,2,Yes,37,4,3,3,3,3,0.87,0,0
8686,52,Male,IT,Technician,2,7960,7,7,No,20,1,4,2,4,3,0.57,1,1
8687,36,Male,HR,HR Specialist,1,3799,17,3,Yes,33,9,3,3,2,2,0.18,0,0
8688,43,Male,HR,Technician,2,5387,13,9,Yes,14,6,4,4,2,4,0.73,0,0
8689,49,Male,Finance,Manager,4,5999,9,0,No,20,1,4,1,4,3,0.06,0,0
8690,32,Male,IT,HR Specialist,5,3446,3,1,No,2,8,2,3,1,4,0.89,0,1
8691,35,Female,IT,HR Specialist,2,2131,15,6,No,7,8,4,2,3,2,0.55,0,0
8692,21,Female,Finance,HR Specialist,5,8369,15,5,No,37,9,2,4,4,3,0.98,1,0
8693,36,Male,Marketing,Sales Executive,1,13867,16,8,Yes,12,5,4,1,2,4,0.28,0,0
8694,51,Female,R&D,Sales Executive,4,7592,8,5,No,16,3,2,4,4,3,0.11,0,0
8695,27,Male,Marketing,Technician,3,12226,10,1,No,17,9,3,3,1,1,0.49,0,0
8696,22,Female,Sales,Analyst,4,6213,12,7,Yes,31,3,4,3,3,4,0.55,0,1
8697,31,Male,Finance,Technician,3,14925,0,8,No,7,4,1,3,2,4,0.75,0,0
8698,39,Male,R&D,Technician,3,12236,6,4,No,26,6,2,1,2,2,0.6,1,0
8699,35,Female,Marketing,Technician,4,8059,10,5,Yes,1,7,3,3,1,4,0.4,0,0
8700,33,Male,Marketing,Consultant,3,14626,2,3,Yes,2,9,3,4,4,2,0.19,1,0
8701,35,Female,IT,Manager,5,3458,1,1,No,31,7,2,3,2,2,0.89,1,0
8702,52,Male,Finance,HR Specialist,1,7298,13,4,Yes,20,6,3,1,3,4,0.31,0,0
8703,49,Male,Sales,Engineer,2,4022,9,4,No,37,5,3,3,3,2,0.21,0,0
8704,31,Male,HR,Consultant,3,3948,19,0,No,33,1,4,4,4,4,0.26,0,0
8705,34,Male,Finance,Analyst,3,8605,16,4,Yes,13,7,3,4,1,2,0.55,0,0
8706,37,Female,Sales,Analyst,4,11812,7,0,Yes,1,3,3,2,2,3,0.01,0,1
8707,47,Male,Sales,HR Specialist,5,14963,14,2,Yes,33,7,2,4,3,1,0.78,0,0
8708,42,Female,Finance,Analyst,2,14005,5,8,Yes,3,4,3,1,4,3,0.79,0,0
8709,33,Female,R&D,HR Specialist,3,8861,19,3,No,37,2,1,3,1,3,0.88,0,0
8710,49,Male,Finance,Analyst,5,9271,1,8,No,19,5,3,4,4,3,0.82,1,1
8711,52,Male,Marketing,Technician,2,12353,14,5,No,32,1,3,3,1,1,0.09,0,1
8712,34,Female,IT,Manager,4,9867,15,0,Yes,5,5,2,1,1,4,0.53,0,0
8713,26,Female,Marketing,Consultant,3,14593,1,2,No,37,5,3,3,2,2,0.17,0,0
8714,34,Male,Sales,Consultant,4,11949,13,2,Yes,6,0,2,3,1,4,0.1,0,0
8715,57,Female,Sales,Analyst,4,6718,19,3,Yes,36,9,2,1,2,4,0.0,0,1
8716,30,Female,HR,Consultant,3,6150,0,9,Yes,37,4,1,4,1,4,0.03,0,0
8717,48,Female,Sales,Analyst,5,2523,8,3,Yes,13,4,2,1,3,1,0.35,0,1
8718,50,Male,HR,Engineer,5,4481,16,7,No,12,7,3,4,4,2,0.02,0,0
8719,44,Female,Sales,Consultant,4,14477,13,2,No,6,6,3,1,4,2,0.43,0,1
8720,43,Female,Sales,Manager,4,6484,9,3,Yes,30,8,2,3,2,1,0.13,0,0
8721,38,Female,Finance,Consultant,1,8810,12,2,No,37,9,3,3,3,1,0.82,0,0
8722,21,Female,Finance,Technician,2,9502,12,6,Yes,28,2,3,2,1,4,0.38,0,1
8723,41,Male,IT,Manager,4,10537,18,5,No,10,0,3,3,2,2,0.64,0,0
8724,39,Male,Marketing,Consultant,4,4312,7,0,No,28,6,2,4,3,3,0.47,0,0
8725,52,Female,R&D,Manager,2,9015,6,9,No,6,8,1,3,2,2,0.46,0,1
8726,27,Female,IT,Consultant,3,9271,16,0,Yes,9,9,3,1,4,1,0.47,1,0
8727,44,Female,Sales,Analyst,5,11890,7,5,Yes,24,9,2,1,1,1,0.28,0,1
8728,28,Male,IT,Sales Executive,3,2140,3,2,No,18,6,3,3,2,3,0.12,0,0
8729,53,Male,Finance,Analyst,2,8892,6,8,No,4,9,3,3,2,3,0.88,0,0
8730,42,Female,Marketing,HR Specialist,2,14526,19,1,No,23,6,1,4,2,2,0.75,0,0
8731,24,Female,Sales,Consultant,1,9776,16,2,Yes,27,9,3,1,2,2,0.25,1,0
8732,44,Male,Sales,Engineer,1,11313,4,8,No,4,5,1,1,1,2,0.02,0,0
8733,27,Female,IT,Manager,5,4883,19,5,No,13,4,3,4,2,4,0.53,1,0
8734,35,Female,Marketing,HR Specialist,4,9628,3,0,Yes,11,4,1,2,1,2,0.09,1,1
8735,34,Male,HR,Technician,2,11226,18,1,No,11,7,3,1,2,2,0.71,0,0
8736,20,Male,R&D,HR Specialist,1,14465,0,6,No,19,8,2,2,3,2,0.31,0,1
8737,41,Male,Marketing,Sales Executive,3,9461,9,5,No,33,3,3,3,2,3,0.59,0,0
8738,22,Male,IT,Consultant,1,11174,5,0,No,14,9,2,2,1,2,0.44,0,0
8739,57,Male,IT,Manager,3,12636,11,9,Yes,13,0,3,4,3,3,0.09,1,0
8740,33,Female,R&D,Analyst,1,5460,16,1,No,7,4,1,4,4,1,0.98,0,0
8741,55,Male,Sales,Manager,3,4584,4,5,No,33,3,4,2,4,4,0.0,0,1
8742,37,Male,Sales,Engineer,1,6733,8,5,Yes,32,3,3,1,3,3,0.93,0,0
8743,37,Male,HR,Manager,1,12505,8,5,Yes,37,0,2,1,3,2,0.7,0,0
8744,22,Male,IT,HR Specialist,5,11348,4,8,No,8,2,3,1,1,3,0.55,0,1
8745,29,Male,R&D,HR Specialist,4,11769,18,1,Yes,34,2,3,1,4,2,0.83,0,1
8746,58,Male,IT,Analyst,2,13224,10,9,Yes,19,7,2,1,1,4,0.03,0,1
8747,20,Female,Finance,Analyst,4,8547,11,9,Yes,36,5,1,3,3,4,0.14,0,1
8748,46,Male,IT,Analyst,5,3307,4,8,No,34,5,3,4,1,3,0.6,1,0
8749,46,Female,IT,Technician,3,14426,7,8,Yes,36,5,4,3,3,4,0.53,0,0
8750,30,Female,Finance,Consultant,4,14356,16,9,Yes,6,7,3,4,4,4,0.55,0,0
8751,24,Male,Finance,Engineer,2,4852,7,8,Yes,1,4,3,3,2,3,0.85,0,1
8752,26,Male,R&D,Technician,2,4224,1,8,No,30,2,3,1,3,4,0.67,0,1
8753,38,Female,Sales,Technician,3,5444,17,2,Yes,15,0,3,2,1,2,0.35,0,0
8754,48,Female,HR,Technician,2,14832,18,9,No,9,7,2,2,3,3,0.61,0,0
8755,34,Female,Finance,Manager,5,3251,9,8,No,29,9,2,2,3,4,0.7,0,0
8756,54,Male,Sales,Sales Executive,4,11863,6,9,Yes,2,3,3,2,2,2,0.19,1,0
8757,56,Female,R&D,Consultant,2,3395,8,8,No,30,2,2,1,1,4,0.03,0,1
8758,31,Male,Marketing,Manager,4,11206,11,2,No,4,7,3,2,3,2,0.5,0,0
8759,49,Male,IT,Analyst,1,6741,11,3,No,19,9,3,2,1,1,0.68,0,1
8760,39,Female,R&D,Engineer,4,13406,4,3,No,20,6,3,1,4,2,0.87,0,0
8761,56,Male,R&D,Technician,3,2756,10,3,Yes,5,7,4,4,1,1,0.58,0,0
8762,22,Male,Finance,Manager,5,12223,16,6,No,9,1,1,2,1,1,0.59,1,1
8763,28,Female,HR,Consultant,2,9304,14,4,No,20,7,3,3,2,3,0.51,1,0
8764,58,Female,Finance,HR Specialist,5,4620,10,6,Yes,16,3,2,2,1,1,0.92,0,0
8765,45,Male,IT,Consultant,4,4429,14,5,No,20,1,4,3,4,1,0.86,1,0
8766,21,Female,Finance,Technician,2,14758,15,6,Yes,20,3,3,3,1,2,0.51,0,1
8767,42,Male,IT,Consultant,5,11423,18,7,Yes,26,7,4,1,1,4,0.68,1,0
8768,42,Female,Finance,Manager,3,9805,11,5,Yes,39,5,3,4,2,4,0.65,0,1
8769,40,Female,Marketing,HR Specialist,1,6024,2,8,Yes,33,2,2,4,1,1,0.25,1,1
8770,35,Female,HR,Manager,1,2034,7,3,Yes,12,6,4,3,1,3,0.24,1,1
8771,28,Female,Marketing,Manager,3,9433,10,4,No,21,5,3,2,4,3,1.0,0,1
8772,32,Male,Sales,Technician,1,13866,0,8,No,23,4,3,1,2,4,0.82,0,0
8773,47,Female,HR,Manager,3,2020,3,8,Yes,20,5,3,3,2,4,0.75,0,1
8774,46,Male,Finance,Analyst,4,4312,5,1,No,23,2,3,3,3,3,0.92,0,1
8775,36,Male,R&D,Consultant,3,13663,9,1,Yes,6,4,3,3,1,3,0.73,1,0
8776,57,Female,Sales,HR Specialist,1,2456,14,8,No,12,2,4,3,3,3,0.8,0,0
8777,55,Female,R&D,Engineer,4,9287,7,5,No,35,1,3,2,2,1,0.29,0,0
8778,20,Female,Marketing,Sales Executive,3,9900,13,7,Yes,8,1,1,2,1,1,0.51,0,1
8779,37,Female,HR,Consultant,3,13189,1,7,Yes,27,1,3,1,3,2,0.43,0,1
8780,28,Female,Sales,Technician,4,6478,19,7,No,16,9,4,1,4,3,0.33,0,0
8781,32,Male,Marketing,HR Specialist,2,12774,5,4,Yes,32,3,3,3,2,3,0.74,0,0
8782,59,Female,Finance,Analyst,1,3062,2,9,No,29,1,3,4,1,1,0.46,0,1
8783,34,Male,R&D,HR Specialist,2,9920,1,3,No,7,3,2,4,4,4,0.92,0,0
8784,23,Male,Finance,Engineer,4,9127,13,2,No,16,8,2,2,2,4,0.4,0,0
8785,52,Male,IT,Technician,4,9189,17,3,No,29,2,3,2,3,1,0.44,1,0
8786,43,Male,Sales,HR Specialist,5,11782,14,7,No,25,4,3,3,2,2,0.89,0,0
8787,55,Female,R&D,Consultant,5,10094,3,3,No,36,1,3,4,4,4,0.03,0,0
8788,29,Female,HR,Analyst,4,12057,15,7,Yes,4,6,4,1,3,3,0.52,0,0
8789,55,Male,HR,Technician,5,10238,11,7,No,27,9,3,4,2,3,0.25,1,1
8790,39,Male,HR,Analyst,3,6841,16,0,Yes,23,4,4,4,1,1,0.43,0,1
8791,30,Female,Marketing,Technician,2,6634,0,8,No,23,6,1,3,3,2,0.67,0,0
8792,31,Male,HR,Sales Executive,4,9649,19,2,No,30,2,3,1,2,4,0.62,0,1
8793,37,Female,R&D,Engineer,3,7167,8,5,No,24,5,3,2,1,4,0.34,0,0
8794,49,Male,Marketing,Sales Executive,1,6774,11,2,No,16,2,3,3,4,4,0.32,0,0
8795,56,Female,IT,Consultant,1,7079,4,8,Yes,7,0,3,1,2,2,0.37,0,1
8796,39,Male,HR,Consultant,5,14180,16,0,Yes,23,7,3,1,4,4,0.74,1,1
8797,44,Male,HR,Consultant,5,9248,2,6,Yes,38,8,3,1,1,3,0.45,1,1
8798,31,Male,Marketing,Manager,3,3653,5,4,No,31,4,1,4,3,2,0.15,0,0
8799,40,Female,HR,Consultant,1,2044,2,2,No,19,0,3,4,1,1,0.92,0,1
8800,44,Female,IT,Analyst,4,6370,5,6,No,4,1,3,4,2,2,0.34,0,0
8801,30,Female,Marketing,Sales Executive,2,5764,12,0,Yes,6,7,3,3,2,4,0.46,0,1
8802,28,Male,Marketing,Analyst,5,5032,18,5,Yes,19,6,3,3,2,3,0.51,0,0
8803,44,Male,Sales,Technician,3,13574,14,6,No,27,3,2,2,4,4,0.72,0,1
8804,54,Male,Marketing,Analyst,5,6327,6,8,No,29,2,3,1,3,1,0.29,0,1
8805,51,Male,HR,Manager,3,2085,12,8,Yes,12,3,3,3,2,2,0.77,0,0
8806,33,Male,Marketing,Analyst,1,13368,19,6,Yes,38,4,3,3,4,3,0.0,0,0
8807,20,Male,HR,Technician,5,14464,1,4,No,13,3,2,2,1,3,0.74,0,0
8808,36,Female,HR,Technician,3,3613,18,6,Yes,28,8,1,1,2,1,0.17,1,1
8809,44,Female,Marketing,Sales Executive,3,8781,18,0,Yes,5,0,3,4,4,4,0.19,0,0
8810,27,Female,Sales,Consultant,5,9227,2,6,Yes,17,0,2,3,2,2,0.54,1,1
8811,24,Male,HR,Engineer,2,5291,2,9,No,27,9,4,4,4,4,0.31,1,1
8812,24,Female,Sales,HR Specialist,4,10779,5,3,No,26,6,2,3,1,1,0.14,1,1
8813,54,Male,Sales,Sales Executive,1,10794,12,1,Yes,4,2,3,3,2,2,0.18,1,0
8814,38,Male,Marketing,Manager,5,8781,13,5,No,8,3,3,3,2,1,0.91,0,1
8815,42,Female,Finance,HR Specialist,5,5516,5,6,No,26,0,1,2,1,1,0.71,0,0
8816,28,Male,Finance,Analyst,2,3256,8,6,No,33,1,4,2,4,4,0.15,0,0
8817,49,Male,HR,Sales Executive,1,12353,9,7,Yes,12,4,3,1,4,1,0.81,0,1
8818,35,Male,R&D,HR Specialist,5,14871,15,4,No,13,3,3,2,4,2,0.96,0,0
8819,52,Male,Finance,Consultant,2,5035,14,9,Yes,21,2,1,1,4,3,0.1,0,1
8820,21,Male,Marketing,Consultant,4,12609,11,9,No,37,1,3,1,3,2,0.71,0,0
8821,33,Female,Marketing,Sales Executive,3,9516,12,7,No,25,0,3,3,4,2,0.27,0,0
8822,20,Female,Finance,Consultant,4,13214,17,3,No,39,0,2,3,4,1,0.54,0,0
8823,45,Male,R&D,Analyst,4,7286,1,9,Yes,3,0,4,3,4,4,0.23,0,1
8824,44,Male,IT,Technician,4,12311,13,0,Yes,19,6,3,1,3,2,0.14,0,0
8825,35,Female,HR,Sales Executive,4,6955,16,7,No,7,0,4,3,1,3,0.55,0,0
8826,34,Female,IT,Manager,3,12592,0,3,No,17,1,4,3,3,2,0.83,1,0
8827,45,Female,IT,HR Specialist,1,11001,10,4,No,13,1,3,2,1,1,0.97,0,0
8828,35,Male,Sales,HR Specialist,1,12980,13,3,Yes,24,7,2,4,1,1,0.81,0,0
8829,33,Female,Sales,HR Specialist,2,2637,11,6,Yes,8,4,3,2,4,1,0.26,0,1
8830,48,Female,HR,Sales Executive,2,2152,13,9,No,8,3,3,4,3,1,0.64,0,1
8831,43,Male,R&D,Analyst,5,7909,16,2,Yes,2,2,3,2,4,4,0.14,1,0
8832,34,Male,Sales,Sales Executive,4,12625,11,1,No,30,7,1,2,3,2,0.41,1,0
8833,38,Female,Finance,Sales Executive,4,4738,5,9,Yes,3,9,1,4,2,2,0.15,0,0
8834,27,Male,HR,Consultant,3,2138,8,1,No,26,5,3,1,2,2,0.77,1,1
8835,53,Female,Marketing,Technician,4,8239,11,6,No,17,6,3,3,1,2,0.15,0,0
8836,21,Female,IT,HR Specialist,3,2725,16,9,No,38,4,4,2,2,2,0.74,0,0
8837,46,Male,HR,Analyst,5,7700,15,5,No,3,4,2,1,2,3,0.1,1,1
8838,29,Male,Marketing,Engineer,2,13734,1,1,No,33,9,4,1,2,1,0.54,0,0
8839,54,Female,Marketing,Analyst,2,4365,17,7,Yes,30,7,4,3,2,4,0.21,1,1
8840,42,Male,Sales,Consultant,5,2018,15,5,Yes,15,0,2,1,2,2,0.15,0,0
8841,27,Male,Marketing,Sales Executive,5,11628,9,7,Yes,8,2,1,1,2,2,0.44,1,1
8842,47,Male,R&D,Manager,4,3961,18,5,No,30,6,2,1,1,3,0.96,0,1
8843,42,Male,Marketing,Analyst,2,12646,3,3,Yes,23,2,3,2,4,4,0.09,0,1
8844,23,Male,Marketing,HR Specialist,1,3851,6,7,Yes,12,8,3,2,3,3,0.44,1,1
8845,33,Male,IT,Manager,5,9112,15,3,No,39,1,3,2,1,1,0.09,0,0
8846,48,Male,R&D,Engineer,2,7521,18,5,No,8,0,3,4,4,4,0.24,1,1
8847,20,Female,HR,Engineer,2,11054,4,4,No,9,6,3,4,3,3,0.27,0,0
8848,23,Male,R&D,Manager,3,2100,4,3,No,8,8,3,3,1,1,0.51,0,0
8849,51,Female,R&D,Consultant,2,10784,6,6,Yes,38,3,3,4,3,3,0.78,0,1
8850,52,Male,HR,Engineer,5,8838,16,7,No,33,8,3,3,2,3,0.33,0,0
8851,45,Female,IT,Manager,4,14116,0,5,No,33,2,3,4,4,4,0.78,0,0
8852,36,Male,Marketing,Sales Executive,2,9135,2,0,No,11,7,3,3,3,3,0.02,0,0
8853,58,Female,R&D,Manager,1,8029,15,6,No,23,8,3,2,1,4,0.06,1,0
8854,42,Male,R&D,Sales Executive,5,14653,1,3,Yes,25,4,3,1,1,2,0.17,1,0
8855,51,Female,HR,Consultant,4,4509,0,1,No,15,4,2,1,1,3,0.45,1,1
8856,34,Male,Finance,HR Specialist,4,3955,6,2,Yes,10,4,3,3,2,2,0.37,1,0
8857,32,Male,R&D,HR Specialist,5,11846,9,9,No,20,8,4,3,1,1,0.72,0,1
8858,21,Female,Sales,Engineer,4,9078,2,3,Yes,16,8,2,2,2,3,0.99,1,1
8859,38,Female,Marketing,Technician,1,9543,17,6,No,35,2,3,4,2,2,0.8,0,1
8860,43,Male,Marketing,Technician,2,14619,2,8,No,34,3,3,3,2,1,0.82,0,1
8861,43,Female,IT,Manager,5,6780,6,9,No,21,5,2,2,1,1,0.99,0,1
8862,30,Female,R&D,Consultant,2,11880,14,5,No,1,7,2,4,4,4,0.46,0,0
8863,41,Male,HR,Sales Executive,2,2910,0,9,No,25,1,4,3,4,2,0.97,1,0
8864,34,Female,Sales,HR Specialist,4,8163,18,4,No,14,3,3,1,3,1,0.58,1,0
8865,29,Male,HR,Consultant,5,14833,4,8,No,19,4,3,4,2,2,0.68,0,0
8866,46,Female,R&D,HR Specialist,2,9993,6,7,Yes,8,5,4,1,4,3,0.03,0,1
8867,28,Male,Sales,HR Specialist,3,8715,10,7,Yes,15,0,3,2,1,4,0.47,1,1
8868,47,Female,IT,Engineer,1,8142,0,7,No,18,5,2,1,3,1,0.97,1,0
8869,20,Male,IT,HR Specialist,4,8605,1,7,Yes,1,9,3,1,3,4,0.93,0,1
8870,36,Male,IT,Technician,5,3181,13,7,Yes,33,6,2,4,1,2,0.39,1,0
8871,50,Female,Finance,Analyst,5,9531,9,9,Yes,1,8,4,1,1,2,0.57,0,1
8872,29,Female,HR,Engineer,4,13148,2,9,No,34,7,3,2,2,1,0.85,0,1
8873,56,Male,R&D,Manager,2,2604,13,6,No,4,2,3,3,1,4,0.31,0,0
8874,48,Male,Sales,Analyst,4,7849,4,1,No,17,4,4,3,1,2,0.22,1,1
8875,37,Female,Marketing,Engineer,5,4370,16,1,No,2,0,3,4,2,3,0.15,0,1
8876,57,Female,Marketing,Consultant,3,12202,6,4,Yes,39,8,2,4,1,3,0.13,1,1
8877,58,Female,HR,Engineer,2,14327,0,5,No,10,9,2,2,2,2,0.89,1,0
8878,25,Female,R&D,Sales Executive,4,2202,10,8,Yes,37,6,3,3,4,2,0.58,0,1
8879,59,Female,Finance,Analyst,5,2242,5,0,No,26,2,4,1,3,1,0.54,0,1
8880,31,Female,R&D,Analyst,5,11721,15,6,No,27,5,2,1,2,3,0.17,0,0
8881,33,Male,HR,Technician,5,8231,13,6,No,39,9,3,1,3,3,0.4,1,0
8882,29,Female,R&D,Analyst,3,5740,16,7,Yes,25,0,2,2,3,2,0.99,0,1
8883,39,Female,Marketing,HR Specialist,2,4721,14,0,No,29,2,3,2,4,2,0.48,0,1
8884,34,Female,Marketing,Technician,4,8026,13,9,Yes,18,0,1,1,3,2,0.05,0,1
8885,50,Female,Sales,Consultant,2,10851,6,3,No,22,6,3,2,4,2,0.4,1,0
8886,26,Male,Finance,HR Specialist,5,10904,9,9,Yes,26,2,2,2,4,4,0.05,1,1
8887,29,Male,Marketing,Technician,3,14087,18,4,No,26,4,4,2,2,4,0.65,0,0
8888,29,Male,Sales,Manager,3,11366,6,1,Yes,21,4,4,1,3,1,0.42,0,1
8889,58,Male,Finance,Consultant,5,7219,14,1,No,21,8,1,2,2,2,0.15,0,0
8890,47,Female,Marketing,Technician,2,10438,13,3,No,8,0,3,4,2,4,0.85,1,0
8891,49,Male,Finance,Manager,2,2730,14,2,No,2,2,3,4,2,2,0.59,0,0
8892,56,Female,R&D,Technician,3,14119,18,6,No,34,3,1,2,2,3,0.49,1,1
8893,22,Female,Sales,Manager,1,14135,15,6,No,12,3,3,1,1,2,0.79,1,1
8894,34,Male,Finance,HR Specialist,3,3560,1,1,No,18,7,4,3,2,3,0.57,1,0
8895,40,Male,Finance,Consultant,3,11176,1,4,Yes,17,7,3,1,4,2,0.07,0,0
8896,56,Female,R&D,Consultant,4,10687,0,4,Yes,15,3,3,1,3,1,0.26,0,0
8897,31,Male,Marketing,Technician,3,7408,15,7,No,3,9,3,2,4,3,0.57,0,0
8898,23,Male,Marketing,Sales Executive,1,8558,18,7,Yes,21,8,3,3,4,2,0.11,0,0
8899,28,Female,HR,Technician,3,12854,3,3,Yes,19,8,4,2,1,2,0.25,0,1
8900,58,Female,HR,Manager,2,12318,2,9,No,32,2,3,4,1,2,0.61,1,0
8901,47,Female,Marketing,Consultant,4,4575,10,0,Yes,11,8,3,2,4,2,0.93,0,0
8902,42,Female,IT,Engineer,4,9508,16,5,No,18,7,3,3,1,3,0.73,0,1
8903,59,Female,IT,HR Specialist,3,3082,4,6,No,29,3,2,3,4,2,0.51,0,1
8904,41,Male,Finance,Sales Executive,4,4753,8,0,Yes,3,9,3,4,2,4,0.21,0,0
8905,43,Female,Marketing,Engineer,4,4958,0,7,No,4,4,3,1,1,2,0.19,0,0
8906,45,Female,HR,Engineer,3,10735,8,8,Yes,28,1,3,1,3,4,0.78,0,0
8907,49,Female,Finance,HR Specialist,1,13255,3,7,No,9,6,2,1,4,4,0.93,0,0
8908,52,Male,Sales,Technician,3,8833,15,2,Yes,38,1,2,2,1,2,0.12,0,0
8909,35,Female,HR,Analyst,2,12094,14,8,No,7,0,3,2,1,3,0.68,0,0
8910,41,Female,HR,Sales Executive,5,6314,9,9,No,1,9,3,3,1,1,0.73,0,0
8911,37,Male,HR,Technician,1,13363,4,2,Yes,35,4,3,3,4,1,0.51,1,0
8912,26,Female,IT,HR Specialist,3,7090,15,3,Yes,34,7,4,1,3,4,0.33,0,1
8913,45,Female,R&D,Analyst,1,4150,5,5,No,9,3,3,2,2,4,0.71,0,0
8914,27,Female,R&D,HR Specialist,5,8103,15,6,No,26,0,3,3,2,2,0.46,1,1
8915,25,Male,IT,HR Specialist,4,2883,3,7,No,8,3,3,4,2,2,0.46,0,1
8916,49,Male,Marketing,Engineer,4,4677,14,6,No,19,8,3,1,4,1,0.1,1,0
8917,58,Female,Marketing,Consultant,5,12994,2,2,Yes,26,7,3,2,3,1,0.63,1,1
8918,42,Female,IT,Technician,4,7238,18,1,Yes,10,8,3,4,1,1,0.09,1,1
8919,51,Female,IT,HR Specialist,1,5975,8,1,Yes,30,6,3,4,3,4,0.28,0,0
8920,41,Male,Marketing,Technician,4,2006,4,8,No,36,5,4,1,2,4,0.18,1,0
8921,28,Male,R&D,Analyst,5,12627,15,6,Yes,31,5,3,3,3,1,0.95,0,1
8922,50,Male,Finance,Engineer,5,9645,2,6,Yes,8,0,3,2,4,3,0.08,0,1
8923,26,Male,IT,Analyst,5,11737,7,4,No,13,2,3,4,4,2,0.46,0,0
8924,28,Male,Finance,Analyst,2,7400,13,5,Yes,37,1,2,1,2,1,0.61,1,1
8925,32,Male,Finance,Engineer,1,4089,2,6,No,30,6,4,1,3,3,0.47,1,0
8926,22,Female,Sales,Technician,5,6191,15,8,Yes,15,9,3,1,3,3,0.66,0,1
8927,54,Male,R&D,Analyst,1,7623,6,9,No,35,5,1,2,1,3,0.03,0,0
8928,52,Female,Finance,Manager,2,4293,8,3,No,3,2,4,1,4,1,0.93,0,1
8929,40,Male,R&D,Technician,1,9391,2,5,Yes,29,3,2,3,1,4,0.35,0,1
8930,50,Female,R&D,Consultant,3,6209,7,0,No,24,0,3,2,3,3,0.43,0,1
8931,53,Male,Sales,Consultant,2,12783,11,6,No,23,3,2,3,3,2,0.54,1,0
8932,51,Female,Marketing,HR Specialist,2,6425,16,3,No,9,1,3,4,1,2,0.64,0,0
8933,54,Female,R&D,Engineer,4,13766,13,1,Yes,2,4,3,1,1,3,0.13,0,1
8934,34,Female,Finance,Consultant,5,14232,15,3,Yes,15,8,4,2,3,1,0.37,0,0
8935,51,Male,Marketing,Engineer,2,5224,18,7,No,32,8,3,2,3,4,0.6,0,1
8936,25,Male,Marketing,Technician,1,3240,3,1,No,18,0,3,4,1,1,0.53,1,1
8937,40,Male,HR,Manager,3,14021,2,0,No,29,5,2,3,2,4,0.05,0,0
8938,52,Female,Finance,Manager,1,9517,12,0,No,3,1,3,1,1,1,0.75,1,1
8939,51,Female,Finance,Manager,1,5493,8,6,No,33,0,3,2,4,2,0.39,0,1
8940,38,Female,R&D,Manager,3,5590,12,6,Yes,7,8,4,1,4,3,0.02,1,0
8941,52,Male,Finance,Sales Executive,4,10908,11,3,No,30,1,3,1,4,4,0.8,0,0
8942,47,Male,HR,Engineer,5,10455,14,4,No,27,5,3,2,2,2,0.01,0,0
8943,50,Female,R&D,Analyst,2,8944,2,4,No,38,5,1,1,4,2,0.2,0,1
8944,40,Male,IT,Engineer,5,2317,2,6,No,29,2,3,4,2,4,0.72,1,0
8945,53,Male,Finance,Consultant,4,4207,1,2,Yes,31,5,4,2,3,3,0.59,0,1
8946,34,Male,Finance,Engineer,3,12716,5,4,Yes,1,3,3,3,4,1,0.56,0,0
8947,33,Male,Sales,Engineer,5,2640,15,6,Yes,27,7,4,4,2,1,0.51,1,0
8948,38,Female,IT,Manager,1,2858,17,6,No,27,3,3,4,3,2,0.96,1,0
8949,34,Male,IT,Manager,2,6243,8,8,No,29,6,4,3,1,4,0.06,0,0
8950,25,Male,HR,Sales Executive,2,11662,2,3,No,5,9,4,4,3,1,0.46,0,0
8951,28,Female,IT,Technician,4,11166,15,0,No,3,1,3,2,3,4,0.97,0,0
8952,56,Female,Sales,Engineer,4,11477,3,4,Yes,29,5,3,2,2,4,0.26,0,0
8953,39,Male,HR,HR Specialist,3,10243,13,3,No,39,9,1,1,3,1,0.03,0,1
8954,53,Male,IT,Technician,4,14545,3,2,Yes,13,4,4,2,3,4,0.48,0,0
8955,57,Male,HR,Consultant,5,3019,17,6,No,33,0,2,3,2,4,0.77,0,0
8956,45,Male,IT,Sales Executive,2,9900,17,8,Yes,20,4,3,1,1,4,0.2,0,1
8957,37,Female,IT,Consultant,3,13814,17,3,Yes,3,5,3,4,1,2,0.25,1,1
8958,47,Female,Marketing,Manager,4,14535,2,5,Yes,6,1,3,3,1,4,0.16,0,1
8959,28,Female,IT,Consultant,1,12104,6,0,Yes,17,6,3,3,3,3,0.36,1,0
8960,51,Male,Finance,Engineer,2,10479,12,0,Yes,4,0,2,3,1,4,0.88,0,1
8961,25,Male,IT,Manager,3,7373,6,2,No,33,0,2,1,1,1,0.2,1,1
8962,33,Female,Finance,Technician,2,8357,12,4,No,33,0,3,3,4,4,0.26,1,0
8963,47,Male,R&D,Analyst,5,7211,3,5,Yes,6,1,3,3,4,2,0.88,1,1
8964,43,Female,Marketing,Manager,4,14831,15,8,Yes,14,0,3,3,2,4,0.93,0,0
8965,32,Female,Sales,Manager,4,9772,14,8,No,7,6,3,4,1,3,0.05,0,0
8966,31,Female,HR,Sales Executive,4,6738,12,9,Yes,6,4,4,2,4,1,0.54,0,0
8967,38,Female,HR,Analyst,1,5901,9,0,No,3,6,4,3,3,1,0.3,1,1
8968,40,Female,R&D,Technician,5,9902,9,1,Yes,37,4,2,4,3,3,0.17,0,0
8969,46,Female,IT,HR Specialist,1,14300,4,7,No,22,7,4,1,1,4,0.52,0,1
8970,38,Female,Sales,HR Specialist,5,6933,3,4,Yes,38,9,4,2,4,4,0.78,0,1
8971,43,Male,R&D,HR Specialist,5,12772,18,2,No,8,7,2,3,2,1,0.17,0,0
8972,45,Female,R&D,Engineer,5,13708,14,8,No,24,8,1,2,1,4,0.32,0,1
8973,47,Female,HR,HR Specialist,4,9670,8,1,Yes,13,2,4,1,2,3,0.57,0,1
8974,37,Male,Finance,Engineer,4,3549,15,6,No,13,1,3,2,1,3,0.89,1,0
8975,55,Female,Finance,Technician,4,6934,3,9,Yes,1,6,2,4,3,3,0.89,0,1
8976,48,Male,IT,Technician,1,4666,10,7,No,36,6,4,4,3,2,0.66,0,0
8977,36,Female,IT,Manager,3,4453,16,1,No,32,2,4,1,4,2,0.74,1,1
8978,23,Male,R&D,HR Specialist,5,3567,0,0,No,5,1,2,3,4,2,0.11,0,0
8979,48,Male,IT,Sales Executive,1,5752,8,2,Yes,7,9,3,2,1,3,0.68,0,0
8980,23,Male,Finance,Technician,4,10479,11,7,Yes,32,1,1,2,1,1,0.34,0,0
8981,29,Female,Sales,Analyst,4,4473,11,3,Yes,28,2,3,1,2,4,0.71,0,0
8982,44,Male,HR,Analyst,3,2435,9,4,No,33,7,3,3,3,3,0.13,0,0
8983,50,Female,Finance,Technician,4,11181,8,8,Yes,14,7,1,1,3,2,0.58,0,1
8984,22,Female,Marketing,Manager,5,8224,19,3,No,13,0,3,2,1,3,0.36,0,0
8985,21,Female,IT,Consultant,2,13751,15,8,Yes,29,8,2,1,2,3,0.43,0,1
8986,44,Female,HR,Analyst,4,4405,12,5,No,1,4,4,1,3,4,0.11,1,0
8987,25,Female,Marketing,Analyst,3,10446,2,6,Yes,27,4,4,3,1,3,0.69,0,0
8988,45,Female,HR,Consultant,2,12201,17,7,Yes,30,1,3,4,1,3,0.75,0,1
8989,27,Female,R&D,Manager,5,3834,3,9,No,34,4,3,2,4,3,0.13,0,0
8990,54,Male,IT,Consultant,5,9042,18,9,Yes,1,5,1,1,2,3,0.5,0,1
8991,46,Female,R&D,Manager,5,14453,12,0,Yes,34,6,3,3,4,3,0.79,0,0
8992,44,Female,HR,Manager,3,10656,12,8,Yes,7,0,3,4,1,4,0.22,0,0
8993,37,Male,R&D,Sales Executive,2,6351,11,1,No,1,2,4,2,3,3,0.09,1,0
8994,20,Female,IT,Manager,5,2422,0,2,No,18,3,3,3,3,1,0.91,0,0
8995,58,Male,Finance,Manager,4,14485,1,0,Yes,35,6,3,3,3,2,0.76,1,0
8996,22,Male,Sales,Manager,2,14844,2,9,Yes,19,7,3,3,2,1,0.3,0,0
8997,23,Female,Marketing,Technician,5,7933,12,2,No,13,4,3,2,2,3,0.73,0,1
8998,56,Female,Finance,HR Specialist,2,12087,11,1,No,23,6,3,2,1,2,0.03,0,0
8999,34,Male,HR,Technician,4,11480,15,6,No,2,1,4,3,3,2,0.81,0,0
9000,27,Female,Finance,HR Specialist,1,8072,13,6,No,3,7,2,2,2,1,0.39,0,1
9001,57,Male,R&D,Sales Executive,5,11540,13,5,No,22,1,2,4,2,2,0.26,0,0
9002,38,Male,IT,Sales Executive,4,2554,16,9,No,36,2,4,4,3,4,0.21,0,0
9003,45,Female,Finance,Analyst,3,2006,4,3,Yes,8,2,4,3,4,3,0.41,0,1
9004,58,Male,Finance,Consultant,5,3765,5,2,No,23,5,3,4,2,2,0.65,1,0
9005,29,Female,IT,Consultant,1,4091,9,6,No,8,9,3,3,1,4,0.79,1,0
9006,57,Female,R&D,Technician,4,13435,8,2,Yes,25,5,2,1,1,4,0.02,0,1
9007,33,Male,Sales,HR Specialist,4,13365,6,8,Yes,35,0,3,2,2,1,0.94,0,1
9008,38,Male,Finance,Sales Executive,2,6830,3,9,No,11,9,3,3,1,4,0.84,0,0
9009,49,Female,Marketing,Sales Executive,5,3657,6,7,Yes,6,1,4,3,1,1,0.96,0,0
9010,24,Female,HR,Technician,1,11003,10,6,No,17,4,3,1,2,1,0.26,0,0
9011,50,Female,R&D,Analyst,3,8094,5,1,Yes,36,8,3,4,2,1,0.16,1,0
9012,26,Male,R&D,Manager,2,9463,15,9,Yes,18,5,3,4,3,3,0.87,1,0
9013,38,Female,Finance,Engineer,5,11420,15,2,Yes,33,5,3,1,1,4,0.02,0,0
9014,50,Male,Marketing,Analyst,1,3962,12,7,Yes,18,0,2,4,1,1,0.42,1,0
9015,58,Male,IT,Consultant,2,2490,11,2,No,7,7,4,3,2,3,0.43,0,1
9016,43,Male,Finance,Consultant,1,10509,1,7,Yes,29,8,3,4,3,2,0.23,0,1
9017,53,Female,Finance,Engineer,1,14505,12,3,Yes,5,4,3,4,1,1,0.23,0,1
9018,42,Male,IT,Analyst,2,10082,0,4,Yes,16,9,3,4,1,2,0.67,0,1
9019,59,Female,HR,Analyst,2,4548,9,8,No,31,2,3,3,2,3,0.32,0,0
9020,25,Male,IT,Manager,5,12032,9,9,Yes,5,9,4,1,3,1,0.1,0,0
9021,57,Female,Finance,Sales Executive,2,11408,10,1,No,10,4,3,1,1,4,0.34,1,0
9022,55,Female,Sales,HR Specialist,5,10524,8,2,No,29,4,3,2,1,1,0.5,0,0
9023,46,Male,IT,Analyst,1,3176,3,0,Yes,29,0,3,1,1,1,0.04,0,0
9024,30,Female,HR,Manager,2,8099,16,7,Yes,16,8,3,2,4,3,0.99,0,1
9025,24,Male,IT,Consultant,5,4600,18,8,No,4,9,3,4,4,1,0.71,1,0
9026,36,Male,IT,Engineer,5,5094,9,9,No,1,1,2,1,4,1,0.11,0,1
9027,26,Male,R&D,Technician,3,4263,12,8,Yes,8,4,3,4,1,1,0.04,0,1
9028,46,Male,R&D,Consultant,5,3066,1,2,No,28,0,3,4,4,4,0.99,0,0
9029,34,Male,Finance,Technician,5,13624,8,4,Yes,1,6,1,4,4,2,0.63,0,0
9030,32,Male,Finance,Sales Executive,3,7744,6,8,Yes,28,6,3,3,3,3,0.6,0,1
9031,30,Male,IT,Technician,4,4790,9,4,Yes,3,4,4,2,2,1,0.22,0,0
9032,45,Female,Sales,Analyst,2,9079,11,0,No,2,9,2,2,1,3,0.87,0,1
9033,41,Male,Marketing,Engineer,3,12653,19,0,Yes,25,9,3,3,3,3,0.07,1,0
9034,47,Male,Finance,Analyst,5,13681,10,3,Yes,37,1,3,4,1,1,0.77,0,1
9035,43,Female,IT,Technician,5,12861,3,6,Yes,11,7,3,3,2,1,0.13,1,1
9036,48,Female,IT,HR Specialist,2,3673,11,6,Yes,18,2,3,1,4,1,0.8,0,1
9037,28,Male,Marketing,Consultant,1,4363,11,6,Yes,39,4,4,2,2,2,0.21,0,1
9038,23,Male,IT,Technician,3,14160,7,5,Yes,20,5,3,4,2,3,0.97,0,0
9039,37,Male,Marketing,HR Specialist,4,5723,19,0,Yes,17,5,2,4,1,3,0.2,0,0
9040,35,Female,Marketing,Technician,2,5501,13,2,Yes,7,7,3,4,2,1,0.6,1,0
9041,52,Male,IT,Sales Executive,2,4814,6,4,No,17,0,4,4,3,2,0.87,0,1
9042,48,Female,IT,Engineer,3,8642,2,3,No,4,4,3,3,3,4,0.43,1,0
9043,58,Male,R&D,HR Specialist,5,2348,18,3,No,36,6,3,2,1,2,0.47,0,0
9044,29,Male,Marketing,Manager,5,4122,13,8,Yes,30,4,2,2,2,1,0.95,0,0
9045,28,Female,HR,Sales Executive,4,6133,18,6,No,1,7,4,1,1,2,0.07,1,0
9046,50,Male,Marketing,Analyst,3,13709,9,8,Yes,35,1,1,2,1,4,0.51,1,1
9047,47,Male,HR,Technician,2,2211,11,6,No,12,4,4,1,1,2,0.4,0,1
9048,22,Male,IT,Engineer,3,5529,17,9,No,17,3,3,4,1,1,0.5,0,1
9049,33,Female,Finance,Engineer,1,9737,18,2,Yes,16,2,1,2,3,4,0.29,1,0
9050,44,Male,Sales,Technician,2,13828,17,9,No,28,1,2,2,1,2,0.07,1,0
9051,34,Male,IT,Manager,4,8349,12,3,No,32,7,4,2,1,3,0.25,0,0
9052,21,Female,Sales,Consultant,4,6100,16,8,Yes,35,3,3,1,1,3,0.02,0,0
9053,43,Female,R&D,Consultant,2,11458,5,0,No,19,9,3,1,4,3,0.12,0,0
9054,33,Male,HR,HR Specialist,5,2147,15,2,No,29,9,3,2,4,4,0.24,0,0
9055,26,Male,R&D,Technician,2,3709,17,3,Yes,29,3,3,3,4,4,0.3,0,0
9056,55,Female,Finance,Engineer,2,5022,8,3,No,16,3,3,3,2,4,0.38,1,0
9057,43,Male,Finance,Manager,1,5990,12,6,Yes,4,8,3,3,4,4,0.9,0,1
9058,46,Male,Marketing,Consultant,2,13656,3,3,No,21,6,4,4,3,2,0.57,1,0
9059,56,Female,IT,Manager,3,9854,12,9,No,1,9,3,3,1,1,0.89,0,0
9060,57,Male,Marketing,Consultant,3,5836,2,7,No,19,2,3,4,1,1,0.06,0,0
9061,49,Male,Finance,Analyst,4,10183,3,0,Yes,26,4,3,3,4,4,0.33,0,0
9062,46,Female,Finance,Manager,5,13513,18,2,Yes,12,3,2,4,3,3,0.39,0,0
9063,58,Male,Marketing,Sales Executive,4,6523,0,9,No,17,0,3,2,2,2,0.06,1,1
9064,34,Male,R&D,Engineer,1,2368,0,9,No,37,3,3,4,2,2,0.92,1,0
9065,45,Male,Sales,Sales Executive,2,9144,8,5,Yes,28,6,3,3,2,3,0.29,1,1
9066,20,Female,HR,Consultant,4,14172,2,2,No,36,4,3,3,1,4,0.78,0,0
9067,23,Male,Finance,Manager,2,14935,2,7,Yes,29,5,4,2,1,1,0.47,0,1
9068,48,Female,Marketing,Manager,4,3470,17,6,Yes,5,5,3,3,1,2,0.45,0,0
9069,20,Female,Finance,Sales Executive,2,13285,1,4,Yes,38,6,3,1,4,3,0.85,1,1
9070,41,Male,R&D,Analyst,4,4597,10,1,No,3,0,4,3,1,1,0.33,0,0
9071,30,Female,HR,Manager,3,14826,8,4,Yes,15,5,3,3,3,2,0.04,0,1
9072,29,Male,R&D,Sales Executive,1,13545,1,8,Yes,3,8,3,2,2,3,0.52,0,1
9073,36,Male,Sales,Sales Executive,4,3302,19,4,No,13,9,3,4,4,2,0.24,0,1
9074,55,Male,R&D,Engineer,3,13516,3,2,Yes,5,4,4,1,4,4,0.34,1,1
9075,45,Female,HR,Analyst,5,3894,8,6,No,21,6,2,2,2,2,0.36,1,1
9076,40,Male,HR,HR Specialist,4,14254,13,2,No,23,2,4,4,2,4,0.89,1,0
9077,32,Male,Finance,Sales Executive,2,4524,18,7,No,22,3,2,1,3,1,0.87,1,1
9078,28,Male,Sales,Engineer,1,3088,15,4,No,34,3,4,2,3,1,0.93,0,1
9079,30,Female,IT,HR Specialist,3,7705,13,4,No,26,5,2,2,2,4,0.58,0,0
9080,30,Female,Finance,Engineer,3,3326,14,5,No,31,2,3,1,2,4,0.59,1,0
9081,25,Male,Marketing,Engineer,1,9484,17,9,Yes,35,2,4,1,2,2,0.49,0,1
9082,20,Male,R&D,Technician,4,6269,14,5,No,7,9,2,1,3,1,0.73,1,0
9083,25,Male,R&D,Analyst,2,9582,18,2,No,32,4,3,1,2,3,0.92,0,1
9084,32,Male,HR,Manager,5,11475,8,6,No,22,1,3,3,4,4,0.03,0,0
9085,41,Female,Marketing,Analyst,4,5356,15,8,Yes,6,0,1,3,2,1,0.27,0,0
9086,50,Female,HR,HR Specialist,1,8216,16,0,Yes,21,1,3,4,3,3,0.05,0,0
9087,41,Female,Marketing,Technician,4,3102,9,3,No,39,8,3,3,3,3,0.34,1,0
9088,56,Female,HR,Analyst,4,3067,4,3,No,37,2,4,4,3,2,0.85,1,0
9089,46,Female,IT,Manager,1,2744,8,0,Yes,27,2,2,1,3,4,0.48,0,0
9090,33,Female,IT,Analyst,1,5074,13,5,No,10,0,4,4,1,1,0.89,0,1
9091,24,Female,Finance,Analyst,5,4490,9,1,No,22,1,3,3,2,1,0.86,0,1
9092,55,Male,IT,Analyst,1,12318,0,5,Yes,18,5,3,3,2,3,0.14,0,1
9093,51,Male,Marketing,Sales Executive,1,9544,19,0,Yes,4,1,3,3,3,1,0.28,0,0
9094,53,Male,HR,Sales Executive,1,5764,2,9,Yes,35,9,3,3,2,3,0.56,1,1
9095,26,Male,Marketing,Analyst,3,8021,15,4,Yes,38,9,4,1,4,2,0.37,0,1
9096,29,Male,Finance,Manager,1,4862,4,5,Yes,38,7,2,2,1,1,0.62,0,1
9097,36,Male,Finance,Consultant,1,13270,12,9,No,36,5,2,1,2,2,0.6,0,0
9098,49,Female,Sales,Manager,1,11074,4,1,No,4,1,4,2,4,2,0.03,0,0
9099,40,Male,IT,Manager,5,7955,10,0,Yes,10,9,3,1,3,3,0.4,0,1
9100,32,Female,R&D,Manager,4,8868,16,6,Yes,32,5,3,1,1,4,0.45,0,1
9101,20,Male,R&D,Technician,1,4560,2,0,No,10,1,3,3,3,1,0.89,0,0
9102,20,Female,Sales,Technician,1,6791,5,6,No,10,0,3,3,3,1,0.71,1,0
9103,52,Female,HR,Engineer,5,5834,15,0,Yes,11,4,3,1,4,1,0.23,1,1
9104,57,Male,Sales,Analyst,4,4774,19,8,No,39,4,4,3,1,3,0.59,0,1
9105,44,Male,HR,Consultant,5,10268,1,4,No,9,7,3,2,1,2,0.42,0,0
9106,45,Male,IT,Consultant,2,5114,4,5,No,13,3,2,4,2,3,0.9,1,1
9107,32,Male,IT,Analyst,2,13420,18,6,No,18,1,2,2,3,2,0.04,0,0
9108,47,Male,Finance,Engineer,2,7704,19,0,Yes,37,6,3,3,2,3,1.0,1,0
9109,52,Female,Finance,Manager,1,3012,10,7,No,11,2,1,3,2,1,0.13,0,1
9110,56,Male,Finance,HR Specialist,5,6285,17,5,No,28,2,1,1,2,3,0.63,0,0
9111,49,Female,Finance,HR Specialist,1,11066,2,1,No,6,7,4,1,3,4,0.3,1,1
9112,27,Female,R&D,Engineer,2,6357,11,0,Yes,33,2,3,1,3,3,0.51,1,0
9113,20,Female,Finance,Consultant,4,5556,12,0,No,14,1,2,3,4,4,0.3,0,0
9114,31,Male,Finance,HR Specialist,4,4325,19,3,Yes,29,9,3,3,2,2,0.44,1,0
9115,24,Male,Finance,Sales Executive,5,8957,19,2,Yes,39,8,3,1,1,3,0.23,0,1
9116,43,Male,HR,Analyst,4,11917,8,5,No,15,7,3,3,1,3,0.08,1,0
9117,25,Male,Marketing,HR Specialist,2,5988,8,9,Yes,5,1,3,4,3,1,0.62,1,0
9118,44,Male,Finance,Technician,5,4354,6,7,Yes,22,7,1,2,3,1,0.88,0,1
9119,20,Male,Sales,Technician,5,14159,0,0,Yes,31,4,3,2,2,4,0.56,0,1
9120,44,Female,Finance,Consultant,2,12846,0,6,Yes,19,9,3,4,4,2,0.46,0,0
9121,20,Male,Finance,Consultant,2,8693,18,7,No,18,9,4,2,2,2,0.03,0,0
9122,51,Female,R&D,Sales Executive,2,13419,2,4,No,6,3,4,4,4,3,0.49,0,0
9123,22,Female,Marketing,Analyst,2,14587,6,7,Yes,9,9,1,1,4,1,0.74,0,0
9124,38,Male,Finance,Sales Executive,5,4394,11,0,No,30,4,2,4,1,3,0.16,1,0
9125,48,Male,Marketing,Analyst,4,7542,15,1,Yes,31,9,3,1,3,1,0.76,0,0
9126,21,Male,HR,Analyst,2,6521,12,3,Yes,35,4,1,2,3,2,0.48,1,1
9127,28,Male,IT,Consultant,3,2041,17,0,No,17,0,3,4,2,2,0.76,0,1
9128,36,Male,Marketing,HR Specialist,5,14925,16,4,Yes,16,4,3,2,4,1,0.15,0,0
9129,55,Male,Marketing,Technician,1,3848,8,9,No,33,6,3,4,2,3,0.2,0,1
9130,36,Female,Finance,Engineer,4,12316,13,2,No,4,7,2,2,4,2,0.45,0,0
9131,31,Female,Finance,HR Specialist,5,6191,4,1,Yes,31,7,2,3,4,4,0.48,1,1
9132,39,Female,Finance,Consultant,2,9430,10,6,No,33,1,4,2,1,2,0.99,1,0
9133,22,Female,R&D,Manager,3,4866,19,1,No,36,9,3,4,3,4,0.99,0,0
9134,23,Female,IT,Sales Executive,1,11838,5,8,No,11,0,4,2,2,1,0.46,1,1
9135,36,Female,R&D,Consultant,4,8893,5,5,No,4,3,2,1,2,3,0.24,0,1
9136,56,Male,R&D,Manager,2,10396,7,7,Yes,36,2,3,1,1,1,0.69,0,1
9137,34,Male,R&D,Analyst,5,5334,0,2,No,5,7,2,4,4,2,0.19,0,0
9138,52,Male,HR,Consultant,5,5659,8,4,Yes,21,5,3,3,4,3,0.28,0,1
9139,35,Female,IT,HR Specialist,4,9079,9,2,No,13,4,2,2,4,3,0.54,0,0
9140,30,Female,HR,Manager,3,2654,16,8,Yes,4,8,3,1,4,1,0.95,0,1
9141,39,Female,HR,Manager,2,4362,2,0,Yes,35,5,3,3,3,1,0.03,0,0
9142,57,Male,IT,Technician,4,11584,12,7,Yes,26,5,1,3,1,2,0.67,0,0
9143,43,Male,HR,Consultant,4,13860,7,5,No,26,0,2,3,1,4,0.87,0,0
9144,35,Male,IT,Manager,5,10075,19,6,Yes,19,8,4,1,1,1,0.73,1,0
9145,49,Female,Marketing,Technician,4,7371,13,1,Yes,37,1,3,2,1,3,0.48,0,1
9146,53,Female,Marketing,Technician,1,7452,19,6,Yes,11,0,4,4,4,4,0.86,1,0
9147,20,Female,Finance,Analyst,1,6839,7,0,No,2,6,2,2,1,1,0.78,0,1
9148,43,Male,R&D,Technician,2,9593,18,6,No,31,4,3,2,4,1,0.73,1,1
9149,43,Female,Marketing,Analyst,4,2284,12,7,No,18,5,2,3,2,1,0.11,0,0
9150,28,Male,Marketing,Technician,5,11532,5,1,Yes,11,3,3,1,1,4,0.7,0,0
9151,41,Male,HR,Technician,2,2511,3,9,Yes,16,7,2,1,4,1,0.16,0,0
9152,31,Male,IT,Consultant,3,13247,5,1,Yes,2,6,4,2,3,2,0.9,0,1
9153,36,Male,Sales,Consultant,5,6124,19,2,Yes,32,0,3,3,1,1,0.65,0,1
9154,44,Male,HR,Analyst,3,14003,1,9,No,22,5,4,2,1,3,0.88,0,1
9155,47,Male,HR,Manager,2,13557,9,3,No,36,2,3,2,3,1,0.17,0,0
9156,34,Male,IT,Sales Executive,1,5078,10,7,Yes,8,7,4,3,4,3,0.58,1,1
9157,49,Female,Sales,HR Specialist,5,6637,10,2,No,36,5,4,4,2,4,0.01,0,1
9158,46,Male,Sales,HR Specialist,5,12454,2,5,No,25,5,3,4,3,1,0.09,1,0
9159,41,Female,Finance,Analyst,2,14914,10,9,No,31,4,3,2,2,1,0.35,0,0
9160,29,Male,HR,Manager,5,14215,7,7,No,4,7,1,4,4,4,0.28,0,1
9161,50,Male,R&D,Consultant,5,10406,16,9,No,39,5,3,4,2,2,0.8,0,0
9162,46,Male,Marketing,Consultant,2,13433,0,1,No,10,6,2,3,2,4,0.54,0,1
9163,31,Female,HR,Sales Executive,4,12460,15,3,Yes,27,8,2,1,3,4,0.9,0,0
9164,50,Male,R&D,Engineer,2,7119,19,0,Yes,38,5,4,3,1,3,0.95,0,1
9165,51,Male,R&D,Consultant,5,5331,6,7,No,17,5,4,4,1,1,0.87,0,0
9166,51,Female,IT,Analyst,2,4308,7,0,No,38,8,2,1,3,1,0.28,1,0
9167,54,Female,HR,Engineer,5,3837,12,8,No,25,5,4,2,4,3,0.61,0,0
9168,40,Female,IT,HR Specialist,3,10010,4,5,Yes,17,6,4,2,3,3,0.76,1,0
9169,29,Female,Finance,HR Specialist,3,7119,17,2,Yes,13,3,4,2,2,1,0.53,0,1
9170,35,Male,R&D,Consultant,1,7736,11,7,No,21,4,3,4,1,2,0.33,0,1
9171,26,Male,Sales,Sales Executive,2,2565,15,1,Yes,15,7,4,3,1,2,0.18,0,1
9172,23,Female,R&D,Sales Executive,2,13883,2,2,No,24,9,3,3,3,3,0.96,1,0
9173,46,Male,Finance,Engineer,3,9639,11,6,Yes,7,9,3,4,1,1,0.21,0,0
9174,44,Female,R&D,Consultant,3,14090,18,0,Yes,38,4,2,1,4,2,0.81,0,1
9175,50,Female,IT,HR Specialist,3,10992,19,8,Yes,22,3,3,2,3,2,0.13,0,1
9176,30,Female,HR,Sales Executive,1,3278,17,9,Yes,10,7,3,3,1,1,0.99,0,0
9177,39,Male,Sales,Sales Executive,1,11493,7,8,No,33,4,4,2,4,4,0.34,1,1
9178,55,Female,IT,HR Specialist,4,13822,12,2,No,12,1,2,2,1,4,0.78,0,0
9179,36,Male,Marketing,Consultant,2,14933,7,3,No,8,9,3,4,3,2,0.15,0,0
9180,30,Male,HR,HR Specialist,1,9191,9,1,Yes,22,7,2,2,3,4,0.72,1,0
9181,49,Male,Sales,Manager,5,7084,13,9,Yes,39,7,2,4,4,4,0.69,0,1
9182,54,Female,Finance,Technician,2,5504,14,0,Yes,39,6,2,2,2,2,0.38,1,1
9183,57,Male,R&D,Sales Executive,4,11183,14,7,Yes,16,8,4,1,3,1,0.04,0,1
9184,41,Female,Sales,Engineer,3,14916,5,8,Yes,34,8,3,1,4,1,0.41,1,1
9185,46,Male,Marketing,Consultant,4,12717,13,8,No,16,3,3,3,4,2,0.56,0,0
9186,56,Male,Finance,Analyst,2,7613,5,9,No,14,6,1,4,4,2,0.06,0,0
9187,54,Male,HR,Analyst,3,12621,0,4,Yes,6,0,3,3,3,3,0.27,1,1
9188,23,Female,Sales,HR Specialist,4,8517,9,4,No,10,0,2,3,2,4,0.98,0,0
9189,35,Female,Finance,Technician,4,12792,18,4,No,24,2,3,1,2,2,0.92,0,1
9190,35,Female,HR,Consultant,2,8905,10,5,No,27,5,2,2,2,4,0.82,1,0
9191,40,Female,IT,Consultant,1,13352,2,3,Yes,9,9,3,1,2,2,0.15,1,1
9192,45,Male,R&D,Engineer,5,12331,5,1,No,16,7,3,3,1,4,0.41,1,0
9193,55,Male,Finance,Manager,4,2376,8,1,Yes,2,4,3,1,2,1,0.21,0,1
9194,38,Female,IT,Sales Executive,5,10142,8,5,Yes,31,2,2,2,1,1,0.22,0,0
9195,36,Female,Marketing,Manager,2,3104,3,4,Yes,19,1,3,4,1,2,0.88,0,1
9196,45,Female,Marketing,Consultant,2,8746,2,3,No,11,9,1,2,4,4,0.41,1,1
9197,41,Female,HR,Engineer,1,12339,19,5,No,22,7,2,2,1,2,0.85,1,0
9198,47,Male,Sales,Manager,3,11805,18,3,Yes,29,8,3,4,2,4,0.37,0,1
9199,20,Female,R&D,HR Specialist,5,7674,10,9,No,31,6,4,4,4,2,0.05,1,0
9200,55,Female,HR,Analyst,4,7242,18,3,Yes,8,5,4,2,2,2,0.13,1,1
9201,56,Male,Finance,HR Specialist,3,4847,16,5,No,10,9,3,1,1,3,0.04,0,1
9202,21,Female,R&D,Sales Executive,5,13659,7,3,No,6,1,3,2,1,3,0.28,1,0
9203,36,Male,IT,HR Specialist,5,10214,5,8,No,31,1,2,4,3,3,0.52,0,0
9204,59,Female,R&D,Engineer,3,4703,4,6,Yes,35,5,3,2,3,3,0.22,0,0
9205,57,Male,IT,Consultant,3,14203,7,5,No,29,8,2,4,2,3,0.58,0,0
9206,40,Female,HR,Engineer,1,6865,7,2,No,21,8,1,4,3,3,0.29,0,1
9207,28,Female,Sales,Sales Executive,4,8662,2,3,Yes,5,8,4,2,4,4,0.49,0,1
9208,32,Female,Marketing,Sales Executive,4,5348,18,1,No,5,2,3,4,3,3,0.31,1,1
9209,30,Female,R&D,Analyst,4,13961,15,2,Yes,24,2,3,4,2,1,0.6,0,0
9210,35,Female,Sales,Manager,3,11110,9,0,Yes,15,8,2,3,4,2,0.64,1,1
9211,35,Male,Sales,Analyst,1,12171,2,8,Yes,28,4,3,3,2,1,0.86,0,0
9212,21,Female,Marketing,HR Specialist,2,2376,8,9,No,34,2,4,1,4,3,0.83,0,1
9213,27,Male,R&D,Manager,1,8434,7,2,No,13,6,4,2,1,4,0.55,1,0
9214,32,Male,R&D,Sales Executive,3,11442,7,7,No,32,5,3,3,3,2,0.4,0,0
9215,36,Male,Sales,Engineer,1,11388,7,3,No,22,9,4,3,1,3,0.21,0,0
9216,58,Male,Finance,HR Specialist,3,11862,19,7,Yes,29,2,3,3,3,2,0.62,0,0
9217,43,Female,Finance,Analyst,5,9620,6,6,No,3,5,2,2,4,2,0.55,1,0
9218,22,Female,R&D,Consultant,5,13332,13,3,No,5,9,3,4,1,1,0.04,0,1
9219,49,Female,Sales,Technician,2,13544,16,6,Yes,11,8,4,4,4,4,0.04,0,0
9220,32,Female,Sales,Technician,5,13102,11,7,Yes,26,1,3,4,3,2,0.15,0,0
9221,38,Male,HR,Sales Executive,2,8485,4,9,Yes,9,4,3,1,1,4,0.72,0,1
9222,26,Male,Sales,Consultant,4,3356,1,2,Yes,11,9,3,3,2,1,0.86,1,1
9223,28,Male,Marketing,Manager,3,3766,14,4,Yes,1,4,4,1,2,3,0.03,0,0
9224,38,Female,Finance,Technician,4,7505,10,2,No,38,5,2,2,4,1,0.82,0,0
9225,59,Female,HR,Manager,4,11557,14,6,No,28,1,3,3,4,4,0.47,0,1
9226,41,Female,Marketing,Engineer,2,12556,12,5,No,23,5,3,4,1,3,0.4,0,0
9227,37,Female,Finance,Sales Executive,3,14168,18,0,Yes,31,0,3,1,1,4,0.54,0,0
9228,42,Male,Marketing,Sales Executive,2,7426,11,9,No,2,9,4,2,4,2,0.94,0,0
9229,21,Female,IT,HR Specialist,1,5841,14,4,No,18,6,2,4,4,2,0.57,0,0
9230,30,Female,R&D,HR Specialist,4,5244,11,3,No,16,0,3,4,3,4,0.1,1,0
9231,50,Male,IT,Consultant,3,2543,17,1,No,17,1,4,3,4,2,0.47,1,0
9232,52,Male,R&D,Manager,4,13463,3,0,No,17,3,3,1,2,1,0.98,0,1
9233,33,Female,Finance,Technician,1,13855,10,6,Yes,35,4,3,4,4,4,0.16,1,1
9234,35,Female,Finance,Technician,1,8047,14,6,Yes,31,9,3,1,3,3,0.46,0,0
9235,30,Male,IT,Analyst,3,10967,4,5,Yes,35,0,3,2,3,4,0.7,0,1
9236,52,Female,Marketing,Manager,3,3620,4,4,No,24,0,3,3,2,3,0.36,0,0
9237,26,Male,R&D,Technician,1,6312,19,8,No,37,4,3,1,3,4,0.77,1,0
9238,50,Male,R&D,HR Specialist,4,10723,9,1,No,30,5,3,3,4,4,0.21,0,1
9239,33,Female,HR,HR Specialist,5,14736,9,2,No,18,2,1,2,1,4,0.09,1,1
9240,47,Male,Sales,HR Specialist,4,9828,5,8,No,27,4,4,4,2,2,0.33,0,1
9241,35,Female,Marketing,Manager,5,2888,5,1,No,16,1,4,1,4,4,0.87,0,1
9242,38,Female,Marketing,Sales Executive,2,12105,5,2,Yes,20,7,2,4,1,3,0.71,0,0
9243,36,Female,HR,Consultant,3,14248,6,5,Yes,28,2,3,3,2,4,0.98,1,0
9244,45,Female,Finance,Analyst,1,2392,17,9,No,21,2,2,1,1,2,0.33,1,0
9245,25,Male,IT,Analyst,2,11813,3,6,Yes,33,8,1,4,2,1,0.5,1,1
9246,28,Female,Marketing,HR Specialist,4,5457,13,1,Yes,9,3,3,4,1,2,0.42,1,1
9247,36,Female,R&D,Engineer,5,9668,10,7,No,24,9,2,3,2,2,0.49,0,0
9248,50,Male,HR,Manager,3,4363,6,8,Yes,13,2,2,4,4,3,0.14,0,1
9249,31,Female,IT,Technician,5,9354,17,0,Yes,30,4,2,1,1,4,0.2,1,1
9250,42,Female,IT,Technician,4,11540,19,5,No,33,5,3,2,4,1,0.5,1,1
9251,24,Female,Marketing,Consultant,4,13052,1,3,No,24,9,2,4,4,1,0.97,1,0
9252,55,Female,Sales,Sales Executive,1,2317,1,9,Yes,20,0,3,3,2,1,0.94,0,1
9253,55,Male,R&D,HR Specialist,2,8537,6,9,No,1,6,2,3,3,2,0.09,1,0
9254,22,Male,IT,Engineer,3,14666,10,4,No,23,3,1,1,4,3,0.58,0,0
9255,43,Female,R&D,HR Specialist,1,10896,17,5,No,33,8,4,2,3,1,0.62,0,1
9256,36,Male,Marketing,Engineer,5,5771,19,5,No,17,1,3,2,1,2,0.64,1,0
9257,58,Male,HR,Analyst,2,11233,6,6,Yes,2,1,2,3,4,2,0.64,0,0
9258,45,Male,IT,Engineer,3,13066,19,8,Yes,31,9,3,2,3,3,0.06,0,1
9259,23,Male,Marketing,Analyst,5,6244,4,3,Yes,31,1,3,2,3,2,0.51,1,1
9260,31,Female,IT,Analyst,3,6653,1,8,Yes,16,9,2,1,4,4,0.0,1,1
9261,20,Male,HR,Manager,3,8885,13,0,No,37,9,4,2,2,2,0.92,0,0
9262,40,Female,R&D,Consultant,2,12701,6,8,No,37,7,4,4,4,3,0.02,0,1
9263,38,Female,R&D,Engineer,5,6006,9,7,Yes,7,1,3,2,3,2,0.78,1,0
9264,40,Male,IT,Sales Executive,1,14002,17,1,Yes,36,3,4,1,2,2,0.24,0,1
9265,37,Female,Marketing,Sales Executive,1,13216,7,6,No,1,9,2,3,2,2,0.59,0,0
9266,22,Male,HR,Engineer,1,14982,15,6,No,30,0,1,4,1,1,0.45,1,1
9267,51,Female,Finance,Consultant,3,6642,13,1,Yes,18,3,3,1,3,4,0.54,0,1
9268,29,Female,R&D,Manager,4,4127,8,7,No,39,5,3,4,3,1,0.6,0,0
9269,59,Male,Finance,Sales Executive,2,6613,5,5,No,26,5,1,3,4,2,0.98,0,0
9270,34,Female,IT,HR Specialist,1,4749,6,5,No,11,2,3,1,3,2,0.78,1,0
9271,24,Male,Finance,Sales Executive,2,10435,8,4,No,1,8,4,3,4,2,0.8,1,1
9272,23,Female,Marketing,Manager,3,10200,6,7,Yes,38,4,3,4,1,3,0.9,0,1
9273,47,Female,Marketing,Analyst,2,5654,8,9,Yes,5,8,1,3,4,4,0.91,0,1
9274,23,Male,Finance,Analyst,1,12885,6,8,Yes,22,1,3,3,1,1,0.85,1,0
9275,34,Male,Marketing,Analyst,1,11515,11,4,Yes,13,2,2,1,2,4,0.75,0,1
9276,36,Male,R&D,Manager,3,7439,16,0,No,17,6,2,4,1,2,0.0,0,0
9277,22,Female,IT,Analyst,3,12488,19,5,No,7,4,3,3,2,3,0.6,0,0
9278,29,Male,Finance,Consultant,5,4370,11,0,No,38,8,1,4,1,4,0.07,0,0
9279,42,Male,R&D,Analyst,3,4603,4,4,Yes,7,1,1,1,3,3,0.01,1,1
9280,37,Male,Finance,Manager,4,7747,17,5,Yes,12,8,3,3,4,4,0.02,1,0
9281,20,Male,R&D,HR Specialist,4,5533,4,2,No,38,7,3,2,1,2,0.93,0,0
9282,54,Female,Marketing,Sales Executive,1,9565,4,0,No,23,4,3,3,1,1,0.29,0,0
9283,50,Female,Marketing,Manager,3,10584,6,1,Yes,8,0,3,3,4,3,0.57,0,0
9284,20,Female,IT,Manager,4,3251,2,2,Yes,15,9,3,1,1,4,0.19,0,1
9285,22,Female,Marketing,Engineer,4,4966,0,2,Yes,30,0,3,3,4,2,0.76,0,1
9286,22,Female,HR,Analyst,5,14856,5,1,No,9,6,3,1,2,2,0.81,1,0
9287,56,Female,R&D,Technician,3,14531,6,5,Yes,21,1,3,3,3,1,0.35,0,0
9288,38,Male,R&D,HR Specialist,5,13320,7,6,No,14,0,1,1,1,4,0.01,1,0
9289,48,Female,Finance,Technician,2,11358,13,4,Yes,8,2,3,2,2,1,0.64,0,1
9290,44,Male,IT,Engineer,5,12758,14,6,Yes,36,1,3,4,3,4,0.87,1,0
9291,52,Male,Sales,HR Specialist,2,9571,6,2,Yes,9,2,4,1,1,2,0.13,1,0
9292,55,Male,Marketing,Analyst,2,5007,6,4,Yes,26,8,3,2,1,3,0.7,1,0
9293,48,Male,Sales,Technician,3,9813,0,2,Yes,20,8,3,4,4,4,0.27,0,1
9294,45,Female,HR,Analyst,2,9206,8,3,No,38,8,3,2,1,1,0.44,0,0
9295,23,Female,IT,Analyst,2,10384,6,5,No,6,5,4,1,1,2,0.33,0,1
9296,33,Female,R&D,Sales Executive,5,10518,19,3,Yes,34,2,4,2,1,1,0.91,1,1
9297,46,Male,Sales,HR Specialist,3,6120,6,3,Yes,23,5,3,4,3,3,0.3,1,0
9298,52,Female,HR,HR Specialist,3,6197,17,6,No,39,2,3,3,2,1,0.96,1,0
9299,41,Female,IT,Engineer,2,10854,13,5,No,33,7,3,4,4,3,0.12,0,0
9300,22,Female,HR,Manager,5,14504,14,0,No,21,4,3,2,1,3,0.92,0,0
9301,42,Female,Marketing,Analyst,5,6837,17,7,No,26,1,4,3,4,2,0.66,1,1
9302,40,Female,Sales,Analyst,5,6025,9,0,Yes,5,4,4,3,4,2,0.27,1,0
9303,42,Female,Finance,Technician,5,14554,2,8,No,9,2,2,3,3,3,0.03,0,0
9304,23,Male,Finance,Engineer,1,6257,10,3,No,33,1,3,4,3,2,0.15,0,0
9305,40,Male,IT,HR Specialist,2,6773,0,6,Yes,25,9,3,2,1,3,0.93,1,1
9306,56,Female,HR,Sales Executive,2,11077,1,4,No,17,9,3,2,4,2,0.5,1,0
9307,50,Male,R&D,HR Specialist,2,5953,15,9,Yes,19,7,2,1,2,3,0.58,0,1
9308,40,Male,Sales,Sales Executive,3,4294,2,2,No,11,8,2,4,1,3,0.83,1,1
9309,45,Female,Finance,Sales Executive,3,8317,16,7,No,8,2,3,1,4,2,0.62,0,0
9310,54,Male,Finance,HR Specialist,5,5467,2,9,No,6,9,2,3,3,4,0.2,1,0
9311,57,Female,HR,Technician,3,3032,10,1,No,6,3,3,1,3,2,0.57,0,0
9312,43,Male,Finance,Analyst,4,3471,3,9,Yes,8,6,2,2,4,2,0.66,0,1
9313,30,Female,HR,Sales Executive,2,7113,6,2,No,24,6,3,3,3,1,0.24,1,0
9314,48,Male,Sales,Technician,2,7690,15,4,No,19,1,3,3,3,2,0.93,0,1
9315,22,Male,HR,Engineer,1,12836,16,4,Yes,27,0,3,2,2,3,0.18,0,0
9316,20,Male,Finance,Engineer,1,8805,10,4,Yes,20,2,3,3,2,4,0.71,0,0
9317,38,Male,HR,Sales Executive,4,6071,3,6,No,24,1,2,1,4,2,0.91,0,0
9318,41,Female,Finance,Analyst,1,9739,2,7,No,38,7,3,2,1,3,0.33,0,1
9319,33,Male,Marketing,Sales Executive,5,3148,15,7,Yes,5,4,3,4,2,2,0.85,1,1
9320,33,Female,IT,Engineer,5,10232,1,2,No,16,8,3,1,1,3,0.59,1,0
9321,35,Female,Finance,Consultant,2,8480,4,7,No,39,6,2,3,3,3,0.3,0,1
9322,52,Male,Finance,Engineer,5,5756,17,9,Yes,33,0,4,4,1,4,0.73,1,0
9323,32,Male,Finance,HR Specialist,1,13948,2,1,Yes,10,5,4,1,4,1,0.41,0,0
9324,57,Female,IT,Consultant,4,9408,1,3,No,5,3,4,1,1,4,0.2,0,1
9325,31,Male,Marketing,Analyst,5,13602,1,1,No,19,9,3,2,1,4,0.92,0,1
9326,57,Female,R&D,HR Specialist,2,9261,1,4,Yes,21,0,2,3,2,1,0.5,0,0
9327,58,Male,Finance,Consultant,2,13158,15,2,No,3,1,4,2,2,3,0.79,1,0
9328,52,Female,R&D,Technician,1,8663,0,9,Yes,28,0,4,1,1,3,0.95,0,1
9329,52,Male,Sales,Consultant,5,5796,18,9,Yes,19,9,2,3,3,3,0.73,0,1
9330,48,Male,Marketing,Technician,1,13472,18,2,Yes,16,4,3,3,1,2,0.47,0,1
9331,24,Female,HR,Technician,2,5447,8,4,No,2,4,3,3,3,2,0.86,0,0
9332,25,Female,R&D,Consultant,4,10276,19,3,Yes,8,3,3,3,3,2,0.59,0,0
9333,50,Female,Marketing,Consultant,5,14494,8,5,Yes,38,0,3,1,3,4,0.1,1,0
9334,35,Male,Sales,Manager,4,13610,10,4,No,12,0,3,4,3,3,0.61,0,0
9335,50,Male,Marketing,Consultant,5,9832,0,9,Yes,24,6,3,4,2,3,0.01,1,1
9336,44,Male,HR,Technician,2,14448,18,4,Yes,1,9,4,2,2,2,0.98,1,0
9337,52,Male,Finance,Sales Executive,5,14737,16,2,Yes,18,8,1,1,3,4,0.52,0,1
9338,32,Female,Finance,HR Specialist,2,12355,5,3,Yes,23,6,3,1,3,4,0.09,1,0
9339,29,Female,Finance,Technician,3,6457,0,2,Yes,39,3,3,3,3,1,0.3,0,0
9340,43,Male,IT,Analyst,2,7370,17,2,No,27,3,3,2,1,4,0.66,0,0
9341,29,Male,IT,Consultant,2,13151,8,9,Yes,6,8,3,3,2,1,0.29,0,1
9342,50,Male,IT,Technician,5,12422,0,8,Yes,28,5,4,1,1,4,0.42,1,1
9343,32,Female,IT,Sales Executive,4,12915,3,9,No,23,9,3,1,3,1,0.3,1,1
9344,22,Female,Sales,Consultant,2,4639,17,5,No,34,1,4,2,2,4,0.63,0,1
9345,53,Male,Marketing,Sales Executive,5,11222,16,9,Yes,25,0,2,2,2,1,0.28,0,0
9346,47,Female,Sales,Sales Executive,2,9687,19,1,Yes,11,5,3,4,1,1,0.81,0,0
9347,38,Male,Finance,Sales Executive,1,2930,18,0,Yes,1,0,2,1,3,4,0.72,0,1
9348,42,Male,HR,Sales Executive,1,12851,13,2,No,38,2,3,3,1,1,0.33,0,0
9349,51,Female,IT,Analyst,1,3821,6,2,No,10,5,3,2,2,4,0.62,1,0
9350,32,Female,Marketing,Manager,1,7902,8,3,Yes,9,4,3,3,3,1,0.49,1,1
9351,52,Female,HR,Engineer,4,7827,19,3,No,26,8,4,1,2,1,0.05,0,1
9352,53,Female,Sales,Manager,2,5809,8,4,No,10,5,4,1,1,2,0.41,0,0
9353,52,Male,IT,Engineer,1,11785,14,3,Yes,18,2,3,4,1,3,0.13,0,1
9354,24,Female,Sales,HR Specialist,5,7531,10,1,No,9,9,3,2,2,2,0.12,0,1
9355,22,Female,Sales,Consultant,1,11312,6,0,Yes,26,3,3,2,2,3,0.16,0,0
9356,26,Female,R&D,Sales Executive,3,11873,5,9,No,9,4,4,4,3,4,0.43,1,1
9357,43,Female,Marketing,HR Specialist,3,3924,8,6,Yes,36,3,1,3,4,3,0.92,1,0
9358,41,Male,Sales,HR Specialist,4,4440,3,8,No,15,2,4,4,1,3,0.77,0,0
9359,42,Male,Finance,Consultant,3,14755,16,8,No,24,8,1,4,4,1,0.85,1,1
9360,49,Female,Sales,Engineer,5,9013,5,0,No,2,8,3,4,3,3,0.74,0,0
9361,37,Female,IT,Analyst,1,5442,16,8,No,4,4,3,1,2,4,0.97,0,1
9362,51,Male,Finance,Sales Executive,3,3207,13,0,Yes,38,0,2,3,4,4,0.74,1,1
9363,26,Male,Sales,Technician,3,11358,4,0,Yes,31,0,3,2,3,2,0.79,0,1
9364,52,Female,Finance,Consultant,4,7582,17,1,Yes,20,6,4,1,1,3,0.81,0,0
9365,24,Male,Sales,Consultant,3,10253,7,9,No,39,2,4,2,2,4,0.69,0,0
9366,47,Male,Marketing,HR Specialist,1,10354,9,5,Yes,26,7,2,4,3,4,0.2,0,0
9367,27,Male,Finance,Manager,2,6647,10,8,No,5,5,3,4,3,2,0.97,0,0
9368,34,Male,HR,Sales Executive,1,9402,2,4,Yes,4,5,3,1,3,2,0.48,0,0
9369,23,Female,R&D,Analyst,3,11275,1,8,Yes,22,5,1,3,4,2,0.83,0,0
9370,53,Male,Finance,Sales Executive,3,2238,13,8,No,6,5,3,4,2,1,0.8,0,0
9371,24,Male,IT,Technician,3,12807,3,7,Yes,37,2,2,1,3,1,0.43,0,1
9372,52,Female,R&D,Technician,4,12985,16,6,Yes,31,5,3,3,2,1,0.84,0,0
9373,24,Female,R&D,HR Specialist,5,5786,16,2,No,5,2,3,2,1,2,0.25,1,1
9374,57,Female,Sales,Manager,1,12232,8,9,Yes,7,4,4,1,1,4,0.35,1,0
9375,53,Male,Finance,HR Specialist,3,13304,8,2,Yes,5,0,3,2,3,2,0.23,0,1
9376,45,Female,Marketing,Analyst,2,10629,2,3,No,4,1,2,3,1,2,0.06,0,0
9377,20,Male,R&D,Engineer,4,10720,3,8,Yes,27,1,2,1,2,4,0.23,1,1
9378,23,Female,IT,Technician,5,10296,1,2,No,9,8,4,4,3,2,0.65,0,1
9379,58,Male,Marketing,Manager,3,14669,13,7,No,37,4,3,2,3,2,0.76,0,1
9380,45,Female,Marketing,Technician,1,9260,19,7,Yes,2,0,3,3,4,2,0.35,1,1
9381,52,Female,IT,Analyst,2,11430,7,5,Yes,19,1,2,4,2,2,0.74,1,1
9382,52,Male,IT,Analyst,4,14168,17,1,No,39,5,3,1,2,1,0.01,1,1
9383,27,Female,Sales,Technician,1,12456,3,5,Yes,17,5,4,4,1,4,0.76,1,0
9384,39,Female,HR,HR Specialist,1,8632,7,3,Yes,17,1,4,1,4,3,0.84,0,0
9385,35,Female,Finance,Technician,4,10342,6,6,No,24,2,2,1,3,2,0.99,1,1
9386,40,Female,R&D,HR Specialist,1,3793,14,0,Yes,13,3,4,2,4,1,0.89,0,1
9387,45,Female,Finance,Technician,2,8956,14,2,No,28,9,3,1,2,1,0.69,1,1
9388,42,Male,Marketing,HR Specialist,2,10822,1,7,No,14,0,3,3,3,4,0.35,1,1
9389,37,Male,R&D,Engineer,1,14709,3,0,No,23,9,3,3,4,4,0.28,1,0
9390,50,Female,Sales,Sales Executive,3,14933,8,9,No,23,1,2,2,1,2,0.12,1,1
9391,31,Female,Finance,Sales Executive,1,12159,6,2,No,10,6,3,1,1,1,0.29,0,1
9392,20,Male,Sales,HR Specialist,3,10107,17,2,No,38,5,4,3,4,2,0.31,1,0
9393,28,Male,Sales,HR Specialist,1,2206,11,7,Yes,17,4,1,4,4,4,0.71,1,0
9394,22,Female,Finance,Consultant,5,4822,13,0,Yes,27,7,1,3,3,3,0.73,1,0
9395,45,Male,Finance,Consultant,2,11025,6,9,No,11,2,4,1,4,1,0.52,0,0
9396,28,Female,R&D,Engineer,1,13965,5,4,Yes,19,7,4,4,2,1,0.77,0,0
9397,35,Female,Marketing,Sales Executive,2,13933,18,6,Yes,27,4,4,3,3,3,0.34,1,0
9398,43,Female,Marketing,Engineer,4,3500,18,3,No,36,8,3,4,1,3,0.47,0,1
9399,33,Female,IT,Consultant,5,12827,14,9,No,16,8,3,1,1,3,0.05,0,1
9400,22,Male,Sales,Consultant,3,8707,18,2,No,23,6,4,3,3,4,0.54,0,0
9401,53,Male,Marketing,Analyst,4,6321,11,9,Yes,33,2,4,2,3,4,0.39,1,1
9402,52,Male,HR,Technician,5,10995,1,5,Yes,22,3,1,4,1,1,0.07,1,0
9403,43,Female,R&D,Consultant,4,12049,10,4,Yes,14,5,3,2,2,4,0.09,0,1
9404,28,Male,R&D,Sales Executive,2,8833,12,1,No,13,0,3,2,1,3,0.66,0,1
9405,32,Female,IT,HR Specialist,5,8249,3,5,Yes,22,1,3,2,1,4,0.74,0,1
9406,21,Female,IT,Manager,4,5147,0,2,No,7,5,3,4,4,2,0.1,0,0
9407,26,Male,Sales,Consultant,3,6611,1,8,No,38,8,1,3,2,2,0.77,0,0
9408,40,Female,R&D,Analyst,5,3846,13,2,Yes,1,3,2,4,4,1,0.86,0,0
9409,38,Female,R&D,Technician,5,14474,17,8,Yes,33,2,3,4,3,2,0.57,0,1
9410,44,Female,HR,Manager,4,10134,10,5,Yes,22,7,3,3,2,4,0.49,0,1
9411,41,Male,Sales,Engineer,1,8418,10,7,No,23,6,3,1,1,3,0.46,0,0
9412,30,Female,Sales,Technician,3,5719,18,8,Yes,15,1,3,3,2,2,0.3,0,1
9413,52,Male,Marketing,Engineer,3,14226,16,7,No,15,9,3,4,3,4,0.9,1,0
9414,51,Female,IT,Engineer,4,12778,16,1,Yes,31,3,3,4,2,3,0.87,1,0
9415,40,Male,Marketing,HR Specialist,2,8094,1,2,Yes,28,9,3,2,2,1,0.51,0,0
9416,58,Female,Sales,Engineer,2,14935,1,7,Yes,3,5,2,2,4,3,0.24,0,0
9417,39,Male,HR,Consultant,1,4065,12,4,No,25,1,2,4,3,2,0.91,0,0
9418,27,Male,Sales,Manager,1,6380,5,9,Yes,33,5,3,1,1,3,0.73,1,1
9419,56,Female,Marketing,Analyst,4,13171,14,3,Yes,33,8,3,1,1,1,0.82,0,0
9420,28,Female,Finance,Consultant,2,14162,10,5,No,23,3,2,1,2,3,0.83,1,0
9421,44,Female,Finance,HR Specialist,3,13144,3,5,Yes,28,9,4,1,4,4,0.19,0,1
9422,44,Female,HR,Analyst,2,6745,18,6,No,16,6,3,2,2,2,0.05,0,1
9423,52,Male,IT,Engineer,4,10185,13,4,Yes,37,8,3,4,2,1,0.51,0,0
9424,21,Female,R&D,Sales Executive,2,8400,17,0,No,5,7,1,3,4,2,0.47,1,0
9425,38,Male,Sales,Technician,5,11434,16,7,Yes,11,1,3,3,4,4,0.32,1,0
9426,39,Female,Marketing,HR Specialist,4,12883,7,0,Yes,12,8,4,3,4,2,0.72,0,0
9427,48,Male,IT,Engineer,5,12159,12,3,Yes,21,7,2,3,4,2,0.61,0,0
9428,25,Male,Marketing,HR Specialist,4,4404,14,2,Yes,18,4,2,1,3,3,0.39,0,0
9429,36,Male,IT,Sales Executive,3,2255,10,2,Yes,14,8,4,3,4,2,0.49,0,1
9430,44,Female,Sales,Manager,4,12847,15,5,No,33,5,4,4,2,4,0.54,0,0
9431,57,Female,R&D,Consultant,4,8477,17,7,No,21,8,3,1,1,4,0.94,0,1
9432,23,Male,Sales,Manager,4,12028,11,4,No,26,8,3,4,3,4,0.52,0,0
9433,49,Male,R&D,Technician,4,9535,11,5,No,25,2,1,1,1,1,0.65,1,1
9434,39,Male,Marketing,Manager,1,8140,5,5,Yes,25,6,3,3,3,1,0.91,1,0
9435,22,Male,HR,Consultant,5,8158,5,0,Yes,35,3,3,3,3,4,0.72,0,0
9436,42,Male,R&D,Consultant,4,2178,3,6,Yes,20,3,1,4,4,2,0.54,1,0
9437,37,Female,IT,Sales Executive,4,9612,0,0,Yes,2,6,3,4,2,3,0.4,1,0
9438,45,Male,HR,Analyst,1,9939,16,6,No,12,5,3,3,2,3,0.11,1,1
9439,55,Female,Marketing,Sales Executive,2,7522,3,7,No,32,3,3,4,2,1,0.79,0,1
9440,27,Female,Finance,Sales Executive,1,6183,16,3,No,33,4,3,4,4,3,0.79,1,1
9441,36,Female,HR,Engineer,1,8237,4,7,Yes,31,5,3,4,2,4,0.97,0,1
9442,50,Male,R&D,Manager,1,6940,8,5,Yes,33,3,2,1,2,1,0.51,0,1
9443,56,Male,HR,HR Specialist,4,13658,5,5,No,20,7,1,4,1,2,0.7,1,0
9444,52,Male,Marketing,Consultant,1,2027,11,8,No,37,3,4,1,1,2,0.98,0,0
9445,46,Male,HR,Technician,1,12936,16,5,Yes,37,9,3,4,2,3,0.61,0,1
9446,23,Female,Marketing,Analyst,1,10245,9,4,Yes,14,3,1,4,1,1,0.82,0,1
9447,41,Female,Finance,Consultant,4,10512,1,9,No,36,9,3,2,2,1,0.41,0,1
9448,45,Female,R&D,HR Specialist,3,5630,0,9,No,12,9,3,2,4,1,0.19,0,0
9449,51,Male,IT,Engineer,3,8903,12,5,Yes,26,0,4,2,1,1,0.84,0,0
9450,43,Male,HR,Engineer,2,13497,0,7,No,34,5,3,1,1,3,0.43,0,0
9451,54,Male,Sales,Analyst,4,8773,12,8,Yes,6,0,4,4,3,1,0.74,0,1
9452,56,Male,IT,HR Specialist,1,7921,2,9,No,13,8,3,1,4,4,0.53,0,0
9453,51,Male,HR,Analyst,1,14016,10,9,No,22,4,2,4,4,1,0.46,0,1
9454,26,Male,IT,Analyst,1,2331,15,7,Yes,35,1,2,3,2,1,0.05,0,0
9455,52,Female,Sales,Manager,3,3717,17,7,No,19,8,4,2,3,1,0.77,0,0
9456,50,Female,IT,HR Specialist,1,13735,1,6,No,37,7,2,2,2,2,0.32,0,0
9457,31,Male,IT,Manager,1,2316,17,0,Yes,23,3,3,1,1,2,0.39,1,1
9458,30,Female,Sales,Consultant,3,8244,16,3,Yes,32,2,3,3,1,1,0.35,1,1
9459,43,Female,Sales,Manager,1,5551,0,3,No,11,3,3,4,2,4,0.69,0,0
9460,27,Female,Sales,Consultant,2,8098,3,2,Yes,4,9,4,2,1,2,0.71,1,1
9461,51,Female,Finance,Technician,5,13100,19,3,No,12,3,3,2,2,3,0.82,0,0
9462,57,Male,Marketing,Manager,2,4917,5,1,No,39,8,2,2,4,1,0.68,0,1
9463,41,Female,Marketing,Sales Executive,4,9792,4,2,Yes,30,5,1,2,3,4,0.91,0,1
9464,53,Male,Sales,Engineer,2,14508,19,2,No,10,3,3,3,3,4,0.24,1,0
9465,38,Male,Marketing,Engineer,2,11554,8,9,No,24,1,3,4,4,3,0.5,1,0
9466,39,Female,IT,Sales Executive,3,10339,3,0,Yes,23,8,3,1,2,3,0.97,0,1
9467,33,Male,Sales,Consultant,4,9463,4,6,No,1,6,3,4,3,4,0.25,0,1
9468,52,Female,HR,Consultant,2,11924,7,3,Yes,4,4,2,1,2,2,0.73,0,1
9469,29,Male,Sales,Analyst,5,9574,16,7,No,28,1,2,3,4,2,0.31,0,1
9470,35,Male,Sales,HR Specialist,2,4628,14,8,Yes,3,0,3,2,2,4,0.46,0,1
9471,23,Female,Marketing,HR Specialist,1,6573,19,1,No,2,6,3,2,3,2,0.54,0,0
9472,46,Female,R&D,HR Specialist,3,10048,12,1,No,6,2,4,2,1,1,0.8,0,0
9473,47,Male,IT,Manager,1,14210,14,1,Yes,17,7,3,4,3,3,0.62,0,1
9474,35,Female,Marketing,HR Specialist,4,3209,3,7,Yes,37,3,4,3,3,3,0.0,0,1
9475,52,Male,IT,HR Specialist,4,2169,17,1,No,23,4,3,1,2,2,0.34,0,0
9476,38,Female,HR,Consultant,3,11759,18,5,Yes,21,2,2,1,2,2,0.35,0,0
9477,40,Male,Finance,HR Specialist,2,6396,7,4,Yes,31,6,1,2,2,1,0.49,1,0
9478,41,Male,R&D,Engineer,4,5435,13,9,Yes,12,3,4,1,3,1,0.91,0,1
9479,28,Male,HR,Sales Executive,5,3877,0,8,Yes,29,0,2,3,2,4,0.91,1,0
9480,28,Male,HR,Technician,3,6052,1,1,No,13,4,3,4,4,2,0.46,1,0
9481,28,Male,IT,Consultant,1,5035,19,0,Yes,26,1,1,4,1,2,0.73,0,0
9482,46,Female,R&D,Analyst,5,5248,2,1,No,33,6,2,4,4,2,0.35,0,0
9483,36,Male,IT,Sales Executive,3,5873,15,9,Yes,34,1,4,4,4,3,0.29,1,1
9484,27,Female,Finance,HR Specialist,5,12383,2,4,Yes,20,3,1,3,3,1,0.46,0,1
9485,35,Female,IT,Analyst,3,10714,5,7,Yes,10,1,4,3,1,3,0.85,0,1
9486,37,Male,Sales,Analyst,1,5552,7,7,No,1,6,1,4,3,2,0.52,0,0
9487,52,Male,IT,Sales Executive,2,7605,11,1,Yes,29,2,3,4,3,4,0.47,0,0
9488,20,Female,Sales,Sales Executive,3,4706,4,4,No,22,1,3,3,4,1,0.16,0,0
9489,31,Male,HR,Sales Executive,4,4532,4,1,Yes,1,1,3,2,3,2,0.74,0,0
9490,25,Male,Finance,Consultant,1,2821,2,6,Yes,8,1,3,2,3,3,0.36,0,0
9491,24,Female,Marketing,Consultant,1,5508,3,9,Yes,9,5,3,1,4,1,0.76,1,0
9492,35,Female,Sales,Technician,5,2194,4,7,Yes,23,7,2,3,1,1,0.97,1,0
9493,37,Female,Finance,Sales Executive,4,2465,2,4,Yes,20,6,3,1,4,2,0.09,0,1
9494,37,Female,IT,Technician,5,5025,9,0,No,34,9,3,3,4,4,0.86,0,0
9495,20,Female,Marketing,Manager,1,13339,18,6,Yes,16,0,4,1,1,2,0.17,1,0
9496,38,Female,IT,Engineer,3,10145,7,2,No,22,2,2,1,3,3,0.87,0,1
9497,27,Male,HR,Technician,4,4537,5,1,Yes,23,7,3,3,3,3,0.73,0,1
9498,22,Female,IT,Engineer,1,2099,6,5,Yes,1,7,2,4,3,3,0.42,0,0
9499,44,Female,Sales,HR Specialist,4,10307,5,1,Yes,14,8,3,4,3,4,0.46,0,0
9500,24,Male,HR,Manager,3,14667,12,9,Yes,23,6,3,1,3,1,0.29,0,1
9501,59,Male,Finance,Analyst,2,7714,12,7,Yes,38,4,2,1,2,2,0.7,0,1
9502,38,Male,HR,Sales Executive,5,13063,4,2,Yes,8,2,2,1,3,1,0.9,0,1
9503,37,Male,Finance,HR Specialist,5,12302,5,1,No,32,7,3,3,3,1,0.58,0,0
9504,50,Male,R&D,Analyst,1,8275,9,7,Yes,2,4,4,2,4,1,0.29,1,1
9505,52,Male,Sales,Consultant,1,11463,19,5,Yes,13,4,3,1,4,1,0.72,0,0
9506,37,Female,Sales,Engineer,3,4690,9,3,No,27,7,3,4,2,4,0.25,0,0
9507,58,Male,Finance,Analyst,1,3434,15,4,Yes,7,7,4,1,1,3,0.27,1,0
9508,35,Male,IT,Sales Executive,1,3902,17,9,Yes,3,7,3,1,4,3,0.64,1,0
9509,35,Male,Marketing,Sales Executive,1,5023,2,6,Yes,21,3,3,3,2,4,0.09,0,0
9510,57,Male,IT,Technician,4,9057,0,3,No,8,2,3,4,4,4,0.4,0,0
9511,26,Female,R&D,Technician,4,8813,2,6,Yes,1,5,2,2,1,2,0.37,0,0
9512,33,Male,Finance,Consultant,2,12967,18,5,Yes,17,4,4,4,4,4,0.05,1,0
9513,44,Male,R&D,Engineer,4,8062,0,4,No,26,9,3,3,1,2,0.92,1,1
9514,51,Female,Finance,Sales Executive,5,4593,7,2,No,29,4,2,4,2,2,0.94,0,0
9515,57,Female,R&D,Manager,2,8518,18,0,Yes,8,4,4,3,2,4,0.4,1,1
9516,41,Female,Finance,HR Specialist,1,6939,3,7,No,38,2,4,4,1,3,0.37,0,1
9517,35,Male,Sales,Engineer,5,6393,15,6,No,8,6,4,3,1,4,0.12,0,0
9518,48,Female,R&D,Engineer,2,9139,4,5,No,8,4,3,3,1,1,0.56,0,0
9519,35,Female,R&D,Analyst,2,14583,4,3,Yes,25,3,3,3,2,1,0.35,1,1
9520,31,Female,Finance,Engineer,5,13790,1,4,Yes,27,3,4,4,3,1,0.84,0,0
9521,36,Male,HR,Consultant,2,14402,5,4,Yes,22,6,4,4,1,2,0.73,1,1
9522,56,Male,HR,HR Specialist,5,14239,6,1,Yes,3,0,1,4,2,2,0.12,0,0
9523,46,Female,Sales,Manager,2,9224,14,5,Yes,38,7,4,3,4,1,0.21,0,1
9524,44,Male,IT,Analyst,2,4926,9,4,No,24,0,2,2,1,1,0.12,0,0
9525,32,Male,IT,HR Specialist,2,13405,9,0,No,33,5,3,4,4,4,0.14,0,1
9526,27,Male,Sales,Technician,5,8862,18,8,Yes,35,3,4,3,4,4,0.07,1,0
9527,24,Male,IT,Engineer,2,12858,15,6,No,29,6,3,4,3,4,0.37,0,0
9528,31,Male,Marketing,Consultant,4,8004,8,1,Yes,8,5,3,4,4,4,0.61,0,0
9529,22,Female,Marketing,Sales Executive,4,3826,7,5,No,11,4,2,3,3,2,0.96,0,0
9530,54,Female,Marketing,Technician,4,8552,18,0,No,16,4,2,2,1,3,0.42,0,1
9531,52,Female,Marketing,Sales Executive,4,3025,0,1,Yes,33,5,3,4,4,4,0.95,0,1
9532,41,Female,Finance,HR Specialist,4,2785,16,6,Yes,11,6,2,2,2,2,0.1,0,1
9533,28,Male,HR,Manager,1,14322,17,2,Yes,29,2,3,2,2,2,0.16,1,1
9534,37,Female,Sales,Sales Executive,2,3800,14,6,No,24,2,1,3,1,4,0.4,0,0
9535,48,Female,Finance,Consultant,3,13481,5,5,Yes,2,6,1,4,1,1,0.39,0,1
9536,58,Male,Marketing,HR Specialist,1,7186,16,4,Yes,5,2,3,2,3,1,0.02,0,0
9537,46,Male,Sales,Analyst,5,9236,17,9,No,24,6,2,4,3,1,0.06,1,0
9538,55,Male,HR,Engineer,1,10552,18,8,No,7,1,3,3,2,2,0.33,1,0
9539,36,Male,IT,Manager,3,8601,1,9,Yes,31,7,3,3,3,1,0.31,0,1
9540,53,Female,Finance,Consultant,1,14581,6,4,Yes,30,8,3,1,4,2,0.29,0,0
9541,22,Male,HR,Consultant,2,5397,16,4,Yes,6,5,4,3,1,3,0.52,0,1
9542,24,Male,Sales,Manager,4,3226,14,7,No,5,1,3,1,1,4,0.2,1,1
9543,33,Male,R&D,Analyst,2,4640,15,6,Yes,15,8,4,1,2,2,0.51,1,1
9544,22,Male,Finance,Manager,1,7050,16,0,No,27,4,4,2,4,1,0.05,0,1
9545,42,Male,Sales,HR Specialist,3,5649,2,9,No,35,3,4,4,2,4,0.5,0,0
9546,58,Male,Sales,Manager,5,7911,9,1,No,9,6,1,1,2,1,0.75,0,0
9547,49,Female,HR,Manager,2,14548,5,3,Yes,23,5,1,1,1,3,0.92,0,0
9548,42,Female,Sales,Manager,3,7637,1,8,Yes,17,3,3,4,2,1,0.9,1,0
9549,46,Female,Finance,HR Specialist,5,5203,10,6,No,23,9,3,1,4,4,0.65,0,1
9550,29,Male,Marketing,Technician,4,11992,7,1,No,39,1,3,4,2,1,0.98,1,1
9551,44,Male,Finance,Engineer,2,13588,13,7,No,29,3,4,3,3,3,0.37,0,0
9552,32,Female,Sales,Sales Executive,2,9235,11,0,No,39,0,1,2,3,4,0.69,0,0
9553,35,Female,HR,Technician,4,9293,19,7,No,11,7,3,2,2,3,0.99,0,1
9554,53,Female,Finance,Manager,4,11608,6,4,No,13,3,3,2,1,4,0.69,0,0
9555,56,Female,R&D,Analyst,1,14689,17,0,No,12,1,4,3,1,2,0.26,0,0
9556,41,Male,Marketing,Consultant,5,9850,4,2,No,2,4,3,4,1,4,0.81,0,0
9557,36,Female,IT,Analyst,3,10527,5,6,Yes,11,0,3,2,2,1,0.35,0,0
9558,42,Male,HR,HR Specialist,4,13201,12,6,Yes,14,1,4,4,4,4,0.28,1,0
9559,55,Male,HR,Engineer,1,9855,1,7,No,22,7,4,3,2,1,0.83,0,0
9560,28,Male,IT,Manager,5,7938,18,3,Yes,21,3,3,2,4,4,0.4,0,1
9561,21,Female,IT,HR Specialist,5,3961,7,5,Yes,37,8,2,2,2,3,0.65,1,1
9562,51,Female,Finance,Sales Executive,2,8947,10,6,No,36,9,3,2,3,1,0.87,0,1
9563,41,Female,Sales,Engineer,1,2843,15,7,No,25,3,3,1,2,1,0.15,1,1
9564,32,Male,Sales,Engineer,1,11832,0,2,No,3,1,4,1,4,1,0.61,0,0
9565,27,Male,R&D,HR Specialist,2,6140,15,4,Yes,2,7,3,3,3,1,0.18,0,1
9566,20,Female,Marketing,Technician,3,3124,11,7,Yes,27,9,4,1,2,2,0.6,0,1
9567,36,Male,Sales,Consultant,4,8562,16,5,Yes,33,3,2,4,2,3,0.49,0,1
9568,31,Female,R&D,Analyst,2,6711,8,0,Yes,18,7,3,4,1,1,0.87,0,0
9569,23,Male,R&D,Technician,4,12501,5,1,No,11,1,2,3,3,4,0.9,0,0
9570,32,Male,HR,Engineer,1,2764,6,2,Yes,7,3,4,3,3,1,0.77,0,0
9571,50,Male,HR,Analyst,2,11892,12,6,Yes,37,0,3,4,2,1,0.63,0,0
9572,26,Male,Marketing,Engineer,3,12531,16,9,Yes,36,7,1,4,4,3,0.28,0,1
9573,42,Male,Finance,Consultant,4,13919,9,2,Yes,27,5,2,1,4,3,0.49,0,0
9574,43,Male,IT,Engineer,4,7575,10,8,Yes,22,1,3,1,3,1,0.15,0,1
9575,24,Male,IT,Engineer,4,9403,13,8,No,31,2,3,4,3,2,0.01,0,1
9576,24,Female,Marketing,Sales Executive,1,6629,16,7,No,6,5,1,2,2,2,0.57,1,0
9577,36,Male,R&D,Analyst,4,11284,15,8,No,33,9,3,4,4,4,0.26,0,0
9578,49,Male,Marketing,Sales Executive,5,3604,4,7,No,7,8,3,2,2,4,0.28,1,0
9579,28,Female,IT,Analyst,4,11461,17,8,Yes,6,9,3,4,2,4,0.18,0,0
9580,25,Female,R&D,Consultant,1,14862,10,3,Yes,1,6,2,4,4,4,0.08,0,1
9581,44,Female,IT,Consultant,2,14524,9,3,No,39,8,3,3,1,2,0.25,1,0
9582,38,Female,Finance,Sales Executive,4,13594,5,4,Yes,38,9,3,4,4,2,0.23,1,0
9583,35,Male,HR,Sales Executive,4,8506,9,6,Yes,29,3,1,2,1,3,0.41,0,1
9584,40,Male,HR,Sales Executive,2,2530,10,8,Yes,11,7,4,2,1,3,0.08,0,1
9585,21,Female,R&D,Consultant,5,4790,0,3,No,28,1,3,3,3,4,0.46,1,1
9586,29,Male,Marketing,Consultant,1,12704,4,6,No,15,1,4,3,2,1,0.06,0,1
9587,35,Female,IT,HR Specialist,2,3252,1,5,Yes,30,3,3,1,2,3,0.2,0,1
9588,56,Male,Sales,Sales Executive,1,5941,10,8,Yes,23,2,3,3,1,2,0.84,1,1
9589,34,Male,Finance,Technician,2,7628,13,8,No,12,7,2,4,1,1,0.06,1,0
9590,32,Male,IT,Technician,3,12621,12,8,No,28,1,3,3,4,3,0.1,1,1
9591,32,Male,Sales,Engineer,5,14414,10,4,Yes,31,3,1,3,2,1,0.58,0,0
9592,51,Male,Finance,Manager,3,10849,5,2,Yes,30,8,2,1,4,3,0.26,0,1
9593,27,Female,Finance,Sales Executive,2,12056,1,5,Yes,39,8,1,1,2,4,0.77,1,1
9594,37,Male,HR,Manager,2,7233,18,1,No,16,3,3,2,4,4,0.43,0,1
9595,55,Male,R&D,Manager,1,8386,8,6,Yes,30,2,3,4,4,1,0.57,0,0
9596,45,Male,IT,Engineer,2,11360,17,6,No,4,0,3,2,4,2,0.11,0,1
9597,29,Male,Finance,Manager,1,12792,13,1,Yes,33,0,3,2,2,2,0.7,0,0
9598,50,Male,IT,Consultant,1,7792,12,5,Yes,33,7,2,1,4,4,0.95,0,0
9599,52,Female,Finance,Manager,2,4486,11,3,No,28,8,3,1,1,4,0.96,1,0
9600,48,Male,Marketing,Consultant,1,12647,11,6,No,21,8,4,3,2,2,0.65,1,0
9601,24,Female,HR,Consultant,5,4843,12,7,Yes,15,4,3,3,1,4,0.08,0,1
9602,32,Male,R&D,Technician,3,9789,6,9,Yes,26,1,3,4,3,3,0.86,0,1
9603,20,Male,Sales,Consultant,2,11922,15,0,No,14,6,2,1,2,4,0.99,0,0
9604,42,Female,Sales,Manager,1,14003,16,4,Yes,15,3,2,3,4,1,0.13,0,0
9605,59,Male,Marketing,Analyst,1,14234,8,8,Yes,2,9,3,1,1,4,0.83,0,0
9606,22,Male,HR,Sales Executive,1,5238,13,1,No,16,3,2,2,4,4,0.16,0,0
9607,22,Female,Finance,Sales Executive,1,9700,8,3,No,37,3,3,2,4,2,0.45,1,1
9608,26,Male,HR,Manager,5,7284,5,7,No,11,9,3,2,2,2,0.92,0,0
9609,55,Female,R&D,Engineer,2,4689,0,4,Yes,11,2,3,4,1,1,0.93,0,0
9610,54,Female,Sales,Analyst,2,13525,19,7,Yes,33,3,3,2,4,2,0.55,1,1
9611,34,Female,IT,Engineer,5,5332,0,9,Yes,2,1,1,4,1,1,0.94,1,1
9612,59,Male,Sales,Engineer,5,3198,18,9,No,33,8,3,1,2,3,0.04,0,1
9613,22,Male,R&D,Manager,5,8954,14,0,Yes,3,6,2,4,1,2,0.69,0,0
9614,48,Female,Finance,HR Specialist,2,9263,16,6,No,20,0,3,4,3,1,0.43,0,1
9615,49,Male,HR,Manager,4,11572,19,5,No,33,4,3,1,1,4,0.55,0,0
9616,58,Female,Sales,Technician,3,9050,7,1,Yes,26,1,3,3,3,1,0.19,0,0
9617,37,Male,Sales,HR Specialist,5,7261,2,6,Yes,34,2,3,1,1,1,0.2,1,1
9618,30,Female,IT,Consultant,5,11382,11,2,Yes,14,2,2,1,1,4,0.73,0,1
9619,57,Male,HR,Analyst,2,9870,14,3,No,29,6,4,1,4,2,0.77,0,1
9620,59,Female,IT,HR Specialist,2,3342,17,5,No,2,2,4,1,1,4,0.64,1,0
9621,20,Male,IT,Manager,3,3654,12,2,No,8,6,3,2,2,3,0.35,1,1
9622,48,Female,Finance,Manager,1,6753,4,0,No,27,7,4,4,2,1,0.71,1,0
9623,29,Male,Sales,Engineer,2,9136,16,9,Yes,8,1,4,2,3,4,0.52,0,0
9624,47,Female,Marketing,Manager,3,7981,2,0,Yes,7,0,3,2,3,3,0.7,0,0
9625,50,Male,HR,Consultant,2,13598,18,5,Yes,11,5,2,3,1,3,0.22,0,1
9626,38,Male,Finance,Technician,2,11180,5,3,No,39,8,2,2,2,2,0.49,0,1
9627,22,Female,Marketing,Manager,2,13737,16,6,No,30,5,3,4,2,3,0.13,0,0
9628,55,Male,Finance,Sales Executive,4,13408,4,8,Yes,39,7,3,2,3,1,0.96,0,0
9629,34,Male,Finance,Sales Executive,4,3077,4,7,No,21,4,3,1,3,3,0.99,0,0
9630,52,Male,R&D,Engineer,5,2121,18,2,Yes,21,7,3,4,2,3,0.43,0,0
9631,45,Male,R&D,HR Specialist,4,5195,10,6,Yes,7,3,1,1,4,4,0.4,0,1
9632,35,Female,Finance,HR Specialist,3,4214,0,0,Yes,20,5,3,2,2,2,0.43,1,1
9633,55,Male,R&D,Sales Executive,2,4991,12,1,No,14,7,2,3,4,3,0.19,1,1
9634,52,Male,HR,Technician,4,11025,16,8,No,20,0,4,2,4,1,0.21,0,0
9635,39,Female,Sales,Analyst,2,11870,10,9,Yes,5,5,2,4,1,1,0.97,0,1
9636,32,Male,Marketing,Consultant,1,4069,17,7,Yes,31,7,3,2,4,1,0.34,1,1
9637,52,Female,HR,Consultant,5,7395,3,6,Yes,12,4,3,2,1,2,0.87,1,1
9638,24,Male,Sales,Consultant,4,12076,9,9,No,12,2,4,1,3,2,0.01,0,0
9639,56,Female,R&D,Technician,2,14248,10,1,No,2,4,3,3,4,1,0.6,0,0
9640,33,Male,Marketing,Sales Executive,1,3962,17,1,Yes,26,2,3,3,2,3,0.23,1,1
9641,46,Female,HR,Consultant,5,6023,0,6,Yes,4,5,1,1,1,2,0.57,0,1
9642,42,Female,IT,Technician,5,10599,3,6,Yes,30,5,4,2,3,3,0.67,0,1
9643,33,Female,Finance,Analyst,1,14769,4,5,Yes,34,4,3,4,3,3,0.81,0,1
9644,59,Male,Sales,HR Specialist,4,8442,1,9,Yes,37,6,4,4,2,4,0.25,0,1
9645,23,Female,Sales,Sales Executive,4,8420,11,4,No,20,6,2,3,1,4,0.64,0,1
9646,58,Male,IT,Manager,2,4369,10,5,Yes,2,5,3,3,1,2,0.0,1,1
9647,38,Female,IT,Consultant,3,12354,15,8,No,35,5,3,3,3,3,1.0,1,1
9648,23,Female,Finance,Analyst,2,4319,3,3,Yes,15,3,3,1,4,3,0.42,0,1
9649,49,Female,R&D,Analyst,2,5239,6,9,No,14,3,2,1,2,1,0.2,1,1
9650,38,Male,HR,Analyst,2,9956,12,0,No,36,2,2,2,4,3,0.64,0,0
9651,50,Male,HR,HR Specialist,1,7555,13,8,Yes,30,9,3,1,2,3,0.53,1,0
9652,50,Female,HR,Technician,5,3892,10,7,No,27,6,3,2,4,2,0.0,1,1
9653,28,Female,R&D,Engineer,5,8407,7,1,No,2,2,3,2,3,2,0.4,1,0
9654,32,Female,Finance,Consultant,3,12489,0,3,Yes,21,8,2,2,2,3,0.83,0,1
9655,33,Female,HR,Manager,4,5838,7,2,No,14,8,3,4,3,3,0.26,1,0
9656,29,Female,Sales,Consultant,2,9509,18,2,No,27,5,3,1,4,4,0.96,1,0
9657,50,Female,Sales,Sales Executive,1,3489,16,5,Yes,21,6,3,2,4,2,0.86,0,0
9658,56,Female,Sales,Technician,1,12244,8,6,No,23,2,3,2,2,3,0.37,1,0
9659,42,Female,IT,Analyst,2,6009,12,7,No,35,2,3,3,1,1,0.4,1,0
9660,46,Male,IT,Consultant,1,12092,14,6,No,8,0,2,2,4,4,0.45,0,0
9661,25,Female,R&D,HR Specialist,1,3821,12,8,Yes,12,5,3,4,2,3,0.64,0,0
9662,45,Male,HR,Analyst,2,13102,7,1,Yes,28,2,2,1,4,4,0.33,0,1
9663,21,Female,IT,Technician,3,14552,11,9,Yes,33,0,2,2,4,3,0.0,0,1
9664,32,Male,Sales,Sales Executive,1,3272,10,3,No,33,7,4,2,2,3,0.44,0,0
9665,38,Male,IT,Manager,5,12078,19,1,Yes,9,7,3,1,1,4,0.49,0,0
9666,20,Female,Sales,Analyst,5,12024,12,2,Yes,15,7,3,2,1,3,0.71,0,0
9667,59,Male,HR,Consultant,5,13058,15,9,No,10,7,3,3,3,2,0.02,1,0
9668,51,Male,R&D,Consultant,2,10888,1,0,Yes,2,4,3,2,2,4,0.63,0,0
9669,41,Female,Finance,HR Specialist,5,6836,5,7,Yes,3,6,4,1,2,3,0.08,0,0
9670,48,Female,Finance,HR Specialist,4,12556,15,4,No,23,2,1,1,3,4,0.53,0,0
9671,21,Female,Sales,Engineer,1,6214,17,4,Yes,10,9,2,2,4,1,0.2,0,1
9672,59,Male,IT,HR Specialist,3,3769,16,7,Yes,19,1,4,4,1,3,0.88,1,0
9673,57,Female,IT,Engineer,5,4841,14,8,No,18,5,4,4,4,1,0.43,0,1
9674,30,Male,Sales,Manager,2,12441,6,8,Yes,35,0,3,1,2,4,0.12,1,0
9675,36,Female,HR,Sales Executive,3,9941,13,9,Yes,9,1,3,4,4,2,0.03,1,1
9676,27,Female,Sales,Engineer,2,13316,6,8,No,31,6,2,4,4,1,0.85,0,0
9677,41,Male,HR,Analyst,3,4364,5,1,No,30,8,3,4,4,2,0.94,0,0
9678,23,Male,R&D,Technician,3,13936,11,6,Yes,37,6,3,3,3,2,0.73,0,1
9679,30,Male,R&D,Consultant,1,7363,1,6,No,12,9,2,4,3,2,0.66,0,0
9680,27,Female,Sales,Analyst,3,3117,0,3,No,17,7,3,3,2,1,0.25,0,0
9681,28,Female,R&D,Consultant,4,9447,17,4,Yes,27,7,1,3,3,4,0.73,1,1
9682,45,Female,IT,Sales Executive,4,13355,4,5,No,21,9,4,4,3,4,0.15,0,1
9683,21,Male,HR,HR Specialist,4,2812,6,6,No,27,2,4,1,3,4,0.82,0,1
9684,35,Male,Finance,Technician,2,2037,14,1,Yes,14,5,3,2,4,1,0.44,1,1
9685,50,Male,Finance,Analyst,1,4460,5,9,No,13,1,3,4,4,1,0.87,0,0
9686,25,Male,R&D,Technician,2,6338,1,1,Yes,3,8,2,4,3,2,0.34,1,1
9687,40,Female,HR,Engineer,5,7483,16,1,Yes,24,6,3,1,2,3,0.01,0,1
9688,45,Male,IT,Sales Executive,4,5719,12,4,No,32,2,2,3,1,1,0.81,1,1
9689,38,Male,Finance,Analyst,1,9231,12,5,Yes,37,5,3,4,4,1,0.88,0,0
9690,47,Female,IT,HR Specialist,4,11046,13,5,No,8,9,4,1,3,1,0.02,0,0
9691,27,Female,IT,Technician,1,14138,7,2,Yes,35,0,2,3,1,3,0.26,1,1
9692,33,Male,Finance,HR Specialist,2,12440,14,3,Yes,23,6,4,1,4,2,0.32,0,0
9693,43,Male,Finance,Technician,2,4354,10,6,No,16,8,3,4,3,4,0.6,1,1
9694,56,Male,R&D,Analyst,4,6042,12,6,No,36,4,2,2,1,3,0.24,0,1
9695,45,Male,HR,Sales Executive,3,11989,19,5,No,9,8,3,2,2,4,0.93,0,1
9696,50,Male,Sales,Manager,1,2174,0,0,No,39,7,4,4,4,4,0.96,0,1
9697,51,Male,HR,Analyst,5,11904,1,9,Yes,18,7,3,2,4,3,0.59,0,1
9698,21,Female,Sales,HR Specialist,3,13211,10,5,Yes,31,5,4,4,2,4,0.99,0,0
9699,44,Female,Finance,Manager,2,13255,13,0,No,38,2,3,2,4,3,0.17,1,0
9700,21,Female,IT,Sales Executive,1,8740,4,4,Yes,37,3,1,3,4,2,0.12,1,0
9701,20,Female,HR,HR Specialist,3,2671,6,5,No,34,0,3,3,4,1,0.41,1,0
9702,55,Male,IT,Sales Executive,5,2693,15,6,No,6,5,3,3,2,1,0.8,1,1
9703,31,Male,HR,Technician,3,10739,10,7,Yes,36,6,2,1,2,1,0.59,0,1
9704,28,Male,Marketing,Analyst,5,7976,14,8,Yes,14,9,2,1,1,4,0.63,0,1
9705,55,Male,HR,Sales Executive,2,3122,3,5,No,24,8,3,2,3,4,0.96,1,0
9706,47,Female,IT,HR Specialist,1,5297,9,6,Yes,33,4,2,4,2,2,0.6,0,1
9707,57,Male,Marketing,Analyst,2,5986,0,3,No,19,1,3,4,4,3,0.43,0,0
9708,52,Male,R&D,Consultant,1,4596,6,9,No,29,6,3,3,3,2,0.78,0,0
9709,41,Male,Finance,HR Specialist,3,6368,11,6,No,6,6,3,4,1,2,0.76,1,0
9710,44,Male,R&D,HR Specialist,2,5023,10,9,No,3,4,3,2,2,3,0.95,1,0
9711,37,Female,R&D,Consultant,1,10975,10,0,Yes,18,1,4,2,4,4,0.61,1,0
9712,25,Male,HR,Consultant,5,11401,16,2,Yes,21,6,3,1,4,2,0.01,1,0
9713,37,Female,Finance,Manager,1,11131,0,0,Yes,29,0,2,3,4,4,0.33,0,0
9714,35,Male,Marketing,Engineer,2,14739,14,7,No,36,5,3,3,4,3,0.42,1,0
9715,34,Male,HR,Sales Executive,2,3528,19,2,No,31,5,3,4,4,2,0.73,0,0
9716,27,Male,Sales,Sales Executive,3,2093,17,6,No,8,5,3,4,2,4,0.59,0,0
9717,32,Female,HR,Manager,5,11522,3,1,No,32,2,3,2,4,2,0.64,0,0
9718,26,Male,Marketing,Technician,1,11953,18,4,Yes,16,2,3,4,2,4,0.26,0,1
9719,36,Male,IT,Sales Executive,2,8660,4,2,No,22,0,1,1,1,2,0.83,0,0
9720,51,Male,HR,Consultant,1,7049,13,9,No,2,3,1,4,3,3,0.32,1,0
9721,41,Female,Sales,Manager,4,4221,12,2,No,15,6,3,1,2,2,0.72,0,1
9722,32,Female,HR,Sales Executive,5,4742,18,4,Yes,17,0,4,1,2,1,0.26,0,1
9723,42,Male,Marketing,Sales Executive,5,3096,18,7,No,13,9,3,1,3,1,0.63,0,0
9724,48,Female,Sales,HR Specialist,4,10191,15,1,Yes,35,9,3,3,3,4,0.51,1,0
9725,41,Male,Finance,Manager,5,7003,18,3,No,25,1,4,1,4,4,0.13,0,1
9726,20,Male,Marketing,Consultant,4,4103,0,3,Yes,10,9,4,1,2,3,0.3,0,1
9727,48,Female,HR,Technician,1,4742,9,4,No,11,1,2,2,2,3,0.54,0,0
9728,24,Male,Sales,Sales Executive,4,6729,1,5,Yes,33,4,2,4,1,4,0.44,0,1
9729,54,Male,Marketing,Technician,3,12483,14,8,Yes,14,7,3,2,2,2,0.4,0,0
9730,29,Female,Finance,Engineer,4,6299,18,4,Yes,34,4,3,4,1,4,0.72,0,0
9731,38,Female,IT,Manager,1,5662,3,9,No,22,0,3,2,1,1,0.72,0,0
9732,56,Female,R&D,Manager,5,10207,3,7,Yes,4,0,4,2,3,1,0.99,0,1
9733,26,Female,Sales,Manager,3,2125,11,4,Yes,26,4,3,4,4,1,0.12,1,1
9734,54,Male,IT,Consultant,4,7997,18,2,Yes,1,1,2,4,4,4,0.25,0,1
9735,32,Male,Finance,Consultant,1,13614,8,5,Yes,10,2,3,1,4,2,0.29,0,0
9736,29,Male,IT,HR Specialist,3,7674,15,3,Yes,36,1,4,2,4,1,0.31,0,1
9737,21,Male,HR,Manager,3,6174,14,4,Yes,2,8,1,3,4,4,0.33,0,0
9738,25,Male,R&D,HR Specialist,3,13764,8,7,Yes,29,4,4,1,1,4,0.57,0,1
9739,27,Male,Sales,Consultant,4,10980,18,3,Yes,25,0,4,1,1,4,0.05,1,0
9740,55,Male,Marketing,Engineer,1,7498,17,6,No,23,2,3,1,2,1,0.47,0,0
9741,44,Male,Finance,Analyst,1,8407,6,2,Yes,30,7,2,4,2,1,0.71,0,1
9742,59,Female,R&D,HR Specialist,1,4352,15,3,Yes,25,3,2,2,1,1,0.73,0,1
9743,26,Male,Finance,Sales Executive,2,11703,14,7,Yes,13,7,1,3,1,2,0.55,0,1
9744,42,Male,IT,Manager,5,8883,10,7,Yes,34,0,3,4,1,2,0.92,1,1
9745,38,Male,Finance,Analyst,1,6220,5,8,Yes,35,7,2,1,4,3,0.19,0,1
9746,41,Male,Finance,HR Specialist,2,14905,2,3,No,15,9,4,3,1,2,0.99,0,0
9747,32,Male,IT,Technician,2,6837,13,9,No,39,8,3,3,4,2,0.17,0,0
9748,40,Female,IT,Consultant,3,13909,5,3,Yes,20,6,4,3,1,1,0.34,0,0
9749,20,Female,R&D,Technician,5,10272,16,4,No,22,2,4,2,1,3,0.05,1,1
9750,38,Female,Sales,Sales Executive,3,9015,18,4,No,25,1,4,3,1,2,0.96,0,0
9751,52,Male,IT,Analyst,5,11836,17,2,No,14,0,3,3,4,3,0.58,0,0
9752,23,Male,R&D,Engineer,3,2174,19,0,No,19,9,3,2,1,4,0.68,0,0
9753,22,Male,Finance,HR Specialist,4,10867,15,9,Yes,22,9,4,2,4,2,0.96,0,1
9754,46,Male,Finance,Technician,5,10539,2,0,No,23,6,3,1,3,2,0.76,0,1
9755,54,Female,Marketing,Technician,2,12104,5,7,No,1,0,3,3,2,2,0.98,0,0
9756,47,Female,HR,HR Specialist,2,11582,16,3,Yes,39,5,4,1,3,1,0.53,1,0
9757,25,Male,IT,Technician,5,3558,19,9,Yes,30,0,2,1,2,2,0.72,0,1
9758,25,Male,R&D,Engineer,3,3438,4,1,Yes,5,9,4,3,3,1,0.16,0,0
9759,42,Female,Marketing,Technician,4,4925,15,5,Yes,30,3,2,2,2,2,0.04,0,1
9760,52,Female,R&D,HR Specialist,4,8986,16,8,No,7,4,3,4,4,3,0.45,1,0
9761,35,Female,Sales,Manager,1,6819,15,4,No,13,0,3,4,1,1,0.09,0,1
9762,43,Female,Marketing,Technician,5,7371,8,2,No,31,7,3,1,1,2,0.5,1,1
9763,24,Female,R&D,HR Specialist,4,6703,6,3,No,7,6,3,2,2,4,0.35,0,0
9764,32,Female,IT,Manager,3,13984,4,1,No,29,0,3,1,3,2,0.19,1,0
9765,31,Female,R&D,Technician,3,8712,8,6,No,25,4,3,3,4,2,0.98,1,1
9766,24,Male,HR,Technician,2,8377,9,3,Yes,13,3,3,1,1,3,0.94,0,1
9767,56,Male,Finance,HR Specialist,4,2357,0,3,No,15,0,2,4,2,4,0.28,0,1
9768,50,Female,Finance,Sales Executive,4,5397,6,7,Yes,30,3,2,4,4,2,0.43,1,1
9769,47,Male,Marketing,Sales Executive,3,11280,4,9,No,7,3,3,4,1,3,0.67,0,0
9770,47,Female,R&D,Analyst,2,2292,5,4,Yes,5,5,2,4,1,4,0.53,1,0
9771,49,Male,R&D,Sales Executive,4,7443,5,2,Yes,14,3,4,1,4,2,0.91,0,0
9772,37,Female,R&D,Engineer,3,11182,14,5,Yes,30,4,4,1,1,3,0.99,0,0
9773,46,Male,R&D,Analyst,2,13594,7,7,No,23,9,3,4,2,1,0.06,0,0
9774,54,Female,HR,Sales Executive,2,4576,0,9,No,16,2,3,2,4,3,0.45,0,1
9775,45,Male,IT,Manager,3,8278,9,0,No,24,6,3,4,4,2,0.38,0,0
9776,58,Male,HR,Consultant,2,2819,2,8,No,21,2,2,4,1,1,0.05,0,0
9777,37,Female,HR,HR Specialist,2,13682,15,3,No,30,4,3,3,2,2,0.91,0,0
9778,52,Female,HR,Sales Executive,1,6225,0,4,Yes,12,1,4,2,1,3,0.16,1,1
9779,44,Female,Finance,Manager,2,5620,15,9,No,30,9,2,3,1,1,0.04,0,1
9780,50,Male,HR,Consultant,4,9929,13,2,Yes,38,9,3,4,3,2,0.1,0,1
9781,56,Male,R&D,Analyst,2,8712,4,8,Yes,22,7,4,3,3,4,0.44,1,1
9782,21,Male,HR,HR Specialist,4,13620,15,5,No,2,3,4,1,2,3,0.41,1,1
9783,52,Male,R&D,Sales Executive,3,12699,10,0,No,23,0,3,2,3,3,0.9,0,0
9784,58,Female,Marketing,Analyst,2,6688,17,8,Yes,23,1,1,4,4,4,0.02,0,0
9785,51,Female,IT,Sales Executive,3,13181,6,4,No,22,6,2,4,4,3,0.92,1,0
9786,37,Male,Finance,Analyst,5,3924,7,2,Yes,30,6,3,2,2,1,0.4,0,0
9787,36,Female,IT,Sales Executive,2,7751,16,3,Yes,27,1,1,3,4,4,0.22,1,0
9788,53,Female,Marketing,Consultant,3,14901,13,4,No,34,7,3,1,1,2,0.98,0,1
9789,58,Female,IT,Manager,5,7614,16,0,Yes,11,0,3,1,1,2,0.91,1,1
9790,26,Female,Finance,Engineer,4,6634,11,9,No,29,3,2,3,3,4,0.63,1,1
9791,54,Male,R&D,Consultant,4,6356,17,2,No,37,7,1,1,4,2,0.09,0,0
9792,49,Female,Marketing,Manager,4,5644,0,6,Yes,6,4,3,2,4,1,0.77,1,1
9793,31,Female,Marketing,HR Specialist,4,5207,6,8,No,16,7,2,1,3,2,0.08,1,0
9794,54,Female,R&D,Sales Executive,4,4656,5,5,Yes,20,7,3,3,2,2,0.26,0,0
9795,30,Male,R&D,Engineer,1,11876,14,3,No,10,8,3,3,2,2,0.6,1,0
9796,23,Female,Finance,Consultant,3,3250,17,3,Yes,38,0,3,4,3,4,0.03,1,0
9797,44,Male,HR,Engineer,5,12004,10,8,No,37,0,3,2,3,3,0.3,1,1
9798,51,Male,Sales,HR Specialist,5,12034,16,0,No,10,8,4,1,3,2,0.36,0,0
9799,39,Female,HR,HR Specialist,2,2227,0,5,Yes,25,6,4,4,4,4,0.05,0,0
9800,50,Female,HR,Engineer,3,5898,1,3,No,22,8,4,4,2,3,0.57,0,1
9801,23,Male,IT,HR Specialist,1,12497,6,2,No,32,1,2,4,1,4,0.68,0,1
9802,57,Male,Sales,HR Specialist,1,4873,9,0,Yes,17,7,4,3,3,3,0.09,0,0
9803,20,Male,R&D,Sales Executive,3,13483,13,4,No,26,0,3,2,1,4,0.38,0,0
9804,22,Male,HR,Manager,4,11451,11,3,No,16,3,4,2,1,3,0.32,0,1
9805,56,Female,Finance,Technician,4,7139,16,9,Yes,10,7,4,3,3,4,0.49,0,1
9806,41,Male,HR,Analyst,3,8567,13,3,No,17,3,4,2,1,3,0.93,0,0
9807,36,Female,R&D,Engineer,5,8556,18,7,No,2,2,3,4,1,2,0.49,1,1
9808,33,Female,HR,Analyst,4,5460,9,1,No,2,6,2,2,2,2,0.0,0,0
9809,54,Male,Marketing,Engineer,2,12584,11,9,No,29,4,4,1,3,3,0.04,1,1
9810,32,Female,IT,Engineer,1,12889,6,9,No,4,0,3,3,2,2,0.34,1,1
9811,54,Male,IT,Manager,4,4514,7,3,No,30,3,4,4,1,3,0.1,0,0
9812,21,Male,HR,Consultant,5,6284,12,0,No,12,3,4,4,1,1,0.3,0,0
9813,32,Male,IT,Consultant,4,13631,5,1,Yes,34,0,4,3,4,2,0.64,0,1
9814,35,Female,Finance,Engineer,4,7504,7,9,No,14,9,1,1,4,3,0.26,0,0
9815,37,Female,Sales,Engineer,1,8062,4,9,Yes,24,4,3,4,1,1,0.11,1,0
9816,26,Male,HR,Manager,2,5169,8,2,Yes,24,1,2,4,3,2,0.7,0,0
9817,55,Female,Finance,HR Specialist,2,8413,10,0,No,18,7,4,2,1,4,0.92,0,0
9818,49,Female,Marketing,Consultant,5,2664,12,1,Yes,25,8,3,3,2,2,0.91,0,1
9819,26,Female,Finance,Technician,3,7337,0,6,Yes,25,1,3,3,3,4,0.65,0,0
9820,34,Female,Finance,Analyst,3,14308,6,9,Yes,25,9,4,3,2,4,0.19,0,1
9821,59,Female,Marketing,Engineer,3,3183,5,9,No,28,9,2,3,4,1,0.87,0,1
9822,38,Male,R&D,Manager,5,14716,7,5,Yes,30,3,2,4,3,2,0.76,1,1
9823,56,Female,HR,Engineer,4,8739,1,1,Yes,25,1,3,2,3,4,0.84,0,0
9824,21,Female,HR,Consultant,2,4632,16,0,No,24,4,2,1,2,1,0.15,1,0
9825,32,Male,HR,Manager,2,5065,16,9,Yes,39,6,2,1,3,2,0.48,0,1
9826,59,Female,Sales,Analyst,4,3889,17,8,Yes,13,4,3,1,2,1,0.53,1,0
9827,50,Female,Finance,Sales Executive,2,13310,6,0,Yes,2,4,3,2,2,4,0.78,0,0
9828,35,Female,HR,Consultant,2,14510,14,9,Yes,34,1,4,2,1,4,0.33,0,1
9829,25,Male,IT,HR Specialist,3,2959,12,4,Yes,16,2,3,4,1,2,0.35,1,0
9830,47,Female,R&D,Sales Executive,3,10349,19,8,No,24,5,2,4,1,3,0.89,1,1
9831,51,Female,Marketing,Manager,1,4007,13,8,No,2,5,4,4,4,2,0.74,1,0
9832,29,Male,Marketing,Engineer,1,2721,14,5,No,29,0,2,4,2,4,0.64,0,0
9833,37,Male,Sales,HR Specialist,2,9700,2,2,No,39,0,2,3,3,1,0.12,0,0
9834,23,Female,Marketing,Consultant,3,9518,5,1,Yes,39,9,3,2,4,4,0.07,1,0
9835,28,Male,R&D,Analyst,1,3254,8,2,No,17,8,2,1,4,1,0.65,1,0
9836,26,Male,Finance,Consultant,1,4345,13,0,No,23,1,1,1,1,3,0.51,1,0
9837,27,Male,Marketing,Technician,3,6540,15,2,No,12,1,3,2,3,1,0.98,0,1
9838,26,Female,Marketing,HR Specialist,1,2104,16,1,No,13,8,1,3,3,3,0.85,0,1
9839,59,Female,IT,Engineer,4,3661,11,7,Yes,5,4,1,1,4,1,0.57,1,1
9840,22,Male,Finance,Sales Executive,4,7418,3,9,No,15,5,3,2,2,2,0.12,0,0
9841,36,Male,HR,Manager,3,3091,4,6,No,2,2,3,4,4,2,0.1,0,1
9842,21,Male,R&D,Sales Executive,3,10729,10,0,No,6,6,4,1,3,4,0.46,0,0
9843,34,Male,Marketing,Consultant,1,12912,10,0,Yes,36,1,2,4,2,4,0.15,0,0
9844,48,Female,IT,HR Specialist,2,7739,7,4,No,23,4,3,3,2,4,0.69,0,1
9845,41,Male,R&D,Technician,5,8960,17,3,Yes,13,3,2,1,2,4,0.05,0,1
9846,23,Female,Sales,Engineer,4,11256,5,7,No,2,7,3,1,2,1,0.99,0,1
9847,25,Male,IT,Manager,4,3571,6,7,No,5,1,3,2,2,3,0.95,0,1
9848,57,Female,Sales,Engineer,3,5015,5,2,Yes,16,0,3,1,2,1,0.6,0,1
9849,45,Female,Marketing,Engineer,2,9006,13,4,Yes,39,1,3,1,3,2,0.2,0,1
9850,30,Male,IT,Technician,3,5446,19,6,No,35,1,2,2,1,4,0.28,1,0
9851,45,Female,HR,HR Specialist,1,3429,5,7,No,34,7,1,1,4,1,0.29,0,0
9852,36,Female,R&D,Sales Executive,2,2241,3,2,No,19,0,2,2,1,2,0.19,1,0
9853,43,Female,R&D,Engineer,1,9086,12,7,Yes,26,0,4,3,1,4,0.11,0,0
9854,47,Male,Finance,Consultant,4,11554,16,9,Yes,17,9,3,4,4,2,0.66,0,0
9855,54,Female,IT,Consultant,3,4067,11,8,Yes,35,0,4,3,3,2,0.75,0,0
9856,50,Female,IT,Engineer,3,12070,8,2,Yes,12,2,3,3,3,4,0.24,0,1
9857,32,Male,Sales,Engineer,5,9831,19,1,Yes,35,4,4,3,2,1,0.76,0,1
9858,54,Male,IT,Manager,2,9338,2,1,Yes,37,7,3,3,1,4,0.16,0,0
9859,35,Female,R&D,Engineer,4,13080,10,4,No,6,7,2,2,3,1,0.23,0,0
9860,34,Female,IT,Consultant,5,8887,4,9,No,10,9,3,2,4,2,0.78,0,0
9861,37,Male,Finance,Engineer,5,7135,2,0,No,23,4,3,1,2,2,0.98,0,1
9862,56,Male,Finance,HR Specialist,3,9450,16,5,Yes,19,4,2,1,1,1,0.78,1,1
9863,46,Female,R&D,Consultant,2,2300,8,6,No,8,6,1,3,2,1,0.2,0,1
9864,54,Female,R&D,Engineer,3,14452,5,4,No,9,0,3,3,1,3,0.3,1,0
9865,54,Male,R&D,Technician,2,4828,17,7,Yes,3,0,3,1,4,1,0.64,0,0
9866,47,Male,IT,Technician,5,13954,5,5,No,33,0,3,3,1,3,0.95,0,0
9867,58,Female,IT,Consultant,1,7377,5,0,Yes,2,7,3,2,4,4,0.99,1,0
9868,57,Female,HR,Engineer,4,7707,9,8,Yes,34,7,3,2,1,3,0.59,0,1
9869,28,Male,Marketing,Technician,5,13880,10,4,No,35,3,1,3,3,1,0.44,0,0
9870,31,Female,Marketing,HR Specialist,3,4400,13,4,No,18,4,1,2,2,2,0.24,0,0
9871,34,Female,Sales,Manager,4,5158,11,0,No,27,6,3,1,4,1,0.08,0,1
9872,40,Female,IT,Technician,5,9994,19,4,No,27,5,3,2,2,3,0.31,0,1
9873,54,Female,HR,Consultant,2,3020,17,2,Yes,38,1,3,3,4,3,0.56,0,0
9874,52,Male,HR,Technician,3,3549,14,9,Yes,39,6,3,2,3,3,0.64,0,1
9875,38,Male,Finance,Sales Executive,5,13110,9,2,Yes,17,1,4,3,1,2,0.33,1,1
9876,42,Female,IT,HR Specialist,2,9965,0,9,No,9,3,3,3,1,1,0.96,0,1
9877,32,Female,HR,Technician,2,8902,14,7,No,32,3,2,2,1,1,0.09,0,0
9878,20,Female,Finance,Manager,2,2877,1,8,Yes,23,4,3,3,2,2,0.71,0,0
9879,48,Female,Sales,Sales Executive,4,9009,19,5,Yes,14,0,3,4,2,2,0.38,0,0
9880,43,Male,Finance,Consultant,3,5080,1,2,No,11,2,2,2,2,2,0.78,0,0
9881,35,Female,Sales,Consultant,2,5534,3,7,No,4,7,4,4,4,2,0.83,0,0
9882,44,Female,Marketing,Engineer,5,13799,13,2,No,38,5,4,1,1,4,0.73,0,1
9883,42,Male,Marketing,HR Specialist,2,9791,18,6,No,16,2,3,3,1,1,0.57,1,0
9884,47,Male,R&D,Technician,3,11512,13,1,Yes,36,1,3,4,1,2,0.08,0,0
9885,35,Female,R&D,Engineer,4,7336,12,5,Yes,25,5,4,3,2,4,0.14,0,0
9886,57,Male,Finance,HR Specialist,2,5103,0,7,Yes,5,2,3,3,4,1,0.6,0,1
9887,30,Male,R&D,Consultant,5,14718,9,2,No,10,6,3,1,4,2,0.96,0,0
9888,22,Female,IT,Sales Executive,3,4836,13,8,Yes,5,6,2,2,1,2,0.53,1,0
9889,34,Female,Finance,Technician,2,8313,16,8,Yes,18,1,2,2,1,4,0.9,0,0
9890,20,Male,HR,Consultant,4,4117,15,2,No,23,3,4,1,3,2,0.93,0,0
9891,26,Female,IT,Manager,1,11326,14,2,No,38,2,1,3,2,1,0.12,1,0
9892,20,Male,Finance,HR Specialist,5,13352,10,4,No,14,7,3,1,4,4,0.46,0,0
9893,51,Male,Marketing,Consultant,2,14289,11,8,No,23,7,2,2,2,3,0.75,0,0
9894,28,Male,Sales,Consultant,2,13319,0,0,No,35,3,3,3,2,2,0.41,0,0
9895,48,Female,R&D,Manager,1,4717,2,0,Yes,33,3,3,2,2,1,0.29,1,1
9896,45,Female,R&D,Engineer,3,10126,10,0,No,38,5,2,1,3,4,0.91,0,0
9897,42,Male,R&D,Consultant,1,8414,10,3,Yes,1,5,4,4,4,1,0.6,1,0
9898,48,Male,Finance,Engineer,3,9441,4,6,Yes,6,5,4,4,3,3,0.63,0,0
9899,57,Female,IT,Sales Executive,2,12783,14,1,No,21,1,2,1,4,3,0.7,1,1
9900,52,Male,Sales,Sales Executive,1,10381,19,2,No,27,7,4,3,3,2,0.97,1,0
9901,26,Male,R&D,Analyst,2,12961,15,3,No,5,6,4,4,3,3,0.62,0,1
9902,31,Female,IT,Analyst,1,13746,2,0,Yes,27,1,3,4,4,4,0.02,0,1
9903,50,Female,HR,Sales Executive,2,5379,7,1,Yes,6,7,3,1,1,3,0.97,0,0
9904,51,Female,Marketing,Technician,2,14309,15,1,No,25,0,2,1,1,4,0.23,0,0
9905,39,Female,HR,Engineer,2,13749,15,5,Yes,5,9,3,4,3,2,0.96,1,0
9906,36,Male,Sales,Manager,4,3569,3,3,No,15,6,3,4,1,1,0.4,0,0
9907,55,Female,R&D,Consultant,1,5925,14,6,No,38,5,3,3,2,1,0.86,0,0
9908,22,Female,HR,Consultant,4,3487,18,7,Yes,17,8,3,1,1,3,0.4,1,0
9909,20,Male,Marketing,Sales Executive,2,10759,14,1,No,17,2,2,3,1,4,0.63,0,1
9910,46,Male,IT,Technician,5,5823,12,1,Yes,33,8,3,1,4,3,0.4,1,0
9911,59,Male,IT,Manager,3,5504,9,4,No,18,4,3,1,4,3,0.74,0,0
9912,52,Female,HR,Analyst,1,4622,1,3,No,36,4,4,1,1,2,0.81,1,1
9913,39,Male,R&D,Manager,1,7519,5,9,Yes,3,5,3,1,1,4,0.85,0,1
9914,33,Female,Marketing,Sales Executive,3,8735,16,1,No,25,2,3,2,4,1,0.22,1,1
9915,55,Male,Sales,Engineer,4,2913,7,8,No,35,3,3,3,3,1,0.83,0,0
9916,24,Female,R&D,Sales Executive,3,7229,15,8,No,20,9,4,1,4,1,0.4,1,1
9917,42,Male,Finance,Consultant,5,10239,12,9,Yes,36,5,3,3,1,2,0.61,1,0
9918,34,Female,HR,Consultant,2,10935,11,3,No,31,4,4,4,1,3,0.06,0,0
9919,25,Female,Finance,HR Specialist,3,7201,15,1,Yes,21,9,4,3,2,1,0.6,0,1
9920,52,Male,HR,Technician,3,12925,6,2,No,37,7,1,2,4,3,0.82,0,0
9921,38,Male,Sales,Technician,2,12864,9,7,No,34,6,4,1,3,2,0.28,0,0
9922,32,Female,R&D,Technician,1,7397,5,7,Yes,38,0,3,1,2,3,0.46,1,1
9923,48,Male,Marketing,HR Specialist,5,14668,4,6,Yes,37,5,3,2,1,2,0.82,0,1
9924,25,Female,R&D,HR Specialist,3,14597,17,3,Yes,1,4,4,1,1,3,0.3,0,1
9925,34,Female,HR,Engineer,3,8695,15,0,No,31,9,3,2,2,2,0.92,0,1
9926,35,Female,IT,Technician,1,2541,2,9,No,23,8,2,4,2,3,0.15,1,0
9927,43,Male,Finance,Sales Executive,5,6862,2,8,No,38,2,3,4,4,1,0.48,0,1
9928,42,Female,Marketing,HR Specialist,2,11398,4,6,No,11,3,2,1,1,1,0.63,0,0
9929,29,Female,Marketing,Sales Executive,2,10375,1,0,Yes,39,3,4,2,2,2,0.47,0,0
9930,36,Female,R&D,Analyst,4,9721,0,4,Yes,20,3,2,2,4,3,0.41,0,1
9931,49,Female,R&D,Technician,5,14201,3,2,No,37,8,3,4,1,2,0.64,0,0
9932,29,Male,HR,HR Specialist,5,12173,9,1,Yes,7,7,4,3,1,1,0.89,0,1
9933,38,Male,IT,HR Specialist,3,10180,12,2,Yes,35,8,4,2,4,3,0.66,0,0
9934,48,Female,Finance,Engineer,4,8609,2,5,No,2,3,2,1,4,2,0.62,0,0
9935,21,Male,IT,Sales Executive,2,6734,10,6,Yes,33,2,1,1,3,1,0.75,1,0
9936,55,Male,Marketing,Engineer,5,6689,2,9,Yes,24,4,3,1,2,1,0.4,0,1
9937,38,Female,IT,Engineer,5,11448,9,8,Yes,39,1,4,2,3,4,0.02,0,1
9938,26,Male,HR,Sales Executive,1,12943,8,9,No,10,4,3,4,1,4,0.94,1,1
9939,45,Male,IT,Analyst,2,6096,9,6,Yes,9,1,2,1,3,1,0.31,0,1
9940,34,Male,Finance,Sales Executive,1,13768,12,0,No,33,9,2,2,4,4,0.77,0,1
9941,57,Male,Marketing,Analyst,4,9151,17,6,No,21,1,3,2,4,2,0.59,0,0
9942,22,Male,Sales,Engineer,5,6814,17,0,No,14,6,2,2,3,4,0.69,1,1
9943,57,Male,Marketing,Analyst,4,5780,16,7,Yes,23,9,3,1,1,3,0.82,1,1
9944,35,Female,Sales,Technician,1,10474,16,1,Yes,12,3,3,2,1,2,0.49,0,1
9945,21,Male,Finance,Analyst,2,5600,4,1,Yes,22,5,2,4,3,4,0.03,1,0
9946,50,Female,Marketing,Analyst,5,8974,8,0,Yes,28,8,3,1,3,4,0.96,1,1
9947,47,Female,Marketing,HR Specialist,2,11401,11,8,Yes,27,9,3,1,2,3,0.8,0,1
9948,26,Female,Marketing,HR Specialist,4,8265,11,7,Yes,10,2,2,4,3,2,0.64,0,1
9949,49,Male,Marketing,Consultant,3,2440,18,8,Yes,18,0,3,3,2,2,0.89,1,1
9950,26,Male,HR,Engineer,2,5807,6,7,Yes,24,2,3,4,4,2,0.92,0,0
9951,55,Female,R&D,Sales Executive,2,14926,19,3,Yes,3,2,4,4,4,3,0.88,0,0
9952,48,Female,Marketing,Analyst,2,2473,11,8,Yes,4,2,3,2,3,4,0.14,1,1
9953,43,Female,HR,Technician,5,9289,8,7,Yes,30,3,4,1,4,2,0.73,0,1
9954,58,Male,Finance,HR Specialist,4,3857,7,0,No,21,2,3,1,2,3,0.32,0,1
9955,23,Male,Marketing,Sales Executive,4,4779,18,9,Yes,22,4,3,2,3,3,0.04,1,1
9956,48,Male,IT,Technician,5,7036,2,4,Yes,28,7,2,2,1,1,0.28,0,1
9957,24,Female,Marketing,Analyst,2,14947,10,8,No,9,2,4,3,4,3,0.65,0,1
9958,48,Male,Marketing,Sales Executive,2,14579,11,7,No,16,9,3,1,1,1,0.91,0,0
9959,49,Male,Sales,Consultant,3,6342,16,0,Yes,37,5,3,4,3,1,0.69,0,0
9960,48,Female,IT,Technician,2,12133,6,5,Yes,5,0,4,4,4,1,0.58,1,1
9961,45,Male,Marketing,Manager,1,14475,2,5,No,14,3,4,3,3,4,0.33,0,0
9962,38,Female,Marketing,Technician,2,11738,6,1,Yes,14,0,3,2,3,2,0.22,0,0
9963,45,Male,Marketing,Technician,3,13547,6,1,No,16,1,4,4,1,4,0.55,1,0
9964,56,Female,HR,Analyst,1,10748,13,0,No,39,2,3,4,3,4,0.48,0,1
9965,46,Male,Finance,Sales Executive,3,7243,1,5,No,4,4,1,4,1,3,0.69,0,0
9966,49,Female,Sales,Analyst,3,9033,15,8,No,37,8,3,4,4,4,0.54,0,0
9967,49,Male,Marketing,Analyst,4,6342,9,7,Yes,14,8,3,2,3,1,0.42,1,0
9968,22,Female,Finance,Manager,5,13669,13,4,No,23,2,3,1,3,4,0.85,0,1
9969,26,Female,Sales,Consultant,3,7054,6,7,No,9,7,3,3,4,3,0.8,1,0
9970,28,Male,Sales,Technician,2,13422,1,1,Yes,24,1,3,3,4,2,0.81,0,0
9971,32,Male,Sales,Sales Executive,4,5338,9,5,No,11,8,3,3,3,1,0.09,1,1
9972,34,Female,Marketing,Consultant,1,9757,1,1,No,28,3,4,3,4,1,0.15,0,0
9973,24,Male,HR,Engineer,5,12018,12,7,No,19,1,1,2,4,1,0.2,0,0
9974,48,Female,Marketing,HR Specialist,4,12390,1,1,No,19,4,3,2,4,4,0.91,0,1
9975,54,Female,Marketing,Consultant,3,13548,9,4,No,12,6,3,1,1,1,0.36,0,1
9976,46,Male,Finance,Analyst,4,8294,13,6,Yes,34,5,2,2,2,1,0.66,0,1
9977,46,Male,R&D,Analyst,2,14267,16,6,Yes,12,8,2,2,3,2,0.04,1,0
9978,27,Male,R&D,Analyst,2,6219,18,3,No,3,6,3,1,1,1,0.73,1,0
9979,51,Female,R&D,Analyst,2,10186,11,7,Yes,30,5,3,2,3,4,0.76,0,1
9980,39,Female,Finance,HR Specialist,5,14003,16,6,Yes,35,7,2,1,1,1,0.75,1,1
9981,29,Male,IT,Engineer,4,8415,5,9,No,15,6,1,2,1,1,0.04,0,0
9982,32,Female,Finance,Manager,4,3894,3,4,No,22,6,3,2,2,4,0.1,0,0
9983,48,Female,Sales,Engineer,3,7459,1,3,No,9,7,4,3,4,1,0.74,1,0
9984,54,Male,Marketing,HR Specialist,1,11944,14,1,No,28,5,3,1,3,2,0.63,0,0
9985,27,Female,IT,Sales Executive,2,14946,15,1,No,29,9,2,4,3,3,0.36,0,0
9986,48,Female,Sales,Manager,1,5801,11,3,No,39,4,4,4,4,2,0.55,0,0
9987,50,Female,Marketing,Manager,1,4655,6,7,Yes,39,3,3,3,1,2,0.0,0,1
9988,49,Male,Marketing,Sales Executive,2,5518,12,5,Yes,39,7,3,3,4,2,0.43,1,0
9989,41,Male,Sales,Technician,2,7681,0,8,Yes,17,8,4,3,3,1,0.17,0,0
9990,40,Female,Finance,Analyst,3,7076,18,1,No,4,8,3,4,2,3,0.97,1,0
9991,31,Male,R&D,HR Specialist,5,11672,12,6,No,4,3,3,3,3,1,0.32,0,0
9992,30,Female,IT,Sales Executive,2,12770,0,0,No,7,8,1,3,1,4,0.8,0,0
9993,21,Male,Marketing,Engineer,1,11745,1,1,No,2,1,3,1,1,1,0.13,1,0
9994,21,Female,HR,Engineer,3,2645,0,8,No,37,6,3,3,4,2,0.18,0,0
9995,53,Female,Marketing,Technician,4,12018,11,7,Yes,10,3,2,1,1,1,0.7,1,1
9996,22,Female,R&D,Sales Executive,3,11741,9,8,Yes,18,3,1,3,3,2,0.77,0,0
9997,35,Female,Marketing,HR Specialist,2,3698,1,6,No,28,7,3,2,1,3,0.9,1,0
9998,23,Male,HR,Technician,2,9937,0,9,Yes,35,2,4,2,4,3,0.69,0,1
9999,42,Female,Finance,Technician,5,5570,4,8,Yes,35,4,4,2,1,4,0.71,1,1
10000,39,Female,Marketing,Technician,3,14805,1,3,Yes,30,4,2,2,3,3,0.23,1,0
